customer_id,customer_code,first_name,last_name,age,city,state,occupation,annual_income,segment,customer_join_date,tenure_years,product_count,credit_score,digital_engagement,complaint_count,satisfaction_score,primary_channel,churn_probability,churned,account_count,total_account_balance,avg_account_balance,active_account_count,transaction_count,total_transaction_amount,avg_transaction_amount,median_transaction_amount,transaction_std,active_transaction_days,transaction_type_bill_payment,transaction_type_cash_withdrawal,transaction_type_deposit,transaction_type_fee,transaction_type_purchase,transaction_type_refund,transaction_type_salary_credit,transaction_type_transfer,loan_count,total_loan_amount,avg_loan_amount,avg_interest_rate,active_loan_count,credit_card_count,total_credit_limit,total_card_balance,avg_utilization_ratio,max_utilization_ratio,interaction_count,avg_resolution_days,complaint_interactions,negative_interactions,positive_interactions,age_group,tenure_group,product_group,credit_score_group,satisfaction_group,engagement_group,complaint_group,estimated_customer_value,value_segment,retention_risk_score,risk_band,retention_priority_score
450,CUST000450,Sara,Patel,24,Pune,Maharashtra,Business Owner,1026518,Affluent,2024-07-11,3,3,726,0.8,0,5,Branch,0.0474,1,4,1328953.3699999999,332238.34249999997,4,20,75149.08,3757.454,1089.33,7913.558803294773,18,3,2,1,0,10,1,2,1,0.0,0.0,0.0,0.0,0.0,2.0,566088.16,341191.07,0.5195000000000001,0.654,7.0,4.428571428571429,1.0,1.0,5.0,18-25,2-3 Years,3 Products,Good,Excellent,Very Low,No Complaints,1336117.2332,Very High Value,20,Low Risk,299.2482615880875
7920,CUST007920,Rahul,Malhotra,36,Mumbai,Maharashtra,Business Owner,975924,Affluent,2012-04-08,4,2,770,0.819,0,4,Internet Banking,0.0474,1,3,1182912.13,394304.0433333333,2,26,90268.9,3471.880769230769,992.5250000000001,8107.687798366645,25,3,3,0,0,8,3,2,7,0.0,0.0,0.0,0.0,0.0,0.0,0.0,0.0,0.0,0.0,6.0,3.0,2.0,2.0,0.0,36-45,4-5 Years,2 Products,Very Good,Good,Very Low,No Complaints,1184717.508,Very High Value,20,Low Risk,267.60574623353426
1358,CUST001358,Raj,Kumar,44,Pune,Maharashtra,Self Employed,1890906,Affluent,2025-03-14,10,1,690,0.91,1,3,Internet Banking,0.0953,1,4,1041513.36,260378.34,3,22,108159.73000000001,4916.351363636364,866.44,10567.947701327055,22,4,1,2,1,6,4,2,2,0.0,0.0,0.0,0.0,0.0,2.0,1040226.8099999999,216576.53,0.2025,0.271,10.0,3.5,2.0,2.0,4.0,36-45,6-10 Years,1 Product,Good,Below Average,Very Low,1 Complaint,1054078.8227000001,Very High Value,30,Medium Risk,360.4534267298076
8040,CUST008040,Aarav,Sharma,39,Chandigarh,Chandigarh,Self Employed,492528,Mass,2011-11-08,1,3,623,0.836,1,2,Call Center,0.2142,1,3,993733.5900000001,331244.53,2,17,57149.94,3361.7611764705885,2625.0,4304.856328583863,17,6,1,0,0,4,0,2,4,1.0,3232254.86,3232254.86,10.53,0.0,0.0,0.0,0.0,0.0,0.0,5.0,3.8,2.0,1.0,2.0,36-45,0-1 Years,3 Products,Fair,Low,Very Low,1 Complaint,1027199.1374,Very High Value,50,High Risk,586.7110877253316
3250,CUST003250,Aarav,Joshi,43,Chennai,Tamil Nadu,Student,1160265,Affluent,2013-04-14,8,1,801,0.768,2,3,ATM,0.1545,1,5,924886.46,184977.292,4,19,50206.1,2642.4263157894734,1408.23,3061.390741435465,18,2,1,2,0,11,1,0,2,0.0,0.0,0.0,0.0,0.0,0.0,0.0,0.0,0.0,0.0,7.0,3.142857142857143,1.0,2.0,1.0,36-45,6-10 Years,1 Product,Excellent,Below Average,Very Low,2-3 Complaints,925890.5819999999,Very High Value,40,Medium Risk,427.02193044101
7286,CUST007286,Kavya,Mehta,27,Mumbai,Maharashtra,Salaried,841199,Affluent,2018-03-23,9,2,703,0.991,1,4,ATM,0.0474,1,4,796501.22,199125.305,4,21,81989.48,3904.2609523809524,1656.39,4911.440604069141,21,4,2,2,0,6,1,3,3,1.0,268588.46,268588.46,10.93,1.0,2.0,1503231.99,510633.63,0.267,0.425,5.0,3.6,1.0,2.0,3.0,26-35,6-10 Years,2 Products,Good,Good,Very Low,1 Complaint,815859.2141,Very High Value,20,Low Risk,190.5144291061961
3119,CUST003119,Riya,Verma,57,Jaipur,Rajasthan,Student,890330,Affluent,2015-08-26,2,4,628,0.889,1,3,Mobile App,0.0474,1,5,774157.54,154831.508,3,20,39079.11,1953.9555,908.22,3373.6068774898927,20,3,5,1,0,7,2,1,1,0.0,0.0,0.0,0.0,0.0,2.0,927377.4099999999,438795.75,0.472,0.475,1.0,1.0,0.0,1.0,0.0,56-65,2-3 Years,4 Products,Fair,Below Average,Very Low,1 Complaint,784212.8963,Very High Value,35,Medium Risk,321.8256201545599
2554,CUST002554,Ishaan,Verma,37,Chandigarh,Chandigarh,Retired,913446,Affluent,2011-10-25,5,1,590,0.175,0,5,Branch,0.168,1,4,699947.7999999999,174986.94999999998,4,29,101282.19,3492.4893103448276,1087.51,7887.832783664767,29,2,0,4,4,9,0,1,9,0.0,0.0,0.0,0.0,0.0,1.0,771052.61,247507.89,0.321,0.321,5.0,3.4,0.0,2.0,3.0,36-45,4-5 Years,1 Product,Fair,Excellent,Very Low,No Complaints,709683.9698999999,Very High Value,35,Medium Risk,294.5666887661683
8230,CUST008230,Siddharth,Sharma,29,Chandigarh,Chandigarh,Salaried,1075875,Affluent,2022-09-15,6,1,850,0.447,0,4,Internet Banking,0.0953,1,3,690922.81,230307.60333333336,2,17,72138.93000000001,4243.466470588236,1268.46,6962.104581328966,17,3,0,1,0,5,2,3,3,0.0,0.0,0.0,0.0,0.0,0.0,0.0,0.0,0.0,0.0,5.0,4.4,1.0,3.0,2.0,26-35,6-10 Years,1 Product,Excellent,Good,Very Low,No Complaints,692365.5886,Very High Value,20,Low Risk,164.70428357316314
6128,CUST006128,Raj,Singh,36,Delhi,Delhi,Student,843420,Affluent,2013-04-20,1,3,788,0.553,0,3,Call Center,0.0832,1,4,677257.5,169314.375,2,10,19698.29,1969.8290000000002,674.8199999999999,3764.0605723058948,10,0,2,2,1,3,0,0,2,1.0,615971.22,615971.22,11.81,1.0,0.0,0.0,0.0,0.0,0.0,4.0,2.5,0.0,0.0,3.0,36-45,0-1 Years,3 Products,Very Good,Below Average,Very Low,No Complaints,683811.178,Very High Value,30,Medium Risk,244.37461994297058
5613,CUST005613,Aditya,Joshi,49,Kolkata,West Bengal,Salaried,1308301,Affluent,2018-07-06,17,3,763,0.385,1,3,Internet Banking,0.0474,1,2,667714.98,333857.49,2,22,93206.64,4236.665454545455,1042.85,7756.229892891156,22,3,3,2,3,6,0,3,2,0.0,0.0,0.0,0.0,0.0,1.0,1237698.37,226498.8,0.183,0.183,2.0,6.0,0.0,0.0,1.0,46-55,10+ Years,3 Products,Very Good,Below Average,Very Low,1 Complaint,681956.0965,Very High Value,30,Medium Risk,243.79305239286288
9857,CUST009857,Manish,Bansal,32,Mumbai,Maharashtra,Self Employed,415264,Mass,2013-08-10,7,1,711,0.271,0,5,Internet Banking,0.2227,1,4,631650.76,157912.69,2,24,95492.54,3978.855833333333,1557.415,9006.64687307967,22,3,3,3,1,5,1,4,4,1.0,2700424.92,2700424.92,12.57,1.0,1.0,1299942.18,163792.71,0.126,0.126,5.0,2.6,1.0,2.0,0.0,26-35,6-10 Years,1 Product,Good,Excellent,Very Low,No Complaints,673564.2818,Very High Value,20,Low Risk,160.77481383126783
5088,CUST005088,Raj,Patel,45,Pune,Maharashtra,Business Owner,980806,Affluent,2014-05-24,2,6,813,0.256,0,4,Call Center,0.0871,1,2,655583.17,327791.585,2,21,99115.15,4719.769047619047,1168.79,13218.38436250433,21,2,3,1,3,8,0,3,1,0.0,0.0,0.0,0.0,0.0,2.0,1025141.04,262453.68,0.247,0.259,7.0,5.0,1.0,1.0,2.0,36-45,2-3 Years,5+ Products,Excellent,Good,Very Low,No Complaints,667816.8834,Very High Value,20,Low Risk,159.57360859869235
3766,CUST003766,Arjun,Bansal,41,Bengaluru,Karnataka,Salaried,457002,Mass,2025-03-15,4,1,698,0.688,0,4,Mobile App,0.1301,1,3,646916.0800000001,215638.69333333336,3,21,88963.35,4236.35,1441.47,6811.659093652589,20,3,3,1,1,7,0,3,3,0.0,0.0,0.0,0.0,0.0,0.0,0.0,0.0,0.0,0.0,1.0,4.0,1.0,0.0,1.0,36-45,4-5 Years,1 Product,Good,Good,Very Low,No Complaints,648695.3470000001,Very High Value,20,Low Risk,155.57721092795438
6458,CUST006458,Kabir,Kapoor,28,Mumbai,Maharashtra,Business Owner,823485,Affluent,2017-02-24,3,4,612,0.59,0,5,ATM,0.0474,1,4,599302.68,149825.67,3,18,35873.29,1992.9605555555556,733.925,2952.2308142038905,18,2,0,1,1,11,1,0,2,1.0,428810.44,428810.44,8.51,1.0,2.0,426988.54000000004,119613.16,0.3065,0.365,5.0,2.2,1.0,0.0,1.0,26-35,2-3 Years,4 Products,Fair,Excellent,Very Low,No Complaints,608578.1356,Very High Value,25,Medium Risk,183.99090119491487
2890,CUST002890,Aarav,Kapoor,39,Ahmedabad,Gujarat,Business Owner,1102270,Affluent,2020-11-19,1,3,708,0.27,0,5,Mobile App,0.148,1,2,585225.26,292612.63,1,18,26800.940000000002,1488.9411111111112,1019.6899999999999,1308.7628084968549,18,6,3,0,0,4,1,2,2,2.0,1106940.24,553470.12,8.08,2.0,0.0,0.0,0.0,0.0,0.0,6.0,4.166666666666667,1.0,1.0,3.0,36-45,0-1 Years,3 Products,Good,Excellent,Very Low,No Complaints,596830.6812,Very High Value,20,Low Risk,144.737505097793
99,CUST000099,Vivaan,Patel,43,Bengaluru,Karnataka,Salaried,1557784,Affluent,2015-04-06,2,2,698,0.879,1,3,Mobile App,0.0474,1,1,582532.65,582532.65,0,26,81497.27,3134.5103846153847,727.4449999999999,6226.581892060832,25,1,1,3,2,11,3,1,4,1.0,229046.23,229046.23,10.95,0.0,0.0,0.0,0.0,0.0,0.0,3.0,4.0,0.0,0.0,2.0,36-45,2-3 Years,2 Products,Good,Below Average,Very Low,1 Complaint,586453.0577,Very High Value,30,Medium Risk,213.8528754773156
4877,CUST004877,Kabir,Malhotra,48,Jaipur,Rajasthan,Student,919933,Affluent,2019-08-10,8,3,654,0.616,1,4,Branch,0.0474,1,2,559553.46,279776.73,1,20,51621.9,2581.0950000000003,1623.005,2602.4087299724542,19,2,1,4,0,8,1,3,1,1.0,172386.96,172386.96,8.97,0.0,1.0,765692.88,313934.08,0.41,0.41,3.0,4.666666666666667,0.0,0.0,3.0,46-55,6-10 Years,3 Products,Fair,Good,Very Low,1 Complaint,569966.6963999999,Very High Value,25,Medium Risk,173.90367137883163
2558,CUST002558,Arjun,Arora,43,Chennai,Tamil Nadu,Self Employed,862990,Affluent,2021-01-23,8,2,718,0.845,1,3,Branch,0.0474,1,5,565985.39,113197.07800000001,5,13,24319.53,1870.7330769230769,1435.14,1487.1769427474806,13,3,1,1,0,4,1,1,2,1.0,328703.04,328703.04,12.21,1.0,0.0,0.0,0.0,0.0,0.0,4.0,3.0,1.0,1.0,3.0,36-45,6-10 Years,2 Products,Good,Below Average,Very Low,1 Complaint,569758.8110000001,Very High Value,30,Medium Risk,208.6192336377453
3405,CUST003405,Arjun,Gupta,28,Ludhiana,Punjab,Retired,885444,Affluent,2022-05-11,7,1,629,0.545,1,3,Internet Banking,0.0953,1,3,557009.88,185669.96,2,25,79892.86,3195.7144,1156.28,5236.44810092926,24,1,3,2,1,12,3,0,3,0.0,0.0,0.0,0.0,0.0,3.0,778137.77,133326.11,0.20966666666666667,0.315,8.0,2.0,1.0,2.0,3.0,26-35,6-10 Years,1 Product,Fair,Below Average,Very Low,1 Complaint,566389.1148999999,Very High Value,35,Medium Risk,242.1566406220356
6495,CUST006495,Varun,Chopra,39,Ludhiana,Punjab,Salaried,180000,Mass,2019-06-12,8,4,696,0.709,0,4,Mobile App,0.0832,1,3,556955.93,185651.97666666668,2,18,48182.94,2676.83,912.475,5462.059612137274,17,1,1,2,0,7,1,0,6,0.0,0.0,0.0,0.0,0.0,2.0,579654.59,343290.57,0.5974999999999999,0.613,5.0,4.2,0.0,0.0,5.0,36-45,6-10 Years,4 Products,Good,Good,Very Low,No Complaints,563716.1347,Very High Value,20,Low Risk,137.81657083122727
3001,CUST003001,Aditya,Singh,39,Ahmedabad,Gujarat,Salaried,1205501,Affluent,2025-06-09,6,4,792,0.537,0,4,Branch,0.0474,1,3,544565.9,181521.96666666667,3,16,34986.979999999996,2186.6862499999997,926.27,2516.8763647104984,14,2,2,2,0,5,1,0,4,1.0,856473.72,856473.72,10.48,0.0,2.0,598904.94,49693.72,0.08399999999999999,0.087,7.0,3.7142857142857144,1.0,3.0,2.0,36-45,6-10 Years,4 Products,Very Good,Good,Very Low,No Complaints,559819.4262,Very High Value,20,Low Risk,137.0021594551129
8786,CUST008786,Ishaan,Singh,18,Jaipur,Rajasthan,Salaried,1284316,Affluent,2011-10-01,2,1,774,0.569,1,4,Internet Banking,0.0953,1,3,539523.34,179841.1133333333,2,24,35803.68,1491.82,964.2850000000001,1823.2334577982006,24,4,3,4,0,10,0,0,3,0.0,0.0,0.0,0.0,0.0,1.0,615468.9,130479.41,0.212,0.212,3.0,4.333333333333333,0.0,1.0,1.0,18-25,2-3 Years,1 Product,Very Good,Good,Very Low,1 Complaint,546394.1026,Very High Value,20,Low Risk,134.1962692357504
5095,CUST005095,Manish,Singh,52,Delhi,Delhi,Self Employed,299186,Mass,2016-07-01,3,2,833,0.856,0,4,ATM,0.0832,1,2,525495.59,262747.795,1,16,74272.18,4642.01125,991.75,10715.33705910979,16,5,1,2,1,2,0,1,4,1.0,255948.5,255948.5,9.07,1.0,2.0,1486284.1099999999,192661.37,0.2305,0.394,8.0,5.875,1.0,1.0,3.0,46-55,2-3 Years,2 Products,Excellent,Good,Very Low,No Complaints,544403.3596999999,Very High Value,20,Low Risk,133.78020432746206
6659,CUST006659,Diya,Verma,42,Hyderabad,Telangana,Retired,396367,Mass,2011-11-12,15,3,649,0.447,0,4,Call Center,0.066,1,3,523164.18,174388.06,3,13,17302.48,1330.96,636.43,1246.2858187697823,13,3,0,4,1,4,0,0,1,0.0,0.0,0.0,0.0,0.0,2.0,433428.61,122959.9,0.2895,0.322,3.0,2.0,1.0,2.0,1.0,36-45,10+ Years,3 Products,Fair,Good,Very Low,No Complaints,527844.5157,Very High Value,25,Medium Risk,162.8992611346394
3067,CUST003067,Kabir,Mehta,32,Mumbai,Maharashtra,Retired,237896,Mass,2019-08-06,7,4,710,0.342,0,5,Call Center,0.148,1,2,508509.16,254254.58,1,19,46135.799999999996,2428.2,1363.62,2749.906185963441,19,4,0,3,1,6,3,0,2,1.0,850443.57,850443.57,11.44,1.0,2.0,544873.69,99050.25,0.20900000000000002,0.247,3.0,2.3333333333333335,0.0,1.0,2.0,26-35,6-10 Years,4 Products,Good,Excellent,Very Low,No Complaints,523385.0486,Very High Value,20,Low Risk,129.38738108534614
1547,CUST001547,Riya,Kumar,31,Jaipur,Rajasthan,Student,1183700,Affluent,2020-01-27,4,5,797,0.943,0,5,Internet Banking,0.0474,1,4,512518.69,128129.6725,4,12,11869.66,989.1383333333333,1031.6999999999998,620.7829408509185,12,0,2,0,2,4,2,0,2,0.0,0.0,0.0,0.0,0.0,0.0,0.0,0.0,0.0,0.0,10.0,5.3,0.0,4.0,3.0,26-35,4-5 Years,5+ Products,Very Good,Excellent,Very Low,No Complaints,512756.0832,Very High Value,20,Low Risk,127.16592922717253
255,CUST000255,Riya,Sethi,23,Ahmedabad,Gujarat,Retired,453555,Mass,2021-02-04,5,4,677,0.551,1,3,Branch,0.066,1,3,501289.31,167096.43666666668,2,17,35001.64,2058.92,1512.29,1617.2213027443088,16,1,1,2,0,9,0,1,3,1.0,317749.51,317749.51,10.31,1.0,0.0,0.0,0.0,0.0,0.0,8.0,4.25,0.0,1.0,2.0,18-25,4-5 Years,4 Products,Good,Below Average,Very Low,1 Complaint,505166.8379,Very High Value,35,Medium Risk,219.76461206620627
59,CUST000059,Manish,Joshi,37,Chennai,Tamil Nadu,Salaried,643595,Mass,2012-10-29,5,2,711,0.397,0,5,Branch,0.066,1,4,490262.16000000003,122565.54000000001,2,18,31728.54,1762.6966666666667,1269.845,3117.2341349268168,18,3,1,1,0,6,1,2,4,0.0,0.0,0.0,0.0,0.0,1.0,588768.1,104800.72,0.178,0.178,6.0,4.833333333333333,0.0,2.0,4.0,36-45,4-5 Years,2 Products,Good,Excellent,Very Low,No Complaints,496784.4118,Very High Value,20,Low Risk,123.8278527752849
1227,CUST001227,Raj,Mehta,55,Pune,Maharashtra,Retired,180000,Mass,2015-12-20,8,1,743,0.882,0,4,Branch,0.1611,1,2,484820.93,242410.465,2,16,65936.21,4121.013125,1432.74,8314.038357128838,15,3,0,3,1,1,2,2,4,1.0,374298.59,374298.59,9.27,0.0,0.0,0.0,0.0,0.0,0.0,4.0,4.25,2.0,0.0,1.0,46-55,6-10 Years,1 Product,Very Good,Good,Very Low,No Complaints,489882.6401,Very High Value,20,Low Risk,122.38538373049386
8159,CUST008159,Ishaan,Joshi,29,Ludhiana,Punjab,Retired,446862,Mass,2022-12-03,1,2,750,0.691,1,2,Call Center,0.2142,1,5,481334.73,96266.946,4,16,31709.070000000003,1981.8168750000002,882.95,3355.2754711105695,16,1,2,0,1,6,2,1,3,1.0,580293.83,580293.83,9.13,0.0,0.0,0.0,0.0,0.0,0.0,8.0,2.75,0.0,3.0,3.0,26-35,0-1 Years,2 Products,Very Good,Low,Very Low,1 Complaint,487771.84969999996,Very High Value,45,High Risk,274.3745150616358
4845,CUST004845,Ira,Khanna,35,Lucknow,Uttar Pradesh,Business Owner,278681,Mass,2018-09-17,5,3,641,0.67,0,2,Mobile App,0.1611,1,1,479011.81,479011.81,1,21,60590.2,2885.247619047619,1877.92,2728.5972857365828,20,4,1,4,0,6,2,1,3,1.0,673744.62,673744.62,12.07,1.0,0.0,0.0,0.0,0.0,0.0,4.0,3.75,0.0,1.0,1.0,26-35,4-5 Years,3 Products,Fair,Low,Very Low,No Complaints,486961.0602,Very High Value,50,High Risk,304.4369351412802
9467,CUST009467,Priya,Kapoor,57,Lucknow,Uttar Pradesh,Business Owner,705143,Mass,2022-07-19,5,2,680,0.779,1,2,ATM,0.1301,1,5,453344.78,90668.956,2,20,79261.53,3963.0765,2534.275,4330.483574564313,19,1,7,3,0,6,0,1,2,1.0,119895.02,119895.02,11.12,1.0,1.0,741858.35,388733.78,0.524,0.524,4.0,3.25,0.0,0.0,1.0,56-65,4-5 Years,2 Products,Good,Low,Very Low,1 Complaint,463547.54430000007,Very High Value,45,High Risk,262.98304524383593
5129,CUST005129,Priya,Bansal,35,Ahmedabad,Gujarat,Salaried,1171813,Affluent,2014-02-19,7,3,623,0.473,0,3,ATM,0.0474,1,2,458062.06,229031.03,2,21,37677.82,1794.1819047619047,836.14,2764.938395247929,21,1,1,3,3,5,0,1,7,0.0,0.0,0.0,0.0,0.0,1.0,90742.98,43556.63,0.48,0.48,3.0,3.0,0.0,1.0,1.0,26-35,6-10 Years,3 Products,Fair,Below Average,Very Low,No Complaints,459723.0462,Very High Value,35,Medium Risk,203.14355954587023
3220,CUST003220,Rohan,Chopra,47,Ahmedabad,Gujarat,Business Owner,629448,Mass,2011-05-25,3,3,663,0.742,0,4,Call Center,0.066,1,2,433032.79,216516.395,2,20,97374.82,4868.741,1655.535,7489.989072643213,19,0,2,0,1,8,1,4,4,4.0,2379706.66,594926.665,10.73,4.0,1.0,81743.18,10463.13,0.128,0.128,4.0,3.25,0.0,1.0,1.0,46-55,2-3 Years,3 Products,Fair,Good,Very Low,No Complaints,459594.7848,Very High Value,25,Medium Risk,145.06903427083122
6224,CUST006224,Raj,Chopra,32,Bengaluru,Karnataka,Salaried,922813,Affluent,2020-05-21,3,6,641,0.923,0,4,Internet Banking,0.0474,1,5,432658.2,86531.64,3,16,35373.89,2210.868125,950.1600000000001,3571.4558168459707,16,2,1,0,1,6,1,2,3,1.0,583321.09,583321.09,10.59,1.0,1.0,1174174.85,430922.17,0.367,0.367,4.0,5.5,2.0,1.0,3.0,26-35,2-3 Years,5+ Products,Fair,Good,Very Low,No Complaints,450940.6372,Very High Value,25,Medium Risk,142.80814015467755
882,CUST000882,Nisha,Verma,33,Hyderabad,Telangana,Self Employed,461644,Mass,2018-06-29,8,1,850,0.852,4,3,Internet Banking,0.2059,1,4,434684.06,108671.015,4,15,22193.809999999998,1479.5873333333332,1207.84,1100.2725956420766,14,5,2,0,0,5,0,0,3,0.0,0.0,0.0,0.0,0.0,1.0,239679.75,69027.77,0.288,0.288,5.0,4.2,0.0,0.0,5.0,26-35,6-10 Years,1 Product,Excellent,Below Average,Very Low,4-5 Complaints,437524.7337,Very High Value,40,Medium Risk,222.88518140717284
6006,CUST006006,Ankit,Kapoor,23,Pune,Maharashtra,Student,364776,Mass,2020-06-15,5,3,768,0.706,1,3,Branch,0.066,1,3,418174.14,139391.38,3,24,76680.47,3195.0195833333332,1677.705,5536.658466168514,23,3,2,3,1,9,1,1,4,1.0,268182.49,268182.49,11.7,0.0,2.0,334720.36,46048.96,0.149,0.175,4.0,2.25,1.0,2.0,2.0,18-25,4-5 Years,3 Products,Very Good,Below Average,Very Low,1 Complaint,425736.77790000004,Very High Value,30,Medium Risk,163.46836509019073
3092,CUST003092,Ira,Malhotra,37,Kolkata,West Bengal,Salaried,535077,Mass,2011-06-04,2,4,663,0.69,1,4,ATM,0.066,1,3,397649.79,132549.93,3,19,100603.94,5294.944210526316,1341.57,12992.828816260451,18,2,4,0,2,3,1,4,3,1.0,321636.61,321636.61,15.02,1.0,2.0,355191.54000000004,66695.63,0.177,0.213,2.0,3.0,0.0,0.0,1.0,36-45,2-3 Years,4 Products,Fair,Good,Very Low,1 Complaint,406430.1503,Very High Value,25,Medium Risk,131.17978545232128
6505,CUST006505,Priya,Sharma,29,Delhi,Delhi,Business Owner,824767,Affluent,2022-02-06,14,1,723,0.72,1,4,Branch,0.0953,1,4,396394.88,99098.72,4,26,84487.93000000001,3249.5357692307693,716.935,5622.160302668841,25,1,5,1,1,9,1,3,5,1.0,372047.72,372047.72,6.0,0.0,0.0,0.0,0.0,0.0,0.0,5.0,3.6,0.0,1.0,3.0,26-35,10+ Years,1 Product,Good,Good,Very Low,1 Complaint,401805.1158,Very High Value,20,Low Risk,103.97719698265037
1679,CUST001679,Siddharth,Kapoor,49,Mumbai,Maharashtra,Self Employed,873958,Affluent,2025-03-09,8,3,677,0.653,0,3,Call Center,0.0474,1,2,376034.89,188017.445,2,26,53944.03,2074.7703846153845,1177.965,2211.5210772976698,25,1,3,3,2,14,0,0,3,2.0,1275697.46,637848.73,13.84,1.0,0.0,0.0,0.0,0.0,0.0,7.0,4.0,0.0,2.0,3.0,46-55,6-10 Years,3 Products,Good,Below Average,Very Low,No Complaints,389870.7452,Very High Value,35,Medium Risk,177.59510242653786
4452,CUST004452,Ananya,Chopra,21,Jaipur,Rajasthan,Business Owner,870546,Affluent,2017-03-13,10,1,757,0.587,0,4,Internet Banking,0.0953,1,4,361666.99,90416.7475,3,25,81541.63,3261.6652000000004,1668.92,5190.948190605548,25,2,4,5,0,9,2,2,1,2.0,1776503.82,888251.91,9.815000000000001,2.0,1.0,773884.53,17025.46,0.022,0.022,5.0,3.4,2.0,3.0,2.0,18-25,6-10 Years,1 Product,Very Good,Good,Very Low,No Complaints,388801.7061,Very High Value,20,Low Risk,101.25948669255405
1297,CUST001297,Diya,Singh,68,Ludhiana,Punjab,Salaried,486718,Mass,2015-12-01,7,1,717,0.93,0,4,Branch,0.1751,1,3,356004.37,118668.12333333334,1,22,66185.82,3008.446363636364,545.075,6256.338336457977,21,4,3,4,1,5,3,1,1,1.0,2801307.26,2801307.26,8.54,0.0,0.0,0.0,0.0,0.0,0.0,5.0,5.6,1.0,2.0,1.0,66+,6-10 Years,1 Product,Good,Good,Very Low,No Complaints,385341.159,Very High Value,20,Low Risk,100.53623297064502
4936,CUST004936,Nisha,Bansal,26,Chennai,Tamil Nadu,Salaried,471820,Mass,2013-11-19,1,4,719,0.726,2,3,Call Center,0.1824,1,3,367502.52999999997,122500.84333333332,1,18,49385.21,2743.6227777777776,1006.78,3676.3538593810513,17,2,0,1,1,10,0,1,3,0.0,0.0,0.0,0.0,0.0,2.0,1500280.96,501486.14,0.365,0.419,5.0,4.8,2.0,1.0,3.0,26-35,0-1 Years,4 Products,Good,Below Average,Very Low,2-3 Complaints,383493.0437999999,Very High Value,40,Medium Risk,200.29995445204213
1412,CUST001412,Aanya,Sethi,47,Delhi,Delhi,Salaried,859224,Affluent,2015-12-05,5,3,774,0.689,0,4,Mobile App,0.0474,1,3,374414.55,124804.84999999999,2,16,44053.83,2753.364375,1607.81,3143.2767131662013,16,1,2,3,0,7,1,1,1,0.0,0.0,0.0,0.0,0.0,1.0,410995.92,120832.8,0.294,0.294,6.0,5.0,1.0,1.0,3.0,46-55,4-5 Years,3 Products,Very Good,Good,Very Low,No Complaints,379405.58579999994,Very High Value,20,Low Risk,99.2956992386916
2873,CUST002873,Karan,Verma,30,Lucknow,Uttar Pradesh,Student,832397,Affluent,2018-03-15,8,1,670,0.301,0,5,Branch,0.168,1,3,351617.64,117205.88,2,21,50376.48,2398.88,830.47,4315.2226319241045,20,1,0,0,1,11,2,2,4,0.0,0.0,0.0,0.0,0.0,2.0,2231661.7,925506.03,0.4245,0.582,4.0,4.75,2.0,0.0,3.0,26-35,6-10 Years,1 Product,Fair,Excellent,Very Low,No Complaints,374941.78660000005,Very High Value,25,Medium Risk,122.95345751025609
4725,CUST004725,Priya,Arora,32,Mumbai,Maharashtra,Student,635829,Mass,2023-04-07,12,3,671,0.56,0,4,Internet Banking,0.066,1,2,359301.32,179650.66,1,16,48494.15,3030.884375,2049.52,3804.368854786067,16,4,1,0,1,5,2,1,2,0.0,0.0,0.0,0.0,0.0,2.0,1151075.44,97614.28,0.1385,0.224,5.0,3.4,0.0,2.0,2.0,26-35,10+ Years,3 Products,Good,Good,Very Low,No Complaints,371781.95739999996,Very High Value,25,Medium Risk,122.12795284168183
637,CUST000637,Manish,Singh,32,Hyderabad,Telangana,Salaried,213141,Mass,2015-10-01,4,2,712,0.846,0,3,Branch,0.0832,1,3,354572.91,118190.96999999999,3,20,35295.6,1764.78,1129.335,2326.866856557841,20,2,0,0,1,9,4,1,3,1.0,1022975.07,1022975.07,9.46,0.0,1.0,227899.91,63128.28,0.277,0.277,8.0,2.875,0.0,2.0,5.0,26-35,4-5 Years,2 Products,Good,Below Average,Very Low,No Complaints,367787.5718,Very High Value,30,Medium Risk,145.30130460133103
7195,CUST007195,Kavya,Bansal,36,Jaipur,Rajasthan,Retired,773603,Mass,2016-02-27,3,2,651,0.731,2,4,Internet Banking,0.1091,1,5,346536.7,69307.34,3,16,52591.45,3286.965625,2661.455,3522.035191807844,16,4,0,1,1,2,3,2,3,1.0,1009870.34,1009870.34,10.94,1.0,0.0,0.0,0.0,0.0,0.0,4.0,4.5,0.0,0.0,2.0,36-45,2-3 Years,2 Products,Fair,Good,Very Low,2-3 Complaints,357687.23240000004,Very High Value,35,Medium Risk,165.8239927429745
1251,CUST001251,Siddharth,Patel,40,Chennai,Tamil Nadu,Retired,433176,Mass,2021-04-22,10,2,738,0.66,0,4,ATM,0.066,1,4,351751.64,87937.91,4,14,29780.56,2127.1828571428573,847.81,3235.8821933163726,14,1,1,1,0,8,0,0,3,2.0,528055.5,264027.75,8.635,1.0,0.0,0.0,0.0,0.0,0.0,4.0,3.25,2.0,1.0,2.0,36-45,6-10 Years,2 Products,Good,Good,Very Low,No Complaints,357627.8062,Very High Value,20,Low Risk,94.74414721658081
5114,CUST005114,Riya,Arora,47,Bengaluru,Karnataka,Self Employed,577886,Mass,2015-03-12,6,1,688,0.569,0,3,Branch,0.1301,1,4,353854.69,88463.6725,2,8,12658.16,1582.27,1386.1100000000001,1445.0270803789704,8,0,1,0,0,5,1,0,1,0.0,0.0,0.0,0.0,0.0,0.0,0.0,0.0,0.0,0.0,6.0,2.6666666666666665,1.0,1.0,4.0,46-55,6-10 Years,1 Product,Good,Below Average,Very Low,No Complaints,354107.8532,Very High Value,40,Medium Risk,188.01695534449857
2065,CUST002065,Kavya,Sethi,50,Kolkata,West Bengal,Business Owner,998108,Affluent,2013-05-08,1,2,643,0.804,0,4,ATM,0.0832,1,3,351349.33,117116.44333333334,2,20,49696.5,2484.825,1340.33,2845.12239290981,20,3,0,3,0,10,0,1,3,0.0,0.0,0.0,0.0,0.0,0.0,0.0,0.0,0.0,0.0,7.0,4.142857142857143,1.0,0.0,3.0,46-55,0-1 Years,2 Products,Fair,Good,Very Low,No Complaints,352343.26,Very High Value,25,Medium Risk,117.04959751326665
9701,CUST009701,Diya,Sharma,32,Chennai,Tamil Nadu,Business Owner,285268,Mass,2025-08-28,0,2,696,0.223,0,3,Branch,0.2405,1,3,343686.86,114562.28666666667,3,20,36054.87,1802.7435,1205.37,2122.281744771973,20,1,3,2,1,8,1,1,3,0.0,0.0,0.0,0.0,0.0,1.0,107010.66,8025.8,0.075,0.075,6.0,3.3333333333333335,2.0,0.0,2.0,26-35,0-1 Years,2 Products,Good,Below Average,Very Low,No Complaints,345478.064,Very High Value,30,Medium Risk,138.30727992082234
891,CUST000891,Arjun,Patel,36,Ahmedabad,Gujarat,Student,815666,Affluent,2013-11-09,6,2,645,0.717,0,4,Mobile App,0.0474,1,1,343966.28,343966.28,1,13,40107.32,3085.1784615384613,1190.41,5707.972141732775,13,2,2,2,2,4,0,0,1,0.0,0.0,0.0,0.0,0.0,0.0,0.0,0.0,0.0,0.0,3.0,3.0,0.0,1.0,1.0,36-45,6-10 Years,2 Products,Fair,Good,Very Low,No Complaints,344768.42640000005,Very High Value,25,Medium Risk,115.07067393712114
1213,CUST001213,Rohan,Singh,35,Kolkata,West Bengal,Business Owner,284127,Mass,2017-07-11,4,2,731,0.325,0,4,Mobile App,0.148,1,4,325771.36,81442.84,3,19,55279.01,2909.4215789473687,703.65,5238.571264972141,18,4,3,1,2,5,1,2,1,1.0,425728.11,425728.11,9.02,1.0,1.0,645116.7,218694.56,0.339,0.339,5.0,4.6,0.0,0.0,1.0,26-35,4-5 Years,2 Products,Good,Good,Very Low,No Complaints,337585.38830000005,Very High Value,20,Low Risk,90.55528547786004
7545,CUST007545,Ankit,Kapoor,45,Kolkata,West Bengal,Student,463362,Mass,2015-10-20,3,3,814,0.905,0,5,Internet Banking,0.066,1,3,314843.51,104947.83666666667,3,21,47866.2,2279.342857142857,1119.93,2960.749821440749,21,3,5,1,0,7,0,1,4,2.0,505398.29000000004,252699.14500000002,9.31,2.0,2.0,1339144.1600000001,488011.99,0.253,0.434,3.0,4.666666666666667,0.0,0.0,1.0,36-45,2-3 Years,3 Products,Excellent,Excellent,Very Low,No Complaints,334246.25850000005,Very High Value,20,Low Risk,89.85740794982775
6888,CUST006888,Aditya,Khanna,29,Kolkata,West Bengal,Retired,447513,Mass,2023-05-14,3,4,739,0.595,0,3,Branch,0.066,1,4,327896.69,81974.1725,3,19,52750.5,2776.342105263158,1217.63,3340.23371209524,19,4,0,2,0,6,3,2,2,1.0,355147.44,355147.44,7.19,0.0,0.0,0.0,0.0,0.0,0.0,3.0,4.666666666666667,2.0,0.0,2.0,26-35,2-3 Years,4 Products,Good,Below Average,Very Low,No Complaints,332503.1744,Very High Value,30,Medium Risk,134.23965552933865
2190,CUST002190,Kavya,Kumar,38,Ludhiana,Punjab,Retired,271034,Mass,2012-06-10,4,6,698,0.302,0,2,Mobile App,0.2689,1,3,325652.37,108550.79,3,18,72313.83,4017.435,1267.705,9528.688236830336,18,1,3,4,1,7,1,0,1,0.0,0.0,0.0,0.0,0.0,2.0,471123.36,171504.48,0.3095,0.41,1.0,6.0,0.0,0.0,0.0,36-45,4-5 Years,5+ Products,Good,Low,Very Low,No Complaints,331809.88019999996,Very High Value,45,High Risk,201.033461976833
3056,CUST003056,Raj,Malhotra,41,Delhi,Delhi,Self Employed,270618,Mass,2011-09-28,3,2,742,0.733,0,4,ATM,0.0832,1,3,330442.51,110147.50333333334,3,21,33661.49,1602.9280952380952,741.0,2146.0870799937707,21,2,1,1,0,7,3,3,4,0.0,0.0,0.0,0.0,0.0,0.0,0.0,0.0,0.0,0.0,5.0,4.4,2.0,1.0,2.0,36-45,2-3 Years,2 Products,Very Good,Good,Very Low,No Complaints,331115.7398,Very High Value,20,Low Risk,89.20313010420014
1296,CUST001296,Nisha,Sharma,45,Kolkata,West Bengal,Salaried,1339440,Affluent,2024-05-24,5,1,665,0.558,1,4,Internet Banking,0.0953,1,2,316424.33999999997,158212.16999999998,2,15,46493.02,3099.5346666666665,806.51,5506.638105851191,15,0,1,3,2,5,1,1,2,0.0,0.0,0.0,0.0,0.0,1.0,1255996.36,251199.27,0.2,0.2,8.0,3.625,3.0,5.0,0.0,36-45,4-5 Years,1 Product,Fair,Good,Very Low,1 Complaint,329914.164,Very High Value,25,Medium Risk,111.19000122246084
5477,CUST005477,Sara,Khanna,50,Chennai,Tamil Nadu,Business Owner,1202461,Affluent,2025-06-14,7,2,623,0.861,0,4,Call Center,0.0474,1,2,325176.35000000003,162588.17500000002,2,16,56065.240000000005,3504.0775000000003,1424.12,6463.249994514628,16,3,1,2,1,5,1,1,2,0.0,0.0,0.0,0.0,0.0,0.0,0.0,0.0,0.0,0.0,4.0,3.25,0.0,2.0,1.0,46-55,6-10 Years,2 Products,Fair,Good,Very Low,No Complaints,326297.6548,Very High Value,25,Medium Risk,110.2451890064899
35,CUST000035,Rahul,Chopra,43,Chennai,Tamil Nadu,Student,282511,Mass,2013-10-28,3,1,631,0.367,1,4,Call Center,0.1611,1,5,310153.68,62030.736,3,17,56355.869999999995,3315.051176470588,466.47,8362.915812717387,17,7,1,0,0,4,3,1,1,0.0,0.0,0.0,0.0,0.0,2.0,1340316.95,290539.72,0.202,0.241,6.0,4.166666666666667,1.0,2.0,2.0,36-45,2-3 Years,1 Product,Fair,Good,Very Low,1 Complaint,324683.9669,Very High Value,25,Medium Risk,109.82361340516572
7614,CUST007614,Sara,Arora,49,Kolkata,West Bengal,Business Owner,427278,Mass,2017-01-07,6,2,696,0.517,0,4,Mobile App,0.066,1,2,272964.13,136482.065,1,19,106668.59,5614.136315789474,1480.12,10555.482056504105,16,2,2,1,1,5,1,3,4,2.0,4122753.2800000003,2061376.6400000001,12.370000000000001,1.0,1.0,381638.58,95028.01,0.249,0.249,4.0,3.75,0.0,0.0,1.0,46-55,6-10 Years,2 Products,Good,Good,Very Low,No Complaints,320141.4204,Very High Value,20,Low Risk,86.90949932209968
3509,CUST003509,Ira,Kumar,32,Pune,Maharashtra,Business Owner,1181059,Affluent,2013-08-22,5,1,698,0.69,0,4,Branch,0.0953,1,2,297202.96,148601.48,1,13,24091.8,1853.2153846153847,1451.65,1131.8521056334714,13,1,2,1,0,5,1,0,3,1.0,2215345.6,2215345.6,11.5,0.0,0.0,0.0,0.0,0.0,0.0,6.0,4.0,2.0,2.0,1.0,26-35,4-5 Years,1 Product,Good,Good,Very Low,No Complaints,319838.25200000004,Very High Value,20,Low Risk,86.8461371809905
4320,CUST004320,Meera,Khanna,33,Chennai,Tamil Nadu,Salaried,526640,Mass,2018-03-22,7,2,701,0.376,0,4,Internet Banking,0.066,1,4,315107.99,78776.9975,3,30,66881.67,2229.389,1033.55,3139.5488680759377,27,2,5,1,4,11,0,3,4,1.0,259517.9,259517.9,12.32,1.0,0.0,0.0,0.0,0.0,0.0,6.0,4.833333333333333,1.0,2.0,3.0,26-35,6-10 Years,2 Products,Good,Good,Very Low,No Complaints,319040.8024,Very High Value,20,Low Risk,86.67947035792227
66,CUST000066,Priya,Khanna,47,Lucknow,Uttar Pradesh,Business Owner,946179,Affluent,2011-04-02,7,3,700,0.81,1,4,Call Center,0.0474,1,4,290098.36,72524.59,2,17,41083.590000000004,2416.6817647058824,1039.43,3729.574161062553,17,1,1,4,0,6,1,2,2,1.0,2312527.6,2312527.6,14.55,0.0,2.0,492078.82999999996,100381.44,0.32899999999999996,0.579,4.0,3.75,0.0,0.0,3.0,46-55,6-10 Years,3 Products,Good,Good,Very Low,1 Complaint,318966.0961,Very High Value,20,Low Risk,86.66385675464983
1878,CUST001878,Kavya,Sharma,36,Ludhiana,Punjab,Business Owner,346561,Mass,2020-10-12,3,5,661,0.723,1,4,Call Center,0.0832,1,2,311715.53,155857.765,2,21,66715.06,3176.907619047619,979.43,5802.092810188324,21,5,2,2,1,5,0,1,5,1.0,573853.87,573853.87,9.93,0.0,0.0,0.0,0.0,0.0,0.0,3.0,5.0,0.0,2.0,1.0,36-45,2-3 Years,5+ Products,Fair,Good,Very Low,1 Complaint,318788.3699,Very High Value,25,Medium Risk,108.28339001349244
4914,CUST004914,Meera,Sethi,45,Lucknow,Uttar Pradesh,Self Employed,550579,Mass,2023-06-14,4,2,679,0.645,1,3,ATM,0.066,1,5,270183.47000000003,54036.694,5,21,108401.68,5161.984761904761,1873.83,8141.080319408856,21,2,0,1,0,9,3,1,5,1.0,4165764.33,4165764.33,10.95,0.0,2.0,428741.73000000004,78887.72,0.158,0.209,7.0,6.142857142857143,2.0,1.0,3.0,36-45,4-5 Years,2 Products,Good,Below Average,Very Low,1 Complaint,318296.5642,Very High Value,35,Medium Risk,151.4168682388075
5328,CUST005328,Aarav,Kapoor,39,Bengaluru,Karnataka,Salaried,342246,Mass,2013-08-13,8,3,663,0.778,0,4,ATM,0.0832,1,3,312486.30000000005,104162.10000000002,1,29,92521.59,3190.3996551724135,1344.66,6926.102240508357,26,2,2,3,0,13,1,2,6,0.0,0.0,0.0,0.0,0.0,2.0,376461.24,34609.87,0.2105,0.416,13.0,4.0,3.0,1.0,6.0,36-45,6-10 Years,3 Products,Fair,Good,Very Low,No Complaints,318101.34420000005,Very High Value,25,Medium Risk,108.10390470372302
1453,CUST001453,Rahul,Kumar,40,Hyderabad,Telangana,Retired,354441,Mass,2018-01-13,5,2,753,0.773,0,5,Call Center,0.066,1,4,297734.67,74433.6675,3,24,55218.56,2300.773333333333,1584.77,2678.6742237007547,23,1,2,3,1,8,1,2,6,2.0,1418288.22,709144.11,8.655000000000001,1.0,1.0,424889.68,33566.28,0.079,0.079,6.0,4.333333333333333,3.0,0.0,5.0,36-45,4-5 Years,2 Products,Very Good,Excellent,Very Low,No Complaints,317270.82019999996,Very High Value,20,Low Risk,86.3095443962549
2444,CUST002444,Rahul,Khanna,36,Mumbai,Maharashtra,Retired,620866,Mass,2018-11-24,7,6,833,0.582,0,4,Branch,0.066,1,3,305506.04000000004,101835.34666666668,2,19,29211.48,1537.4463157894736,1231.81,1127.5018733820875,18,2,2,2,1,6,1,2,3,2.0,926015.69,463007.845,10.08,2.0,0.0,0.0,0.0,0.0,0.0,7.0,2.7142857142857144,0.0,2.0,3.0,36-45,6-10 Years,5+ Products,Excellent,Good,Very Low,No Complaints,315350.42650000006,Very High Value,20,Low Risk,85.90818245812218
6844,CUST006844,Ira,Khanna,36,Chennai,Tamil Nadu,Student,214931,Mass,2019-07-08,20,1,732,0.778,0,4,Internet Banking,0.1611,1,2,303143.48,151571.74,2,26,81637.73,3139.912692307692,1105.51,4493.5748780653985,24,2,2,1,0,11,0,2,8,0.0,0.0,0.0,0.0,0.0,2.0,766299.84,173208.11,0.27949999999999997,0.378,2.0,5.0,0.0,0.0,0.0,36-45,10+ Years,1 Product,Good,Good,Very Low,No Complaints,312439.23299999995,Very High Value,20,Low Risk,85.29974353987355
9166,CUST009166,Ira,Arora,32,Chennai,Tamil Nadu,Self Employed,553676,Mass,2019-06-07,4,1,775,0.25,0,4,Mobile App,0.2227,1,5,300256.13,60051.226,2,23,52743.09,2293.1778260869564,782.98,3395.004604238351,23,7,0,2,1,7,4,1,1,0.0,0.0,0.0,0.0,0.0,1.0,1051083.49,134538.69,0.128,0.128,6.0,3.6666666666666665,0.0,2.0,2.0,26-35,4-5 Years,1 Product,Very Good,Good,Very Low,No Complaints,311821.82670000003,Very High Value,20,Low Risk,85.17070573414479
3306,CUST003306,Aanya,Mehta,65,Pune,Maharashtra,Retired,180000,Mass,2018-07-03,3,3,753,0.627,0,4,ATM,0.1141,1,3,278260.06,92753.35333333333,3,27,77059.54000000001,2854.0570370370374,910.8,7921.618462219417,27,7,2,2,1,9,1,0,5,1.0,3140460.79,3140460.79,8.7,0.0,0.0,0.0,0.0,0.0,0.0,6.0,5.333333333333333,0.0,1.0,2.0,56-65,2-3 Years,3 Products,Very Good,Good,Very Low,No Complaints,311205.8587,Very High Value,20,Low Risk,85.04196853285748
7358,CUST007358,Raj,Sharma,32,Mumbai,Maharashtra,Retired,232230,Mass,2025-06-04,8,4,688,0.471,0,5,Mobile App,0.0832,1,4,301392.01,75348.0025,3,20,22542.39,1127.1195,571.215,1294.1391476981908,17,1,0,2,2,9,0,1,5,0.0,0.0,0.0,0.0,0.0,2.0,776045.39,168991.6,0.2175,0.219,6.0,4.833333333333333,1.0,2.0,2.0,26-35,6-10 Years,4 Products,Good,Excellent,Very Low,No Complaints,309603.3117,Very High Value,20,Low Risk,84.70703649789569
158,CUST000158,Kavya,Malhotra,28,Mumbai,Maharashtra,Retired,1396174,Affluent,2012-04-27,1,2,720,0.848,0,3,Mobile App,0.0832,1,1,306996.31,306996.31,1,21,67968.48,3236.5942857142854,865.46,7299.1722324929215,19,0,2,5,2,6,1,1,4,0.0,0.0,0.0,0.0,0.0,0.0,0.0,0.0,0.0,0.0,7.0,3.7142857142857144,1.0,4.0,3.0,26-35,0-1 Years,2 Products,Good,Below Average,Very Low,No Complaints,308355.6796,Very High Value,30,Medium Risk,126.6694224198634
8721,CUST008721,Ira,Bansal,39,Lucknow,Uttar Pradesh,Self Employed,1537983,Affluent,2019-03-31,3,2,698,0.722,0,5,Call Center,0.0474,1,2,303707.83,151853.915,2,21,50452.65,2402.5071428571428,1129.62,4173.415084934811,19,2,0,1,1,10,1,1,5,1.0,328645.57,328645.57,9.38,1.0,0.0,0.0,0.0,0.0,0.0,4.0,3.25,1.0,0.0,2.0,36-45,2-3 Years,2 Products,Good,Excellent,Very Low,No Complaints,308003.3387,Very High Value,20,Low Risk,84.37264242847124
3773,CUST003773,Ira,Mehta,41,Kolkata,West Bengal,Student,474649,Mass,2022-10-07,1,1,674,0.677,0,4,Branch,0.2142,1,3,305555.74,101851.91333333333,2,14,39076.18,2791.155714285714,1137.4299999999998,4143.531900447537,14,2,2,0,0,7,0,1,2,0.0,0.0,0.0,0.0,0.0,0.0,0.0,0.0,0.0,0.0,6.0,5.166666666666667,3.0,2.0,3.0,36-45,0-1 Years,1 Product,Good,Good,Very Low,No Complaints,306337.2636,Very High Value,25,Medium Risk,105.03054129003479
6741,CUST006741,Rohan,Sharma,43,Mumbai,Maharashtra,Business Owner,1164140,Affluent,2015-03-01,6,3,653,0.696,0,4,ATM,0.0474,1,4,263525.14,65881.285,4,23,55703.25,2421.8804347826085,893.17,4729.73213397726,23,3,5,1,1,8,1,1,3,2.0,4131552.5599999996,2065776.2799999998,12.03,2.0,0.0,0.0,0.0,0.0,0.0,2.0,6.0,0.0,0.0,0.0,36-45,6-10 Years,3 Products,Fair,Good,Very Low,No Complaints,305954.7306,Very High Value,25,Medium Risk,104.93060462972932
9918,CUST009918,Priya,Arora,38,Kolkata,West Bengal,Retired,384517,Mass,2023-05-03,7,6,809,0.796,0,5,ATM,0.066,1,4,298370.16,74592.54,4,23,108735.74,4727.640869565218,1464.62,6705.721209243582,22,0,2,2,1,8,2,6,2,0.0,0.0,0.0,0.0,0.0,0.0,0.0,0.0,0.0,0.0,3.0,2.3333333333333335,1.0,1.0,1.0,36-45,6-10 Years,5+ Products,Excellent,Excellent,Very Low,No Complaints,300544.8748,Very High Value,20,Low Risk,82.8138248139388
3568,CUST003568,Vivaan,Singh,46,Chennai,Tamil Nadu,Salaried,814306,Affluent,2017-08-10,13,4,743,0.661,0,4,Internet Banking,0.0474,1,2,297344.10000000003,148672.05000000002,1,21,42052.96,2002.5219047619048,1382.56,2274.4511524159384,21,4,3,3,0,7,0,1,3,0.0,0.0,0.0,0.0,0.0,0.0,0.0,0.0,0.0,0.0,3.0,6.666666666666667,0.0,1.0,2.0,46-55,10+ Years,4 Products,Very Good,Good,Very Low,No Complaints,298185.15920000005,Very High Value,20,Low Risk,82.32064467766878
4545,CUST004545,Karan,Joshi,38,Kolkata,West Bengal,Salaried,1489546,Affluent,2020-02-08,4,3,711,0.591,3,2,Mobile App,0.1545,1,2,282404.37,141202.185,1,23,80922.88,3518.386086956522,1539.06,5318.4277905878935,23,5,0,2,0,11,0,2,3,1.0,604077.04,604077.04,11.44,0.0,1.0,244383.34,91888.14,0.376,0.376,5.0,3.2,2.0,2.0,2.0,36-45,4-5 Years,3 Products,Good,Low,Very Low,2-3 Complaints,292507.4314,Very High Value,55,High Risk,223.1185016169198
954,CUST000954,Dev,Sethi,33,Kolkata,West Bengal,Student,387217,Mass,2024-12-11,3,4,601,0.528,0,4,ATM,0.066,1,3,242336.24999999997,80778.74999999999,0,23,105141.78,4571.381739130435,1082.63,7685.213540775826,23,2,2,3,0,11,1,2,2,2.0,3484719.63,1742359.815,11.875,2.0,2.0,1150182.62,723655.21,0.3955,0.675,7.0,3.7142857142857144,1.0,2.0,3.0,26-35,2-3 Years,4 Products,Fair,Good,Very Low,No Complaints,290788.10809999995,Very High Value,25,Medium Risk,100.96832790912266
7930,CUST007930,Manish,Arora,29,Pune,Maharashtra,Student,912447,Affluent,2022-02-23,9,2,659,0.537,0,5,Call Center,0.0474,1,3,284726.18,94908.72666666667,1,20,43086.67,2154.3334999999997,1317.305,2791.77553417039,19,5,1,1,2,8,2,0,1,0.0,0.0,0.0,0.0,0.0,0.0,0.0,0.0,0.0,0.0,2.0,6.0,0.0,1.0,0.0,26-35,6-10 Years,2 Products,Fair,Excellent,Very Low,No Complaints,285587.9134,Very High Value,25,Medium Risk,99.60977821208684
8481,CUST008481,Ira,Sharma,32,Bengaluru,Karnataka,Retired,209729,Mass,2014-05-12,5,4,756,0.835,0,4,Mobile App,0.0832,1,4,278113.18,69528.295,2,17,44230.47,2601.7923529411764,914.25,3665.106853194272,15,1,2,1,2,7,1,1,2,1.0,214333.81,214333.81,11.27,1.0,0.0,0.0,0.0,0.0,0.0,7.0,5.0,0.0,2.0,3.0,26-35,4-5 Years,4 Products,Very Good,Good,Very Low,No Complaints,281141.1275,Very High Value,20,Low Risk,78.75844511582478
9448,CUST009448,Vivaan,Joshi,34,Lucknow,Uttar Pradesh,Student,331579,Mass,2013-12-25,2,2,728,0.586,0,4,Branch,0.0832,1,2,255417.45,127708.725,2,21,60982.12,2903.9104761904764,2028.15,3316.9678544635854,21,3,2,2,0,7,1,3,3,1.0,2422840.58,2422840.58,10.76,0.0,0.0,0.0,0.0,0.0,0.0,4.0,2.25,1.0,1.0,2.0,26-35,2-3 Years,2 Products,Good,Good,Very Low,No Complaints,280865.49820000003,Very High Value,20,Low Risk,78.70083864166578
6038,CUST006038,Raj,Chopra,48,Lucknow,Uttar Pradesh,Business Owner,619416,Mass,2019-02-10,7,4,576,0.762,2,4,Mobile App,0.1545,1,2,264824.77,132412.385,2,26,36495.97,1403.6911538461538,686.9100000000001,1322.863182795037,24,3,6,1,0,10,1,0,5,1.0,1525454.64,1525454.64,10.56,0.0,0.0,0.0,0.0,0.0,0.0,4.0,3.75,1.0,2.0,2.0,46-55,6-10 Years,4 Products,Poor,Good,Very Low,2-3 Complaints,280809.2358,Very High Value,45,High Risk,177.05042957290107
3924,CUST003924,Riya,Khanna,27,Pune,Maharashtra,Self Employed,1654000,Affluent,2015-03-08,20,3,651,0.261,0,4,Call Center,0.0871,1,2,251230.98,125615.49,1,19,46495.16,2447.1136842105266,1533.29,2116.761022257067,18,3,3,3,0,7,0,0,3,2.0,1559513.6800000002,779756.8400000001,9.85,2.0,3.0,1090363.7,101379.25,0.18433333333333332,0.284,7.0,4.285714285714286,3.0,1.0,2.0,26-35,10+ Years,3 Products,Fair,Good,Very Low,No Complaints,278659.657,Very High Value,25,Medium Risk,97.7997727841734
8849,CUST008849,Aarav,Khanna,46,Pune,Maharashtra,Salaried,259142,Mass,2019-07-01,4,1,743,0.755,0,3,Mobile App,0.1611,1,5,274949.65,54989.93000000001,4,15,39865.71,2657.714,1354.49,2781.7307890509974,14,4,2,1,0,6,1,1,0,0.0,0.0,0.0,0.0,0.0,1.0,80895.8,11487.2,0.142,0.142,9.0,3.6666666666666665,4.0,1.0,5.0,46-55,4-5 Years,1 Product,Very Good,Below Average,Very Low,No Complaints,276555.92220000003,Very High Value,30,Medium Risk,116.70020704838895
233,CUST000233,Kabir,Malhotra,42,Hyderabad,Telangana,Retired,726426,Mass,2015-09-29,12,4,669,0.668,0,3,Branch,0.066,1,4,271116.62,67779.155,3,24,51348.17,2139.5070833333334,1800.0549999999998,1484.4386839021126,22,3,1,3,1,10,1,1,4,0.0,0.0,0.0,0.0,0.0,0.0,0.0,0.0,0.0,0.0,4.0,4.75,2.0,1.0,2.0,36-45,10+ Years,4 Products,Fair,Below Average,Very Low,No Complaints,272143.5834,Very High Value,35,Medium Risk,134.53643002821553
5454,CUST005454,Karan,Kapoor,40,Delhi,Delhi,Retired,533777,Mass,2018-08-04,5,4,715,0.947,0,4,Internet Banking,0.066,1,4,271683.91,67920.9775,2,17,19219.91,1130.5829411764705,1261.06,914.2449258798533,17,4,2,0,1,4,1,0,5,0.0,0.0,0.0,0.0,0.0,0.0,0.0,0.0,0.0,0.0,7.0,3.7142857142857144,1.0,1.0,2.0,36-45,4-5 Years,4 Products,Good,Good,Very Low,No Complaints,272068.30819999997,Very High Value,20,Low Risk,76.86222751285295
3475,CUST003475,Aditya,Sethi,50,Kolkata,West Bengal,Student,419975,Mass,2012-11-17,3,3,600,0.873,0,4,ATM,0.066,1,2,243176.69999999998,121588.34999999999,1,20,35598.259999999995,1779.9129999999998,787.3199999999999,2444.3920884430872,19,1,0,4,4,6,1,0,4,1.0,2388542.32,2388542.32,10.76,0.0,1.0,107730.4,14435.87,0.134,0.134,4.0,3.75,1.0,0.0,3.0,46-55,2-3 Years,3 Products,Fair,Good,Very Low,No Complaints,268851.3924,Very High Value,25,Medium Risk,95.23736586106773
9939,CUST009939,Ira,Verma,33,Delhi,Delhi,Business Owner,894750,Affluent,2016-12-17,0,3,714,0.948,0,4,Internet Banking,0.0832,1,3,260561.31,86853.77,3,38,73806.39,1942.2734210526316,1011.98,2742.302502001297,37,3,7,3,3,14,1,1,6,2.0,614809.77,307404.885,10.695,1.0,0.0,0.0,0.0,0.0,0.0,2.0,6.5,0.0,1.0,1.0,26-35,0-1 Years,3 Products,Good,Good,Very Low,No Complaints,268185.5355,Very High Value,20,Low Risk,76.05072871643381
5756,CUST005756,Kavya,Malhotra,19,Lucknow,Uttar Pradesh,Salaried,734948,Mass,2022-11-16,12,1,650,0.15,0,4,ATM,0.2227,1,4,254062.45,63515.6125,3,28,89089.91,3181.7825000000003,1723.19,5814.4297214472435,27,4,2,1,3,10,1,4,3,1.0,247100.73,247100.73,12.96,0.0,2.0,429801.48,76954.92,0.1815,0.187,3.0,4.333333333333333,2.0,0.0,3.0,18-25,10+ Years,1 Product,Fair,Good,Very Low,No Complaints,262613.2703,Very High Value,25,Medium Risk,93.6076578639753
1675,CUST001675,Diya,Khanna,29,Chennai,Tamil Nadu,Retired,2075764,Premium,2017-01-23,7,1,565,0.9,0,3,ATM,0.1359,1,2,260161.53,130080.765,2,20,104740.51,5237.0255,1049.54,10699.04223383249,20,4,1,1,1,6,0,3,4,0.0,0.0,0.0,0.0,0.0,0.0,0.0,0.0,0.0,0.0,4.0,2.75,1.0,1.0,3.0,26-35,6-10 Years,1 Product,Poor,Below Average,Very Low,No Complaints,262256.3402,Very High Value,45,High Risk,168.32593791997664
9570,CUST009570,Aanya,Kumar,53,Pune,Maharashtra,Salaried,1129363,Affluent,2013-12-04,8,4,779,0.602,0,5,Branch,0.0474,1,3,255070.47999999998,85023.49333333333,2,11,113621.59,10329.235454545455,1577.27,25425.329918872776,11,2,0,1,0,3,0,1,4,1.0,469409.84,469409.84,9.93,1.0,0.0,0.0,0.0,0.0,0.0,2.0,4.0,2.0,1.0,1.0,46-55,6-10 Years,4 Products,Very Good,Excellent,Very Low,No Complaints,262037.01019999996,Very High Value,20,Low Risk,74.76568803385594
1909,CUST001909,Kavya,Khanna,46,Mumbai,Maharashtra,Retired,357117,Mass,2018-03-12,6,5,789,0.925,1,2,Branch,0.1301,1,2,260601.74,130300.87,1,23,34213.62,1487.548695652174,988.52,1337.3858774908074,23,2,1,2,0,12,0,2,4,0.0,0.0,0.0,0.0,0.0,1.0,73156.99,21800.78,0.298,0.298,5.0,2.8,0.0,0.0,3.0,46-55,6-10 Years,5+ Products,Very Good,Low,Very Low,1 Complaint,262017.58229999998,Very High Value,45,High Risk,168.2136621140577
253,CUST000253,Varun,Bansal,39,Lucknow,Uttar Pradesh,Business Owner,757514,Mass,2014-01-07,0,1,773,0.992,0,4,Call Center,0.2142,1,4,252869.87,63217.4675,2,18,54170.29,3009.4605555555554,1203.0549999999998,5258.439790193276,18,2,1,3,1,6,1,1,3,0.0,0.0,0.0,0.0,0.0,2.0,698120.76,148777.63999999998,0.20350000000000001,0.234,4.0,5.5,0.0,1.0,1.0,36-45,0-1 Years,1 Product,Very Good,Good,Very Low,No Complaints,260934.4834,Very High Value,20,Low Risk,74.53526013082164
443,CUST000443,Arjun,Verma,31,Pune,Maharashtra,Self Employed,251940,Mass,2022-04-10,3,1,718,0.637,0,5,ATM,0.1611,1,5,248859.05,49771.81,2,32,58727.32,1835.22875,1030.9,2339.391827725882,30,6,2,3,1,11,4,2,3,2.0,1001035.96,500517.98,10.785,2.0,0.0,0.0,0.0,0.0,0.0,2.0,2.0,0.0,0.0,2.0,26-35,2-3 Years,1 Product,Good,Excellent,Very Low,No Complaints,260043.95599999998,Very High Value,20,Low Risk,74.34914006428303
2866,CUST002866,Nisha,Malhotra,61,Chennai,Tamil Nadu,Retired,653957,Mass,2024-12-22,4,2,662,0.804,0,3,ATM,0.0911,1,5,246105.66,49221.132,4,18,201711.88,11206.215555555556,2875.825,20047.88955182718,17,2,0,0,1,4,1,5,5,1.0,489491.79,489491.79,16.43,1.0,1.0,457265.54,197995.98,0.433,0.433,7.0,3.7142857142857144,1.0,0.0,6.0,56-65,4-5 Years,2 Products,Fair,Below Average,Very Low,No Complaints,259607.4709,Very High Value,35,Medium Risk,129.9513508244628
4913,CUST004913,Vivaan,Kumar,37,Chennai,Tamil Nadu,Salaried,688803,Mass,2015-10-06,11,4,606,0.363,0,5,Call Center,0.066,1,2,239452.4,119726.2,2,28,90441.45,3230.0517857142854,1432.935,5796.657339441128,28,6,1,4,1,7,0,4,5,2.0,1445173.1,722586.55,11.98,1.0,1.0,94276.12,13481.49,0.143,0.143,6.0,4.166666666666667,1.0,1.0,2.0,36-45,10+ Years,4 Products,Fair,Excellent,Very Low,No Complaints,256655.7212,Very High Value,25,Medium Risk,92.05124950009595
4525,CUST004525,Ananya,Patel,52,Lucknow,Uttar Pradesh,Retired,211272,Mass,2017-06-01,5,3,770,0.626,2,4,Internet Banking,0.1359,1,3,231234.58000000002,77078.19333333334,2,29,60201.990000000005,2075.9306896551725,1112.51,2724.178647427423,25,4,2,2,3,10,1,3,4,1.0,229977.64,229977.64,9.91,1.0,3.0,2187384.83,742752.75,0.33266666666666667,0.446,5.0,5.2,0.0,2.0,2.0,46-55,4-5 Years,3 Products,Very Good,Good,Very Low,2-3 Complaints,256612.24450000003,Very High Value,30,Medium Risk,110.44786946638675
4117,CUST004117,Vivaan,Gupta,28,Delhi,Delhi,Self Employed,436428,Mass,2022-07-28,14,4,686,0.727,2,4,Mobile App,0.1091,1,5,253848.79,50769.758,3,17,117539.22,6914.071764705883,3155.75,9155.277053576965,17,3,0,1,1,6,1,4,1,0.0,0.0,0.0,0.0,0.0,0.0,0.0,0.0,0.0,0.0,4.0,4.75,0.0,2.0,1.0,26-35,10+ Years,4 Products,Good,Good,Very Low,2-3 Complaints,256199.5744,Very High Value,30,Medium Risk,110.31849750129534
5381,CUST005381,Ananya,Kumar,47,Jaipur,Rajasthan,Self Employed,184184,Mass,2017-05-28,8,2,665,0.121,0,5,Branch,0.148,1,3,240310.81,80103.60333333333,2,25,43839.21,1753.5683999999999,864.97,2010.309005426114,25,3,2,3,2,7,2,1,5,0.0,0.0,0.0,0.0,0.0,2.0,1410857.1500000001,292407.20999999996,0.2455,0.291,5.0,3.8,2.0,1.0,2.0,46-55,6-10 Years,2 Products,Fair,Excellent,Very Low,No Complaints,255296.16569999998,Very High Value,25,Medium Risk,91.69606593117526
4506,CUST004506,Arjun,Singh,32,Ludhiana,Punjab,Retired,364747,Mass,2021-10-31,0,2,703,0.412,0,4,Call Center,0.1141,1,5,242197.61,48439.522,5,18,24058.18,1336.5655555555556,1251.27,894.3214612485117,18,4,0,2,1,6,2,1,2,0.0,0.0,0.0,0.0,0.0,1.0,1179812.76,588726.57,0.499,0.499,3.0,2.0,1.0,0.0,1.0,26-35,0-1 Years,2 Products,Good,Good,Very Low,No Complaints,254476.9012,Very High Value,20,Low Risk,73.18562661169297
7713,CUST007713,Ishaan,Joshi,36,Kolkata,West Bengal,Business Owner,657348,Mass,2017-02-21,10,4,639,0.753,0,4,Branch,0.066,1,5,244820.77,48964.153999999995,4,23,76817.5,3339.891304347826,1511.77,4888.640486514077,23,1,3,1,1,11,1,2,3,0.0,0.0,0.0,0.0,0.0,2.0,749125.01,98064.83,0.161,0.231,3.0,5.333333333333333,0.0,1.0,1.0,36-45,6-10 Years,4 Products,Fair,Good,Very Low,No Complaints,253848.3701,Very High Value,25,Medium Risk,91.31782965595467
7346,CUST007346,Raj,Arora,22,Kolkata,West Bengal,Retired,755159,Mass,2012-09-27,2,6,562,0.32,0,4,Call Center,0.168,1,3,240560.22,80186.74,3,21,57961.130000000005,2760.05380952381,728.93,4743.382678407337,21,3,1,1,1,5,1,3,6,0.0,0.0,0.0,0.0,0.0,2.0,1044473.1599999999,397376.77,0.38149999999999995,0.479,3.0,3.0,1.0,1.0,1.0,18-25,2-3 Years,5+ Products,Poor,Good,Very Low,No Complaints,252164.1742,Very High Value,35,Medium Risk,127.22896739766034
9997,CUST009997,Meera,Mehta,29,Chandigarh,Chandigarh,Salaried,433740,Mass,2025-03-15,4,2,691,0.901,1,4,ATM,0.066,1,3,237715.89,79238.63,3,19,74412.46,3916.445263157895,793.59,8250.905505721692,19,0,5,2,2,6,0,3,1,0.0,0.0,0.0,0.0,0.0,2.0,1257314.3599999999,522944.26,0.396,0.428,10.0,4.5,1.0,4.0,4.0,26-35,4-5 Years,2 Products,Good,Good,Very Low,1 Complaint,251777.28280000002,Very High Value,20,Low Risk,72.62140685131632
9708,CUST009708,Kavya,Joshi,43,Kolkata,West Bengal,Salaried,293104,Mass,2012-07-05,5,4,680,0.89,2,5,Branch,0.1359,1,3,248348.27000000002,82782.75666666667,2,22,54293.46,2467.8845454545453,1405.385,2586.620404644101,21,3,3,1,0,11,1,1,2,0.0,0.0,0.0,0.0,0.0,0.0,0.0,0.0,0.0,0.0,4.0,5.25,1.0,1.0,3.0,36-45,4-5 Years,4 Products,Good,Excellent,Very Low,2-3 Complaints,249434.1392,Very High Value,30,Medium Risk,108.19753539010154
1315,CUST001315,Varun,Arora,51,Hyderabad,Telangana,Salaried,256667,Mass,2015-02-08,3,2,766,0.542,1,3,Call Center,0.0832,1,4,233075.8,58268.95,4,16,26049.25,1628.078125,1313.9850000000001,1377.4529173041028,14,2,1,1,2,8,0,0,2,1.0,819562.56,819562.56,11.42,1.0,1.0,216920.09,24078.13,0.111,0.111,5.0,4.0,0.0,1.0,2.0,46-55,2-3 Years,2 Products,Very Good,Below Average,Very Low,1 Complaint,243961.61149999997,Very High Value,30,Medium Risk,106.4818994315813
6217,CUST006217,Varun,Khanna,31,Ahmedabad,Gujarat,Salaried,425111,Mass,2020-04-22,1,3,750,0.93,0,5,Call Center,0.1141,1,2,236982.44,118491.22,1,21,25487.08,1213.6704761904762,688.48,1499.9760210365903,21,4,2,0,1,10,2,1,1,1.0,531826.04,531826.04,8.62,1.0,0.0,0.0,0.0,0.0,0.0,6.0,4.666666666666667,0.0,1.0,2.0,26-35,0-1 Years,3 Products,Very Good,Excellent,Very Low,No Complaints,242810.442,Very High Value,20,Low Risk,70.74733873579616
9461,CUST009461,Riya,Patel,32,Ludhiana,Punjab,Business Owner,281239,Mass,2025-06-17,4,1,780,0.587,2,3,Branch,0.2497,1,3,240598.71000000002,80199.57,2,19,68881.49,3625.341578947369,1429.63,5973.218573344472,19,2,3,1,1,5,1,1,5,0.0,0.0,0.0,0.0,0.0,0.0,0.0,0.0,0.0,0.0,6.0,4.5,1.0,1.0,2.0,26-35,4-5 Years,1 Product,Very Good,Below Average,Very Low,2-3 Complaints,241976.33980000002,Very High Value,40,Medium Risk,141.14602305183163
2310,CUST002310,Raj,Malhotra,39,Pune,Maharashtra,Business Owner,303820,Mass,2012-09-14,7,1,721,0.685,0,5,Mobile App,0.1611,1,3,212230.61,70743.53666666667,1,17,55251.11,3250.065294117647,1192.05,5577.475653968735,17,2,3,4,1,4,1,0,2,0.0,0.0,0.0,0.0,0.0,3.0,2757974.6900000004,1272466.78,0.49300000000000005,0.675,2.0,3.5,0.0,0.0,1.0,36-45,6-10 Years,1 Product,Good,Excellent,Very Low,No Complaints,240915.3791,Very High Value,20,Low Risk,70.3512709303105
5257,CUST005257,Dev,Kumar,26,Ahmedabad,Gujarat,Salaried,297950,Mass,2011-06-25,2,3,750,0.51,1,4,ATM,0.0832,1,2,227932.66,113966.33,1,17,37615.92,2212.701176470588,1157.74,3153.2390916660647,16,1,2,1,1,10,0,1,1,0.0,0.0,0.0,0.0,0.0,1.0,1120529.05,150150.89,0.134,0.134,5.0,4.2,0.0,2.0,1.0,26-35,2-3 Years,3 Products,Very Good,Good,Very Low,1 Complaint,239890.2689,Very High Value,20,Low Risk,70.13702308276152
7692,CUST007692,Vivaan,Malhotra,35,Bengaluru,Karnataka,Salaried,551331,Mass,2017-10-25,5,3,831,0.787,0,4,Internet Banking,0.066,1,3,237815.01,79271.67,1,23,90717.23,3944.2273913043477,1446.22,6433.97065402654,23,4,4,2,0,8,1,1,3,0.0,0.0,0.0,0.0,0.0,0.0,0.0,0.0,0.0,0.0,6.0,4.166666666666667,1.0,1.0,4.0,26-35,4-5 Years,3 Products,Excellent,Good,Very Low,No Complaints,239629.35460000002,Very High Value,20,Low Risk,70.08249204095767
5176,CUST005176,Meera,Chopra,45,Kolkata,West Bengal,Salaried,566633,Mass,2022-10-06,6,1,675,0.842,0,4,Branch,0.1301,1,3,228875.01,76291.67,3,18,52617.060000000005,2923.17,1676.99,3019.6706230666555,18,1,0,1,1,8,0,3,4,0.0,0.0,0.0,0.0,0.0,2.0,771537.27,326447.79,0.3645,0.614,4.0,4.5,0.0,1.0,3.0,36-45,6-10 Years,1 Product,Good,Good,Very Low,No Complaints,237642.7239,Very High Value,25,Medium Risk,87.08410822716277
1389,CUST001389,Rahul,Mehta,29,Jaipur,Rajasthan,Self Employed,215769,Mass,2011-11-07,2,2,702,0.675,0,3,Mobile App,0.0832,1,3,214583.61000000002,71527.87000000001,3,17,36335.37,2137.3747058823533,1101.77,2333.719564785789,17,1,1,0,0,10,0,1,4,1.0,323770.96,323770.96,11.02,0.0,2.0,1876111.8900000001,675862.4299999999,0.39149999999999996,0.476,4.0,4.25,0.0,1.0,1.0,26-35,2-3 Years,2 Products,Good,Below Average,Very Low,No Complaints,237309.14590000003,Very High Value,30,Medium Risk,104.39635325953016
5491,CUST005491,Karan,Kumar,55,Hyderabad,Telangana,Self Employed,587375,Mass,2021-02-24,11,3,706,0.45,0,3,Mobile App,0.066,1,5,226130.61,45226.121999999996,5,20,34909.31,1745.4654999999998,1265.88,1211.469279248506,19,1,1,4,0,9,1,0,4,0.0,0.0,0.0,0.0,0.0,1.0,957838.02,455930.9,0.476,0.476,4.0,4.5,0.0,0.0,2.0,46-55,10+ Years,3 Products,Good,Below Average,Very Low,No Complaints,236407.1764,Very High Value,30,Medium Risk,104.11358606445712
9896,CUST009896,Riya,Kumar,31,Chennai,Tamil Nadu,Self Employed,1208748,Affluent,2022-12-11,3,5,793,0.812,1,4,Internet Banking,0.0474,1,3,228528.62,76176.20666666667,1,29,41517.16,1431.6262068965518,948.4,1686.7648481093152,28,3,4,2,4,12,1,1,2,1.0,132076.37,132076.37,10.21,1.0,1.0,490616.35,12756.03,0.026,0.026,1.0,1.0,0.0,1.0,0.0,26-35,2-3 Years,5+ Products,Very Good,Good,Very Low,1 Complaint,235585.8904,Very High Value,20,Low Risk,69.23740874992085
5699,CUST005699,Ananya,Mehta,39,Ludhiana,Punjab,Business Owner,462112,Mass,2012-11-06,4,1,711,0.62,0,5,Branch,0.1301,1,5,221520.94,44304.188,3,22,38544.73,1752.033181818182,1038.7350000000001,1688.6862314050568,21,2,2,1,0,10,1,2,4,0.0,0.0,0.0,0.0,0.0,3.0,1319797.79,313056.10000000003,0.2523333333333333,0.288,3.0,5.333333333333333,1.0,1.0,1.0,36-45,4-5 Years,1 Product,Good,Excellent,Very Low,No Complaints,235489.8125,Very High Value,20,Low Risk,69.21732848608967
1951,CUST001951,Nisha,Kapoor,40,Hyderabad,Telangana,Student,259859,Mass,2022-08-12,1,3,760,0.525,0,4,Internet Banking,0.1419,1,5,229066.74,45813.348,3,19,97800.95999999999,5147.418947368421,515.41,12887.008465218369,18,2,1,1,2,5,2,2,4,0.0,0.0,0.0,0.0,0.0,1.0,350476.24,91474.3,0.261,0.261,4.0,3.0,2.0,1.0,2.0,36-45,0-1 Years,3 Products,Very Good,Good,Very Low,No Complaints,234527.5216,Very High Value,20,Low Risk,69.01620986094967
3484,CUST003484,Priya,Kapoor,18,Kolkata,West Bengal,Self Employed,271890,Mass,2024-04-25,1,1,703,0.746,0,3,Branch,0.2592,1,5,207077.36,41415.471999999994,5,16,67651.41,4228.213125,1037.925,9926.893527838887,16,3,1,1,2,4,1,1,3,1.0,202735.3,202735.3,12.4,1.0,4.0,2363780.87,283674.67,0.143,0.236,8.0,3.0,2.0,1.0,4.0,18-25,0-1 Years,1 Product,Good,Below Average,Very Low,No Complaints,234095.54989999998,Very High Value,30,Medium Risk,103.38889177993696
5034,CUST005034,Nisha,Kumar,35,Jaipur,Rajasthan,Self Employed,423809,Mass,2013-11-05,6,3,654,0.878,2,4,Branch,0.1091,1,4,220462.05,55115.5125,2,18,20522.96,1140.1644444444444,622.33,1796.3654036389285,18,2,4,0,5,4,1,0,2,0.0,0.0,0.0,0.0,0.0,1.0,1221660.7,213790.62,0.175,0.175,7.0,4.142857142857143,2.0,2.0,3.0,26-35,6-10 Years,3 Products,Fair,Good,Very Low,2-3 Complaints,233089.1162,Very High Value,35,Medium Risk,120.2522709340495
4818,CUST004818,Priya,Patel,27,Pune,Maharashtra,Self Employed,184305,Mass,2020-05-30,5,3,745,0.536,0,3,Call Center,0.0832,1,3,193026.94,64342.31333333333,2,19,31779.4,1672.6000000000001,861.14,2086.4700055995695,18,5,0,0,1,9,2,0,2,1.0,2232625.01,2232625.01,12.61,0.0,2.0,1468442.8699999999,315816.41000000003,0.196,0.223,7.0,3.5714285714285716,1.0,2.0,3.0,26-35,4-5 Years,3 Products,Very Good,Below Average,Very Low,No Complaints,230673.20679999999,Very High Value,30,Medium Risk,102.31598814077334
4393,CUST004393,Arjun,Patel,24,Ludhiana,Punjab,Student,411081,Mass,2016-03-08,6,5,671,0.405,1,4,Mobile App,0.066,1,1,225446.25,225446.25,1,16,46802.48,2925.155,1132.405,3556.6716032849213,16,2,3,3,0,5,0,1,2,0.0,0.0,0.0,0.0,0.0,0.0,0.0,0.0,0.0,0.0,4.0,3.25,2.0,2.0,0.0,18-25,6-10 Years,5+ Products,Good,Good,Very Low,1 Complaint,226382.2996,Very High Value,25,Medium Risk,84.142324908692
948,CUST000948,Siddharth,Bansal,54,Lucknow,Uttar Pradesh,Business Owner,585264,Mass,2012-09-02,1,2,612,0.32,1,5,Mobile App,0.1978,1,5,208478.47,41695.694,3,23,52265.119999999995,2272.39652173913,1426.4,2564.1765659255793,23,1,3,2,2,9,2,2,2,0.0,0.0,0.0,0.0,0.0,2.0,1282826.96,625563.22,0.6145,0.761,8.0,4.375,1.0,2.0,3.0,46-55,0-1 Years,2 Products,Fair,Excellent,Very Low,1 Complaint,222352.042,Very High Value,30,Medium Risk,99.70730521941458
7994,CUST007994,Raj,Khanna,34,Chennai,Tamil Nadu,Student,306641,Mass,2016-09-06,9,2,796,0.745,0,4,Internet Banking,0.0832,1,3,189477.11,63159.03666666666,3,20,73949.17,3697.4584999999997,907.6800000000001,8501.318392447805,18,4,3,0,0,6,1,2,4,1.0,1103996.4,1103996.4,11.8,1.0,2.0,1979456.99,458992.96,0.21300000000000002,0.325,2.0,4.5,0.0,0.0,1.0,26-35,6-10 Years,2 Products,Very Good,Good,Very Low,No Complaints,221790.6273,Very High Value,20,Low Risk,66.35420124155047
7140,CUST007140,Arjun,Joshi,33,Kolkata,West Bengal,Salaried,475482,Mass,2022-12-18,9,1,672,0.265,0,4,Branch,0.2227,1,2,207003.23,103501.615,1,31,64758.880000000005,2088.996129032258,1213.9,2780.5956470352144,30,1,2,0,2,10,2,4,10,2.0,330722.93,165361.465,8.49,1.0,2.0,1000092.5399999999,192127.86,0.147,0.238,3.0,4.666666666666667,0.0,1.0,2.0,26-35,6-10 Years,1 Product,Good,Good,Very Low,No Complaints,221606.56230000002,Very High Value,25,Medium Risk,82.89466461204238
6561,CUST006561,Arjun,Singh,35,Kolkata,West Bengal,Salaried,312655,Mass,2018-12-26,2,1,591,0.856,0,3,ATM,0.1611,1,2,189294.63,94647.315,0,24,65212.44,2717.185,1212.745,4089.203781539448,23,4,1,1,1,9,1,5,2,1.0,574251.27,574251.27,10.46,1.0,3.0,2397308.56,823328.0,0.4176666666666667,0.677,6.0,3.3333333333333335,0.0,5.0,1.0,26-35,2-3 Years,1 Product,Fair,Below Average,Very Low,No Complaints,220314.4771,Very High Value,45,High Risk,148.60279375890838
6026,CUST006026,Rohan,Gupta,42,Lucknow,Uttar Pradesh,Retired,814556,Affluent,2022-05-25,5,3,681,0.745,0,4,Mobile App,0.0474,1,2,216529.68,108264.84,2,20,24715.510000000002,1235.7755000000002,825.475,1355.7319018172436,20,3,5,0,0,7,2,0,3,1.0,239118.63,239118.63,13.94,1.0,0.0,0.0,0.0,0.0,0.0,5.0,4.0,1.0,0.0,5.0,36-45,4-5 Years,3 Products,Good,Good,Very Low,No Complaints,219415.1765,Very High Value,20,Low Risk,65.85773245130866
1422,CUST001422,Aanya,Kapoor,27,Ludhiana,Punjab,Self Employed,308109,Mass,2013-03-07,10,1,645,0.549,0,3,Internet Banking,0.1611,1,2,188218.86,94109.43,2,17,56822.0,3342.470588235294,1199.59,4418.143412850966,16,2,4,2,0,4,0,1,4,1.0,2970053.53,2970053.53,10.15,1.0,0.0,0.0,0.0,0.0,0.0,5.0,6.4,0.0,1.0,2.0,26-35,6-10 Years,1 Product,Fair,Below Average,Very Low,No Complaints,219055.83529999998,Very High Value,35,Medium Risk,115.11960285891772
8189,CUST008189,Siddharth,Arora,18,Chandigarh,Chandigarh,Salaried,601812,Mass,2016-07-23,4,2,677,0.171,0,4,Call Center,0.1192,1,3,148251.78999999998,49417.26333333333,2,15,32528.83,2168.588666666667,1520.92,3194.830735871546,15,5,2,1,0,0,2,2,3,3.0,6070657.33,2023552.4433333334,9.996666666666668,1.0,1.0,909121.51,100912.49,0.111,0.111,4.0,4.5,1.0,0.0,2.0,18-25,4-5 Years,2 Products,Good,Good,Very Low,No Complaints,218700.155,Very High Value,25,Medium Risk,82.13536635790628
5295,CUST005295,Siddharth,Singh,32,Ludhiana,Punjab,Student,278773,Mass,2012-06-19,3,1,684,0.652,0,3,ATM,0.1611,1,5,193946.58,38789.316,4,23,33973.62,1477.1139130434783,1034.55,1582.7949613772673,22,4,5,2,2,6,1,1,2,2.0,856622.1799999999,428311.08999999997,13.0,0.0,3.0,1505406.48,264595.24,0.24133333333333332,0.455,1.0,3.0,0.0,0.0,0.0,26-35,2-3 Years,1 Product,Good,Below Average,Very Low,No Complaints,218246.33899999998,Very High Value,30,Medium Risk,98.42016843583933
1042,CUST001042,Karan,Singh,57,Ludhiana,Punjab,Self Employed,389012,Mass,2016-06-13,4,3,743,0.634,0,4,ATM,0.066,1,4,168523.54,42130.885,3,11,57012.61,5182.964545454545,2094.26,5990.454380571417,11,0,0,5,0,5,0,1,0,1.0,3082222.28,3082222.28,9.26,0.0,4.0,1751653.25,576134.9299999999,0.35375,0.746,5.0,3.8,2.0,2.0,2.0,56-65,4-5 Years,3 Products,Very Good,Good,Very Low,No Complaints,218002.5475,Very High Value,20,Low Risk,65.56249324421142
2204,CUST002204,Ishaan,Mehta,31,Delhi,Delhi,Business Owner,467038,Mass,2019-07-23,1,5,681,0.734,0,3,ATM,0.1141,1,4,199027.39,49756.8475,3,13,38497.39,2961.337692307692,1692.56,2906.414134972721,12,0,1,0,1,8,0,1,2,1.0,926472.6,926472.6,10.53,1.0,2.0,766052.9199999999,194012.22999999998,0.2875,0.354,8.0,3.125,3.0,3.0,2.0,26-35,0-1 Years,5+ Products,Good,Below Average,Very Low,No Complaints,216722.593,Very High Value,30,Medium Risk,97.94247447565138
8671,CUST008671,Diya,Sethi,46,Jaipur,Rajasthan,Retired,2371819,Premium,2019-03-29,2,2,690,0.692,0,5,Call Center,0.0474,1,2,205886.57,102943.285,2,36,114189.25,3171.9236111111113,1112.875,6776.060818803695,34,7,5,2,1,14,1,1,5,1.0,796726.72,796726.72,11.2,0.0,0.0,0.0,0.0,0.0,0.0,6.0,4.333333333333333,0.0,0.0,4.0,46-55,2-3 Years,2 Products,Good,Excellent,Very Low,No Complaints,216137.6222,Very High Value,20,Low Risk,65.17272419170892
8560,CUST008560,Arjun,Kapoor,18,Chennai,Tamil Nadu,Student,229761,Mass,2016-04-10,3,4,775,0.814,0,3,ATM,0.0832,1,5,203290.26,40658.052,4,17,30525.31,1795.6064705882354,640.9,2192.1347705288936,17,3,1,0,0,4,2,1,6,2.0,427509.56,213754.78,10.129999999999999,0.0,2.0,741705.6699999999,259385.38,0.34750000000000003,0.397,5.0,4.8,0.0,3.0,0.0,18-25,2-3 Years,4 Products,Very Good,Below Average,Very Low,No Complaints,215592.9185,Very High Value,30,Medium Risk,97.58832182446912
2991,CUST002991,Dev,Chopra,29,Hyderabad,Telangana,Retired,1110595,Affluent,2015-07-12,7,4,779,0.604,0,4,Call Center,0.0474,1,4,202476.37,50619.0925,3,12,38540.33,3211.6941666666667,2063.425,3319.4384494573183,12,3,2,2,0,2,0,1,2,1.0,951756.29,951756.29,8.37,1.0,1.0,202610.9,71116.43,0.351,0.351,9.0,3.4444444444444446,2.0,3.0,3.0,26-35,6-10 Years,4 Products,Very Good,Good,Very Low,No Complaints,214790.8485,Very High Value,20,Low Risk,64.891248730475
7708,CUST007708,Riya,Patel,45,Ahmedabad,Gujarat,Student,616212,Mass,2019-08-17,4,3,727,0.655,0,4,Branch,0.066,1,2,211129.62,105564.81,2,22,57697.03,2622.5922727272728,1583.9650000000001,3164.0395556026797,22,2,1,4,0,9,0,1,5,1.0,168534.49,168534.49,13.06,1.0,0.0,0.0,0.0,0.0,0.0,8.0,5.0,0.0,1.0,5.0,36-45,4-5 Years,3 Products,Good,Good,Very Low,No Complaints,213968.9055,Very High Value,20,Low Risk,64.7194627912092
6188,CUST006188,Raj,Sethi,33,Pune,Maharashtra,Self Employed,390583,Mass,2022-05-08,8,3,698,0.983,0,4,Branch,0.066,1,1,211749.96,211749.96,0,24,52561.92,2190.08,953.115,3072.0628003997576,24,4,2,2,0,11,2,2,1,1.0,87081.91,87081.91,9.75,0.0,0.0,0.0,0.0,0.0,0.0,5.0,4.4,1.0,0.0,2.0,26-35,6-10 Years,3 Products,Good,Good,Very Low,No Complaints,213672.0175,Very High Value,20,Low Risk,64.65741325257117
6950,CUST006950,Diya,Khanna,44,Hyderabad,Telangana,Student,504204,Mass,2020-03-10,8,3,684,0.728,0,3,Call Center,0.066,1,2,207693.6,103846.8,2,18,25965.55,1442.5305555555556,1129.975,1282.7834595242819,17,1,4,2,0,9,0,2,0,1.0,165183.53,165183.53,11.44,1.0,0.0,0.0,0.0,0.0,0.0,7.0,4.285714285714286,1.0,2.0,2.0,36-45,6-10 Years,3 Products,Good,Below Average,Very Low,No Complaints,209864.7463,Very High Value,30,Medium Risk,95.79254138412233
4533,CUST004533,Varun,Gupta,29,Mumbai,Maharashtra,Salaried,1180498,Affluent,2020-05-25,2,1,734,0.683,0,4,Internet Banking,0.0953,1,2,193702.85,96851.425,1,27,48924.38,1812.014074074074,765.05,1823.171617676733,26,1,3,4,1,10,4,1,3,1.0,568921.36,568921.36,6.0,0.0,1.0,813759.15,140780.33,0.173,0.173,4.0,5.25,0.0,1.0,2.0,26-35,2-3 Years,1 Product,Good,Good,Very Low,No Complaints,208508.1427,Very High Value,20,Low Risk,63.578164347514445
6300,CUST006300,Aanya,Mehta,18,Hyderabad,Telangana,Self Employed,403459,Mass,2014-07-23,4,4,646,0.778,0,5,Mobile App,0.066,1,1,193552.53,193552.53,1,9,23864.39,2651.5988888888887,1345.61,4145.882115697588,9,4,0,1,1,3,0,0,0,4.0,1329591.11,332397.7775,9.325,3.0,1.0,82077.07,22407.04,0.273,0.273,0.0,0.0,0.0,0.0,0.0,18-25,4-5 Years,4 Products,Fair,Excellent,Very Low,No Complaints,208146.49959999998,Very High Value,35,Medium Risk,111.12951675807686
919,CUST000919,Riya,Singh,39,Pune,Maharashtra,Salaried,346646,Mass,2025-07-02,4,3,639,0.79,0,3,Mobile App,0.0832,1,2,198506.14,99253.07,1,23,37306.340000000004,1622.014782608696,1266.26,1489.6625594221898,21,1,2,2,0,9,1,1,7,0.0,0.0,0.0,0.0,0.0,2.0,888669.14,198456.78,0.31699999999999995,0.571,4.0,3.0,0.0,1.0,2.0,36-45,4-5 Years,3 Products,Fair,Below Average,Very Low,No Complaints,208138.95820000002,Very High Value,35,Medium Risk,111.12675849339897
2335,CUST002335,Siddharth,Khanna,26,Ludhiana,Punjab,Salaried,801995,Affluent,2014-04-20,8,5,662,0.669,2,4,Mobile App,0.0794,1,2,206638.85,103319.425,1,26,61715.8,2373.6846153846154,1343.3000000000002,4244.139989388881,24,4,4,4,0,7,1,2,4,0.0,0.0,0.0,0.0,0.0,0.0,0.0,0.0,0.0,0.0,9.0,3.4444444444444446,0.0,1.0,4.0,26-35,6-10 Years,5+ Products,Fair,Good,Very Low,2-3 Complaints,207873.166,Very High Value,35,Medium Risk,111.02954507985153
7524,CUST007524,Nisha,Sethi,36,Mumbai,Maharashtra,Retired,373519,Mass,2022-04-30,10,1,655,0.462,0,4,ATM,0.1301,1,4,188315.57,47078.8925,3,24,60755.14,2531.4641666666666,802.3399999999999,4342.156603480245,23,1,5,2,3,9,0,1,3,1.0,1254416.62,1254416.62,10.36,1.0,1.0,533908.05,162308.05,0.304,0.304,9.0,4.222222222222222,2.0,4.0,2.0,36-45,6-10 Years,1 Product,Fair,Good,Very Low,No Complaints,207413.91950000002,Very High Value,25,Medium Risk,79.18683986923457
1001,CUST001001,Siddharth,Verma,38,Mumbai,Maharashtra,Retired,544564,Mass,2025-09-24,13,4,762,0.495,0,4,ATM,0.066,1,4,204395.02999999997,51098.75749999999,3,18,49662.11,2759.0061111111113,2023.355,2602.1517955974523,18,0,0,3,0,8,2,1,4,0.0,0.0,0.0,0.0,0.0,1.0,192635.26,34096.44,0.177,0.177,5.0,4.4,1.0,1.0,1.0,36-45,10+ Years,4 Products,Very Good,Good,Very Low,No Complaints,207314.6248,Very High Value,20,Low Risk,63.328719320934674
4499,CUST004499,Diya,Arora,28,Kolkata,West Bengal,Self Employed,180000,Mass,2023-06-05,9,3,617,0.78,2,5,Internet Banking,0.1359,1,4,176920.3,44230.075,4,24,47647.57,1985.3154166666666,1297.91,2413.5872495321496,24,3,2,5,0,9,0,2,3,2.0,2843330.77,1421665.385,11.945,2.0,0.0,0.0,0.0,0.0,0.0,5.0,4.6,0.0,1.0,1.0,26-35,6-10 Years,3 Products,Fair,Excellent,Very Low,2-3 Complaints,206306.55909999998,Very High Value,35,Medium Risk,110.45655909893873
6446,CUST006446,Priya,Khanna,27,Mumbai,Maharashtra,Retired,209724,Mass,2017-06-13,6,5,716,0.885,0,4,Internet Banking,0.0832,1,3,196551.88,65517.293333333335,2,19,36425.85,1917.1499999999999,1279.05,1813.8554061936075,19,1,4,3,1,7,0,0,3,2.0,552544.5,276272.25,9.675,2.0,1.0,205325.04,48867.36,0.238,0.238,7.0,2.857142857142857,0.0,2.0,2.0,26-35,6-10 Years,5+ Products,Good,Good,Very Low,No Complaints,204859.0924,Very High Value,20,Low Risk,62.815513490686556
7354,CUST007354,Siddharth,Bansal,45,Hyderabad,Telangana,Salaried,298134,Mass,2011-07-04,2,5,703,0.483,1,1,Branch,0.1611,1,5,202692.23,40538.446,2,20,43611.63,2180.5815,1691.38,2447.0156644547874,20,2,2,5,0,6,1,0,4,0.0,0.0,0.0,0.0,0.0,1.0,119078.45,25482.79,0.214,0.214,2.0,5.0,0.0,1.0,1.0,36-45,2-3 Years,5+ Products,Good,Low,Very Low,1 Complaint,204755.2471,Very High Value,45,High Risk,141.2860721437158
6240,CUST006240,Sara,Sharma,35,Mumbai,Maharashtra,Student,516344,Mass,2021-08-10,3,5,755,0.95,0,2,ATM,0.1301,1,4,196190.88999999998,49047.722499999996,4,17,53907.299999999996,3171.017647058823,760.44,9370.077994315556,17,5,2,1,2,2,1,1,3,3.0,690687.97,230229.32333333333,9.003333333333332,0.0,0.0,0.0,0.0,0.0,0.0,5.0,2.6,1.0,0.0,2.0,26-35,2-3 Years,5+ Products,Very Good,Low,Very Low,No Complaints,204175.91569999998,Very High Value,45,High Risk,141.01364178715318
5101,CUST005101,Arjun,Verma,52,Ludhiana,Punjab,Student,690280,Mass,2016-06-04,5,2,653,0.864,1,4,Branch,0.066,1,2,196673.34000000003,98336.67000000001,1,16,49313.1,3082.06875,1671.895,3964.9403550618936,16,2,0,3,1,4,2,1,3,1.0,183007.68,183007.68,10.62,1.0,1.0,291824.66,69746.09,0.239,0.239,7.0,3.4285714285714284,0.0,1.0,4.0,46-55,4-5 Years,2 Products,Fair,Good,Very Low,1 Complaint,202407.92540000004,Very High Value,25,Medium Risk,77.87902503531727
6415,CUST006415,Ishaan,Arora,29,Jaipur,Rajasthan,Retired,535348,Mass,2025-04-10,5,3,693,0.44,0,4,Branch,0.066,1,5,173132.68,34626.536,4,12,39842.67,3320.2225,1301.8899999999999,5900.29757938626,12,0,1,1,0,6,0,1,3,2.0,2819325.47,1409662.735,10.91,2.0,0.0,0.0,0.0,0.0,0.0,4.0,3.75,1.0,1.0,1.0,26-35,4-5 Years,3 Products,Good,Good,Very Low,No Complaints,202122.78809999998,Very High Value,20,Low Risk,62.243626383803736
417,CUST000417,Vivaan,Bansal,24,Ahmedabad,Gujarat,Self Employed,403308,Mass,2023-06-15,5,6,613,0.771,1,4,Mobile App,0.066,1,3,192370.89,64123.630000000005,3,20,77030.96,3851.5480000000002,1768.9,5625.358270736466,18,3,1,1,1,6,0,5,3,2.0,806823.5700000001,403411.78500000003,13.25,0.0,0.0,0.0,0.0,0.0,0.0,5.0,4.2,2.0,1.0,4.0,18-25,4-5 Years,5+ Products,Fair,Good,Very Low,1 Complaint,201979.7449,Very High Value,25,Medium Risk,77.76716297589252
937,CUST000937,Rahul,Kumar,62,Kolkata,West Bengal,Business Owner,482160,Mass,2021-09-22,4,2,733,0.531,0,4,Branch,0.0911,1,4,197132.75,49283.1875,3,16,27031.2,1689.45,1362.2350000000001,1247.9431794917589,15,3,4,2,0,5,0,0,2,1.0,294776.76,294776.76,11.63,1.0,1.0,100931.66,9992.23,0.099,0.099,4.0,3.0,1.0,0.0,2.0,56-65,4-5 Years,2 Products,Good,Good,Very Low,No Complaints,201630.4582,Very High Value,20,Low Risk,62.14072952319402
7381,CUST007381,Dev,Bansal,25,Chandigarh,Chandigarh,Business Owner,422977,Mass,2021-03-14,2,1,781,0.471,0,5,Call Center,0.1301,1,2,150030.54,75015.27,2,21,114060.79000000001,5431.466190476191,906.09,15843.588595468349,21,3,4,2,1,5,0,2,4,4.0,4071899.45,1017974.8625,12.3325,2.0,2.0,739395.5700000001,79617.94,0.11649999999999999,0.142,4.0,2.25,0.0,2.0,2.0,18-25,2-3 Years,1 Product,Very Good,Excellent,Very Low,No Complaints,200424.706,Very High Value,20,Low Risk,61.88872753011321
8661,CUST008661,Sara,Kapoor,20,Jaipur,Rajasthan,Student,754811,Mass,2011-12-29,5,3,632,0.845,2,4,Call Center,0.1091,1,2,198370.62,99185.31,2,28,40726.58,1454.5207142857143,1187.0700000000002,1256.0529271135758,26,4,4,1,1,9,1,0,8,0.0,0.0,0.0,0.0,0.0,1.0,115471.06,37643.57,0.326,0.326,8.0,4.0,0.0,1.0,3.0,18-25,4-5 Years,3 Products,Fair,Good,Very Low,2-3 Complaints,200339.86219999997,Very High Value,35,Medium Risk,108.27424158453498
2974,CUST002974,Aanya,Sharma,47,Ludhiana,Punjab,Retired,818562,Affluent,2012-01-17,2,1,727,0.849,2,4,Branch,0.1545,1,1,154010.61,154010.61,1,18,33537.28,1863.1822222222222,1278.105,2313.327924557162,17,4,2,0,1,6,2,1,2,3.0,1320496.81,440165.60333333333,10.846666666666666,0.0,4.0,3014815.51,1075740.29,0.31224999999999997,0.615,7.0,4.428571428571429,1.0,1.0,2.0,46-55,2-3 Years,1 Product,Good,Good,Very Low,2-3 Complaints,198034.47879999998,Very High Value,30,Medium Risk,92.08375571239092
9657,CUST009657,Rahul,Arora,34,Chennai,Tamil Nadu,Self Employed,448063,Mass,2016-12-10,7,2,771,0.56,0,4,Internet Banking,0.066,1,2,177945.28,88972.64,1,17,27438.61,1614.0358823529411,936.11,2023.0982288375756,17,0,1,2,0,6,1,0,7,0.0,0.0,0.0,0.0,0.0,2.0,1922470.31,475611.87,0.239,0.336,4.0,5.75,1.0,1.0,2.0,26-35,6-10 Years,2 Products,Very Good,Good,Very Low,No Complaints,197718.75530000002,Very High Value,20,Low Risk,61.32318432017472
6925,CUST006925,Priya,Chopra,18,Kolkata,West Bengal,Self Employed,487986,Mass,2011-04-26,6,4,675,0.829,0,5,Call Center,0.066,1,3,168298.88,56099.62666666667,3,11,23256.94,2114.2672727272725,706.78,2857.524929154918,11,1,1,1,0,6,0,1,1,1.0,2875215.14,2875215.14,10.97,1.0,0.0,0.0,0.0,0.0,0.0,10.0,3.1,1.0,5.0,4.0,18-25,6-10 Years,4 Products,Good,Excellent,Very Low,No Complaints,197516.1702,Very High Value,25,Medium Risk,76.60105508835862
2932,CUST002932,Dev,Kumar,29,Chandigarh,Chandigarh,Self Employed,613578,Mass,2020-07-19,1,2,737,0.474,0,5,Branch,0.1141,1,2,195689.82,97844.91,1,24,47932.65,1997.1937500000001,930.79,3156.168227029639,22,6,3,3,0,8,2,0,2,0.0,0.0,0.0,0.0,0.0,1.0,78720.41,4329.62,0.055,0.055,5.0,4.4,1.0,0.0,0.0,26-35,0-1 Years,2 Products,Good,Excellent,Very Low,No Complaints,197435.6771,Very High Value,20,Low Risk,61.26402102725456
6333,CUST006333,Rohan,Gupta,56,Lucknow,Uttar Pradesh,Salaried,330958,Mass,2011-04-09,7,4,717,0.562,2,5,Mobile App,0.1359,1,3,186910.14,62303.380000000005,1,25,33705.729999999996,1348.2291999999998,881.65,1506.4565223201762,25,7,1,2,3,6,2,0,4,1.0,857727.78,857727.78,11.29,1.0,0.0,0.0,0.0,0.0,0.0,6.0,5.166666666666667,0.0,0.0,3.0,56-65,6-10 Years,4 Products,Good,Excellent,Very Low,2-3 Complaints,196161.53240000003,Very High Value,30,Medium Risk,91.4965875209497
4711,CUST004711,Ananya,Kumar,37,Lucknow,Uttar Pradesh,Salaried,800538,Affluent,2015-06-04,1,1,769,0.542,0,3,Call Center,0.1611,1,1,193163.34,193163.34,0,24,91512.43,3813.017916666666,1275.3249999999998,5528.655560728462,23,3,6,5,1,5,1,2,1,0.0,0.0,0.0,0.0,0.0,1.0,72803.25,11939.73,0.164,0.164,4.0,3.25,0.0,1.0,2.0,36-45,0-1 Years,1 Product,Very Good,Below Average,Very Low,No Complaints,195721.6211,Very High Value,30,Medium Risk,91.3586754470027
6932,CUST006932,Aanya,Chopra,23,Jaipur,Rajasthan,Retired,924458,Affluent,2021-04-17,1,1,577,0.82,0,4,ATM,0.2227,1,3,185900.75,61966.916666666664,2,17,40219.21,2365.835882352941,1732.5,2691.9866998163707,16,2,0,1,1,10,1,0,2,0.0,0.0,0.0,0.0,0.0,2.0,872204.32,178082.24,0.20700000000000002,0.213,7.0,3.142857142857143,2.0,5.0,2.0,18-25,0-1 Years,1 Product,Poor,Good,Very Low,No Complaints,195427.1774,Very High Value,35,Medium Risk,106.47742866417612
4674,CUST004674,Kabir,Sethi,39,Chandigarh,Chandigarh,Student,491470,Mass,2023-01-01,8,2,660,0.501,0,5,ATM,0.066,1,5,181019.91,36203.982,5,16,66019.56,4126.2225,1265.685,9321.14277726324,16,2,0,3,0,8,1,1,1,1.0,485499.54,485499.54,11.95,0.0,2.0,732305.48,340502.01999999996,0.31,0.516,3.0,3.0,1.0,2.0,0.0,36-45,6-10 Years,2 Products,Fair,Excellent,Very Low,No Complaints,194518.3514,Very High Value,25,Medium Risk,75.81787560038516
1504,CUST001504,Meera,Malhotra,33,Delhi,Delhi,Business Owner,252371,Mass,2020-11-07,3,1,686,0.722,1,4,Internet Banking,0.1611,1,5,184818.07,36963.614,3,11,15061.33,1369.2118181818182,569.34,1985.0082634579546,11,2,2,0,0,4,2,0,1,1.0,357073.55,357073.55,9.11,0.0,1.0,538306.84,104431.53,0.194,0.194,5.0,3.2,0.0,0.0,1.0,26-35,2-3 Years,1 Product,Good,Good,Very Low,1 Complaint,194073.1005,Very High Value,20,Low Risk,60.561243122236526
5429,CUST005429,Aditya,Chopra,26,Lucknow,Uttar Pradesh,Self Employed,180000,Mass,2018-05-24,4,4,800,0.835,0,4,Branch,0.0832,1,4,193242.03000000003,48310.50750000001,3,22,36530.29,1660.4677272727274,837.435,1953.9456633472787,22,4,2,1,2,7,1,1,4,0.0,0.0,0.0,0.0,0.0,0.0,0.0,0.0,0.0,0.0,5.0,5.2,1.0,2.0,2.0,26-35,4-5 Years,4 Products,Very Good,Good,Very Low,No Complaints,193972.63580000002,Very High Value,20,Low Risk,60.54024601799383
3287,CUST003287,Aditya,Bansal,36,Ahmedabad,Gujarat,Student,602638,Mass,2019-04-29,12,1,722,0.714,0,4,ATM,0.1301,1,2,136959.36000000002,68479.68000000001,2,19,26056.690000000002,1371.4047368421054,732.46,1582.171193418042,19,1,1,0,2,7,1,0,7,4.0,3967694.9499999997,991923.7374999999,9.6075,3.0,2.0,1569336.3499999999,134452.32,0.0925,0.108,7.0,4.428571428571429,0.0,2.0,1.0,36-45,10+ Years,1 Product,Good,Good,Very Low,No Complaints,192850.80680000002,Very High Value,20,Low Risk,60.30578395862886
8369,CUST008369,Aanya,Arora,30,Hyderabad,Telangana,Retired,494452,Mass,2015-11-17,6,2,737,0.403,0,3,Mobile App,0.066,1,3,175989.88,58663.293333333335,2,22,55026.83,2501.2195454545454,1861.22,2303.1886289673594,22,3,2,1,1,9,0,0,6,2.0,1527797.4,763898.7,8.015,2.0,0.0,0.0,0.0,0.0,0.0,5.0,3.6,0.0,1.0,2.0,26-35,6-10 Years,2 Products,Good,Below Average,Very Low,No Complaints,192368.39059999998,Very High Value,30,Medium Risk,90.30743858930589
6855,CUST006855,Sara,Sharma,36,Mumbai,Maharashtra,Self Employed,641829,Mass,2020-11-11,9,1,749,0.557,1,4,Branch,0.1301,1,5,176424.47999999998,35284.89599999999,3,17,56710.16,3335.8917647058825,844.75,7042.66046532686,17,2,1,0,0,9,1,2,2,0.0,0.0,0.0,0.0,0.0,3.0,1433938.0,635707.8099999999,0.4123333333333334,0.471,4.0,4.25,2.0,1.0,2.0,36-45,6-10 Years,1 Product,Very Good,Good,Very Low,1 Complaint,191898.06319999998,Very High Value,20,Low Risk,60.10666071747284
8896,CUST008896,Priya,Malhotra,31,Jaipur,Rajasthan,Self Employed,1202564,Affluent,2018-08-16,6,1,613,0.948,2,2,Mobile App,0.2789,1,4,169315.21,42328.8025,3,18,33918.91,1884.383888888889,825.165,2207.76905022492,18,3,1,0,1,9,1,1,2,2.0,1476178.4,738089.2,10.83,1.0,2.0,651675.35,190698.24,0.241,0.375,2.0,3.5,0.0,0.0,2.0,26-35,6-10 Years,1 Product,Fair,Low,Very Low,2-3 Complaints,191272.12569999998,Very High Value,60,High Risk,179.92751967743231
5759,CUST005759,Ananya,Verma,36,Mumbai,Maharashtra,Business Owner,469553,Mass,2016-06-05,5,4,736,0.612,0,4,Mobile App,0.066,1,3,184407.96000000002,61469.32000000001,2,28,64071.15,2288.255357142857,673.56,3026.636302668888,27,3,1,5,2,11,3,2,1,1.0,554431.32,554431.32,9.53,0.0,0.0,0.0,0.0,0.0,0.0,6.0,3.6666666666666665,0.0,2.0,2.0,36-45,4-5 Years,4 Products,Good,Good,Very Low,No Complaints,191233.69620000003,Very High Value,20,Low Risk,59.96780813388469
6903,CUST006903,Ankit,Chopra,49,Jaipur,Rajasthan,Salaried,1091287,Affluent,2024-05-14,1,5,779,0.752,1,3,ATM,0.0832,1,2,180542.33,90271.165,1,25,47126.07,1885.0428,1399.92,2043.1614512696578,25,2,2,6,0,11,1,1,2,2.0,555664.03,277832.015,8.425,1.0,2.0,416796.43999999994,205223.05,0.3845,0.65,6.0,3.6666666666666665,0.0,1.0,2.0,46-55,0-1 Years,5+ Products,Very Good,Below Average,Very Low,1 Complaint,191209.45609999998,Very High Value,30,Medium Risk,89.9441129360123
67,CUST000067,Ankit,Chopra,46,Delhi,Delhi,Retired,195015,Mass,2011-01-15,5,4,714,0.473,0,4,Call Center,0.0832,1,5,184204.77000000002,36840.954000000005,5,19,38609.69,2032.0889473684213,870.5,2483.9769701023456,18,3,2,0,1,11,0,1,1,1.0,556335.79,556335.79,8.72,1.0,0.0,0.0,0.0,0.0,0.0,5.0,3.4,0.0,1.0,3.0,46-55,4-5 Years,4 Products,Good,Good,Very Low,No Complaints,190540.32170000003,Very High Value,20,Low Risk,59.82289298801027
1946,CUST001946,Riya,Sharma,38,Ludhiana,Punjab,Retired,221797,Mass,2018-12-12,6,1,616,0.831,0,2,Internet Banking,0.2891,1,3,184934.41999999998,61644.806666666664,1,15,100487.39,6699.159333333333,1616.03,13632.660247359474,15,2,3,2,0,3,0,3,2,0.0,0.0,0.0,0.0,0.0,1.0,269305.42,175856.44,0.653,0.653,1.0,2.0,0.0,0.0,1.0,36-45,6-10 Years,1 Product,Fair,Low,Very Low,No Complaints,189637.222,Very High Value,55,High Risk,163.99389961083625
2745,CUST002745,Kavya,Patel,42,Hyderabad,Telangana,Salaried,241782,Mass,2021-02-19,6,3,680,0.527,0,4,Mobile App,0.0832,1,2,188643.13,94321.565,1,25,36674.47,1466.9788,836.05,1768.7482266759546,25,2,2,0,1,10,2,0,8,0.0,0.0,0.0,0.0,0.0,0.0,0.0,0.0,0.0,0.0,3.0,4.666666666666667,0.0,0.0,0.0,36-45,6-10 Years,3 Products,Good,Good,Very Low,No Complaints,189376.6194,Very High Value,20,Low Risk,59.57967941647149
9925,CUST009925,Manish,Malhotra,25,Ludhiana,Punjab,Self Employed,511757,Mass,2016-01-22,4,4,700,0.947,0,5,Call Center,0.066,1,4,185815.69,46453.9225,2,23,93946.35,4084.6239130434783,1439.4,5784.478304406732,23,5,0,4,0,9,3,0,2,0.0,0.0,0.0,0.0,0.0,1.0,93462.4,26917.17,0.288,0.288,3.0,1.3333333333333333,0.0,0.0,0.0,18-25,4-5 Years,4 Products,Good,Excellent,Very Low,No Complaints,188629.241,Very High Value,20,Low Risk,59.42347746520362
967,CUST000967,Varun,Khanna,28,Hyderabad,Telangana,Retired,282466,Mass,2018-04-30,7,3,616,0.524,0,5,Branch,0.0832,1,1,180410.81,180410.81,1,16,57103.91,3568.994375,1145.01,5406.1354094448025,16,4,2,2,0,4,0,2,2,0.0,0.0,0.0,0.0,0.0,1.0,632226.87,166907.89,0.264,0.264,6.0,3.3333333333333335,2.0,2.0,2.0,26-35,6-10 Years,3 Products,Fair,Excellent,Very Low,No Complaints,187875.1569,Very High Value,25,Medium Risk,74.08234252980125
3941,CUST003941,Diya,Sethi,33,Chandigarh,Chandigarh,Retired,385610,Mass,2022-09-02,1,3,709,0.493,0,5,Mobile App,0.1141,1,5,164105.43,32821.085999999996,2,12,14812.88,1234.4066666666665,616.2750000000001,1370.1158929636263,12,2,3,2,0,2,1,0,2,1.0,457296.81,457296.81,10.85,0.0,3.0,1868565.17,966477.53,0.49666666666666665,0.571,7.0,4.0,1.0,2.0,4.0,26-35,0-1 Years,3 Products,Good,Excellent,Very Low,No Complaints,187660.3074,Very High Value,20,Low Risk,59.220970516957564
1819,CUST001819,Aarav,Bansal,35,Chandigarh,Chandigarh,Retired,512064,Mass,2025-03-13,14,2,675,0.861,0,4,Internet Banking,0.066,1,3,173151.8,57717.26666666666,0,14,55063.53,3933.1092857142858,1521.935,7242.847399737487,14,2,3,0,0,5,0,2,2,1.0,651994.13,651994.13,9.43,0.0,3.0,675025.8300000001,136293.04,0.2006666666666667,0.268,5.0,5.6,0.0,0.0,3.0,26-35,10+ Years,2 Products,Good,Good,Very Low,No Complaints,187523.27019999997,Very High Value,25,Medium Risk,73.9904122084854
8421,CUST008421,Priya,Kumar,29,Mumbai,Maharashtra,Retired,950867,Affluent,2018-10-12,0,3,717,0.662,0,4,Internet Banking,0.0832,1,1,173703.73,173703.73,1,19,66012.88,3474.3621052631584,751.77,6374.335280572467,19,2,1,2,4,6,2,2,0,1.0,308398.18,308398.18,10.06,1.0,1.0,718419.25,348433.34,0.485,0.485,4.0,5.5,0.0,1.0,2.0,26-35,0-1 Years,3 Products,Good,Good,Very Low,No Complaints,185292.16190000004,Very High Value,20,Low Risk,58.72602853310273
2898,CUST002898,Aanya,Bansal,31,Lucknow,Uttar Pradesh,Self Employed,469935,Mass,2023-01-12,3,5,678,0.957,0,4,Internet Banking,0.066,1,2,157178.22,78589.11,2,30,68175.31999999999,2272.5106666666666,1138.65,2386.676847024682,29,8,5,3,1,6,2,1,4,0.0,0.0,0.0,0.0,0.0,3.0,2628163.67,763505.79,0.30833333333333335,0.431,3.0,4.666666666666667,0.0,1.0,1.0,26-35,2-3 Years,5+ Products,Good,Good,Very Low,No Complaints,184823.36310000002,Very High Value,25,Medium Risk,73.28506208520447
9796,CUST009796,Vivaan,Chopra,30,Kolkata,West Bengal,Retired,717626,Mass,2019-12-26,6,3,714,0.877,0,3,Branch,0.066,1,3,161540.54,53846.84666666667,2,22,30420.940000000002,1382.7700000000002,954.865,1518.1911445752366,22,3,3,0,0,9,2,2,3,1.0,2208516.2,2208516.2,13.17,1.0,0.0,0.0,0.0,0.0,0.0,6.0,3.0,0.0,0.0,2.0,26-35,6-10 Years,3 Products,Good,Below Average,Very Low,No Complaints,184234.12080000003,Very High Value,30,Medium Risk,87.75734720005899
6712,CUST006712,Aanya,Verma,39,Pune,Maharashtra,Retired,649687,Mass,2014-11-27,9,3,693,0.705,0,5,Internet Banking,0.066,1,4,158986.54,39746.635,1,19,68946.66,3628.7715789473687,1460.23,5115.164520976669,19,3,2,5,0,4,1,2,2,1.0,1164056.41,1164056.41,9.54,0.0,2.0,1182936.0,249659.03,0.20299999999999999,0.366,5.0,4.4,0.0,1.0,3.0,36-45,6-10 Years,3 Products,Good,Excellent,Very Low,No Complaints,183835.3973,Very High Value,20,Low Risk,58.421564993538325
7075,CUST007075,Nisha,Khanna,44,Chandigarh,Chandigarh,Student,259921,Mass,2015-07-29,0,3,644,0.674,0,4,Mobile App,0.1419,1,4,176302.97999999998,44075.744999999995,4,17,28326.11,1666.2417647058824,1086.6,1654.8509177084327,16,1,2,3,1,3,2,0,5,1.0,656220.72,656220.72,11.45,0.0,0.0,0.0,0.0,0.0,0.0,9.0,4.0,6.0,2.0,5.0,36-45,0-1 Years,3 Products,Fair,Good,Very Low,No Complaints,183431.7094,Very High Value,25,Medium Risk,72.92149286874535
4799,CUST004799,Aanya,Sethi,18,Jaipur,Rajasthan,Self Employed,567021,Mass,2023-12-20,17,3,801,0.913,0,4,Mobile App,0.066,1,4,174252.2,43563.05,2,27,78976.35,2925.05,1125.47,5074.146410882251,26,1,5,2,1,7,3,3,5,2.0,723323.65,361661.825,10.735,1.0,0.0,0.0,0.0,0.0,0.0,6.0,4.166666666666667,2.0,1.0,4.0,18-25,10+ Years,3 Products,Excellent,Good,Very Low,No Complaints,183064.9635,Very High Value,20,Low Risk,58.260544467814356
7028,CUST007028,Varun,Arora,44,Pune,Maharashtra,Student,209748,Mass,2015-03-09,4,1,749,0.854,0,4,Mobile App,0.1611,1,2,164090.74,82045.37,2,16,26811.61,1675.725625,971.575,1907.1352053484786,16,2,1,2,1,5,1,0,4,2.0,1143441.75,571720.875,8.75,2.0,1.0,700339.47,104350.58,0.149,0.149,3.0,2.0,0.0,1.0,1.0,36-45,4-5 Years,1 Product,Very Good,Good,Very Low,No Complaints,183064.7844,Very High Value,20,Low Risk,58.260507035946546
5015,CUST005015,Nisha,Verma,40,Mumbai,Maharashtra,Student,311714,Mass,2020-05-26,3,4,721,0.515,0,4,Branch,0.0832,1,3,167429.99,55809.996666666666,2,25,45207.44,1808.2976,1306.61,1865.638157819106,24,5,2,1,0,7,3,2,5,3.0,1452377.24,484125.74666666664,8.396666666666667,2.0,0.0,0.0,0.0,0.0,0.0,4.0,5.25,0.0,1.0,2.0,36-45,2-3 Years,4 Products,Good,Good,Very Low,No Complaints,182857.91119999997,Very High Value,20,Low Risk,58.217270574329476
109,CUST000109,Ishaan,Gupta,56,Mumbai,Maharashtra,Business Owner,355116,Mass,2018-05-21,6,3,761,0.272,0,5,ATM,0.1192,1,3,146329.97,48776.65666666667,2,22,68331.59,3105.9813636363633,1957.525,3988.84277384198,21,2,1,1,0,7,1,3,7,2.0,1656279.56,828139.78,8.655000000000001,1.0,2.0,1832760.4100000001,585636.99,0.33099999999999996,0.367,0.0,0.0,0.0,0.0,0.0,56-65,6-10 Years,3 Products,Very Good,Excellent,Very Low,No Complaints,182587.0015,Very High Value,20,Low Risk,58.16065049572218
8475,CUST008475,Diya,Gupta,62,Kolkata,West Bengal,Self Employed,634241,Mass,2019-04-15,6,1,737,0.529,1,2,Mobile App,0.31,1,4,181174.97,45293.7425,2,25,69536.27,2781.4508,1504.92,3663.3327988855995,25,2,2,2,1,14,3,1,0,0.0,0.0,0.0,0.0,0.0,0.0,0.0,0.0,0.0,0.0,6.0,5.0,1.0,1.0,2.0,56-65,6-10 Years,1 Product,Good,Low,Very Low,1 Complaint,182565.6954,Very High Value,45,High Risk,130.8514444304663
5621,CUST005621,Aarav,Mehta,21,Jaipur,Rajasthan,Self Employed,397507,Mass,2013-04-06,3,3,689,0.653,0,3,Call Center,0.066,1,4,180518.82,45129.705,3,29,37047.82,1277.5110344827585,840.17,1290.6145303811804,26,3,3,3,4,6,6,0,4,0.0,0.0,0.0,0.0,0.0,0.0,0.0,0.0,0.0,0.0,6.0,5.333333333333333,1.0,3.0,0.0,18-25,2-3 Years,3 Products,Good,Below Average,Very Low,No Complaints,181259.7764,Very High Value,30,Medium Risk,86.82489103256195
4807,CUST004807,Dev,Khanna,41,Lucknow,Uttar Pradesh,Student,346523,Mass,2016-08-29,5,1,621,0.839,0,5,ATM,0.1611,1,1,180538.77,180538.77,1,15,26172.239999999998,1744.8159999999998,1156.3,1599.8676945690586,15,3,0,2,1,4,3,1,1,0.0,0.0,0.0,0.0,0.0,0.0,0.0,0.0,0.0,0.0,3.0,3.3333333333333335,0.0,1.0,2.0,36-45,4-5 Years,1 Product,Fair,Excellent,Very Low,No Complaints,181062.2148,Very High Value,25,Medium Risk,72.3024629368549
3624,CUST003624,Kabir,Sethi,48,Chandigarh,Chandigarh,Salaried,180000,Mass,2017-01-17,5,2,679,0.66,1,3,Call Center,0.0832,1,1,157987.63,157987.63,1,18,37201.57,2066.753888888889,1134.835,3356.742435589002,18,3,0,0,1,6,2,0,6,0.0,0.0,0.0,0.0,0.0,3.0,2129850.81,757547.47,0.4096666666666667,0.562,2.0,4.0,1.0,0.0,2.0,46-55,4-5 Years,2 Products,Good,Below Average,Very Low,1 Complaint,180030.16950000002,Very High Value,35,Medium Risk,100.84597786774249
4234,CUST004234,Aditya,Kumar,32,Jaipur,Rajasthan,Self Employed,823346,Affluent,2016-05-10,4,2,639,0.692,1,5,Call Center,0.0474,1,2,123007.57,61503.785,2,22,38966.27,1771.1940909090908,1010.615,1726.1102683163756,21,3,0,2,0,13,2,0,2,1.0,2656309.39,2656309.39,10.4,1.0,4.0,2949132.55,551303.42,0.193,0.383,2.0,5.5,1.0,0.0,1.0,26-35,4-5 Years,2 Products,Fair,Excellent,Very Low,1 Complaint,179841.31480000002,Very High Value,25,Medium Risk,71.98350308615719
6599,CUST006599,Vivaan,Kumar,35,Hyderabad,Telangana,Business Owner,609959,Mass,2011-03-31,5,2,827,0.554,0,4,Mobile App,0.066,1,3,168093.97,56031.323333333334,2,28,66758.62,2384.2364285714284,1543.665,2571.5363247867767,28,4,3,2,2,11,1,1,4,0.0,0.0,0.0,0.0,0.0,1.0,946479.88,312338.36,0.33,0.33,4.0,4.75,1.0,0.0,3.0,26-35,4-5 Years,2 Products,Excellent,Good,Very Low,No Complaints,178893.9412,Very High Value,20,Low Risk,57.38880155680455
1961,CUST001961,Raj,Khanna,23,Mumbai,Maharashtra,Self Employed,316920,Mass,2012-11-25,1,1,718,0.441,0,4,ATM,0.2592,1,2,142782.69,71391.345,2,21,33909.54,1614.74,1155.3,1742.0605507042517,21,1,2,2,2,7,2,0,5,1.0,1000839.0,1000839.0,11.38,1.0,3.0,2473801.55,460306.53,0.18633333333333332,0.251,8.0,3.5,0.0,2.0,2.0,18-25,0-1 Years,1 Product,Good,Good,Very Low,No Complaints,178207.2863,Very High Value,20,Low Risk,57.245290806122355
964,CUST000964,Ananya,Gupta,18,Kolkata,West Bengal,Retired,392398,Mass,2019-01-15,3,4,734,0.836,0,4,Internet Banking,0.066,1,4,176906.07,44226.5175,3,20,43078.87,2153.9435000000003,658.5899999999999,3238.4625302566924,19,2,1,1,1,11,1,1,2,0.0,0.0,0.0,0.0,0.0,0.0,0.0,0.0,0.0,0.0,4.0,4.5,0.0,1.0,3.0,18-25,2-3 Years,4 Products,Good,Good,Very Low,No Complaints,177767.64740000002,Very High Value,20,Low Risk,57.153406355042065
8783,CUST008783,Dev,Patel,33,Ludhiana,Punjab,Student,1617108,Affluent,2012-02-24,8,3,724,0.454,0,2,Mobile App,0.0953,1,2,172795.78,86397.89,2,17,58881.83,3463.6370588235295,1897.83,4169.239997254843,17,2,1,1,1,11,0,1,0,1.0,268928.41,268928.41,11.76,1.0,0.0,0.0,0.0,0.0,0.0,4.0,3.25,1.0,0.0,2.0,26-35,6-10 Years,3 Products,Good,Low,Very Low,No Complaints,176662.7007,Very High Value,45,High Risk,128.0755635600211
5219,CUST005219,Arjun,Sethi,46,Kolkata,West Bengal,Self Employed,753809,Mass,2015-12-22,10,5,754,0.857,0,3,Internet Banking,0.066,1,2,169665.72999999998,84832.86499999999,2,20,32060.38,1603.019,1077.0149999999999,1563.6308133884718,20,3,4,1,1,7,2,0,2,1.0,549376.22,549376.22,13.62,1.0,1.0,80142.75,9376.7,0.117,0.117,2.0,2.0,0.0,0.0,2.0,46-55,6-10 Years,5+ Products,Very Good,Below Average,Very Low,No Complaints,176602.12729999996,Very High Value,30,Medium Risk,85.36471929544504
1498,CUST001498,Karan,Sharma,54,Kolkata,West Bengal,Student,1026940,Affluent,2015-05-21,8,3,778,0.662,0,5,Call Center,0.0474,1,3,167974.02000000002,55991.340000000004,2,19,44524.21,2343.3794736842106,1093.23,3329.6870896635214,17,4,3,2,1,6,0,0,3,1.0,729454.11,729454.11,9.8,0.0,0.0,0.0,0.0,0.0,0.0,7.0,4.714285714285714,1.0,5.0,1.0,46-55,6-10 Years,3 Products,Very Good,Excellent,Very Low,No Complaints,176159.04530000003,Very High Value,20,Low Risk,56.817208805268606
6046,CUST006046,Kabir,Joshi,22,Kolkata,West Bengal,Self Employed,402576,Mass,2024-01-16,13,2,688,0.241,0,4,ATM,0.1192,1,5,174371.81,34874.362,4,19,74139.08,3902.056842105263,1711.65,6678.185628283457,19,4,1,4,0,5,1,1,3,0.0,0.0,0.0,0.0,0.0,0.0,0.0,0.0,0.0,0.0,7.0,3.142857142857143,0.0,1.0,4.0,18-25,10+ Years,2 Products,Good,Good,Very Low,No Complaints,175854.59159999999,Very High Value,20,Low Risk,56.75357803669043
6602,CUST006602,Meera,Singh,24,Chandigarh,Chandigarh,Self Employed,473898,Mass,2016-03-02,1,4,643,0.734,0,3,ATM,0.1141,1,3,166581.15000000002,55527.05000000001,1,21,58723.85,2796.3738095238095,1149.71,4390.076081514392,21,3,2,2,0,9,1,2,2,1.0,490952.5,490952.5,11.39,1.0,1.0,216330.39,24445.33,0.113,0.113,6.0,5.166666666666667,0.0,4.0,1.0,18-25,0-1 Years,4 Products,Fair,Below Average,Very Low,No Complaints,174828.45590000003,Very High Value,35,Medium Risk,98.94345275469507
4748,CUST004748,Ankit,Khanna,49,Delhi,Delhi,Self Employed,487268,Mass,2019-05-10,1,4,687,0.496,0,5,ATM,0.1141,1,3,173867.87,57955.956666666665,2,15,31710.690000000002,2114.0460000000003,1919.72,1883.1378240691786,15,1,3,0,1,1,3,3,3,0.0,0.0,0.0,0.0,0.0,0.0,0.0,0.0,0.0,0.0,7.0,3.0,3.0,3.0,2.0,46-55,0-1 Years,4 Products,Good,Excellent,Very Low,No Complaints,174502.0838,Very High Value,20,Low Risk,56.47090414958713
7628,CUST007628,Rohan,Mehta,42,Hyderabad,Telangana,Business Owner,1695524,Affluent,2020-04-18,2,1,750,0.331,0,4,Mobile App,0.168,1,3,154045.03999999998,51348.34666666666,3,24,61847.270000000004,2576.9695833333335,1126.525,3392.8556802101975,23,6,3,3,1,5,2,1,3,3.0,1704705.0299999998,568235.0099999999,8.366666666666667,2.0,2.0,208698.3,65176.3,0.3155,0.385,8.0,5.875,2.0,0.0,6.0,36-45,2-3 Years,1 Product,Very Good,Good,Very Low,No Complaints,174416.0187,Very High Value,20,Low Risk,56.45291655915628
7558,CUST007558,Vivaan,Kumar,45,Ludhiana,Punjab,Self Employed,440453,Mass,2012-07-02,4,3,678,0.357,1,4,Mobile App,0.066,1,3,147814.99,49271.66333333333,2,19,44154.66,2323.9294736842107,1212.99,4272.658780481714,19,3,3,0,0,10,3,0,0,1.0,1939798.78,1939798.78,10.56,1.0,2.0,577684.93,236726.12,0.3235,0.45,6.0,4.833333333333333,0.0,1.0,2.0,36-45,4-5 Years,3 Products,Good,Good,Very Low,1 Complaint,173872.9203,Very High Value,25,Medium Risk,70.42426136396446
5894,CUST005894,Ira,Kumar,41,Pune,Maharashtra,Self Employed,803114,Affluent,2011-06-04,6,3,695,0.658,1,2,Mobile App,0.0953,1,1,142440.59,142440.59,1,21,46503.19,2214.437619047619,1464.91,2386.0419835784633,20,5,0,1,1,10,0,1,3,2.0,2632877.2800000003,1316438.6400000001,9.155000000000001,1.0,1.0,407265.66,183676.81,0.451,0.451,9.0,4.666666666666667,3.0,2.0,5.0,36-45,6-10 Years,3 Products,Good,Low,Very Low,1 Complaint,173772.0832,Very High Value,45,High Risk,126.71625184964057
8505,CUST008505,Raj,Patel,18,Mumbai,Maharashtra,Self Employed,546484,Mass,2014-12-26,8,4,695,0.804,0,4,Call Center,0.066,1,3,139887.74,46629.246666666666,2,14,38625.58,2758.9700000000003,1293.4,3212.2973176505025,14,2,0,2,0,5,2,0,3,1.0,2106961.03,2106961.03,12.98,1.0,2.0,1196913.2200000002,146524.45,0.124,0.146,4.0,3.0,0.0,0.0,1.0,18-25,6-10 Years,4 Products,Good,Good,Very Low,No Complaints,173698.99409999998,Very High Value,20,Low Risk,56.303058546632684
1162,CUST001162,Diya,Khanna,37,Kolkata,West Bengal,Student,1261199,Affluent,2011-10-10,5,3,698,0.294,0,5,Branch,0.0871,1,1,169487.46,169487.46,1,21,41704.13,1985.9109523809523,1241.97,1977.495748404797,21,4,1,0,1,6,0,1,8,1.0,332727.58,332727.58,12.51,1.0,0.0,0.0,0.0,0.0,0.0,2.0,3.5,1.0,0.0,1.0,36-45,4-5 Years,3 Products,Good,Excellent,Very Low,No Complaints,173648.8184,Very High Value,20,Low Risk,56.29257183435115
7603,CUST007603,Karan,Joshi,28,Chandigarh,Chandigarh,Student,441661,Mass,2023-12-29,7,3,558,0.592,2,3,Call Center,0.1545,1,5,171718.53999999998,34343.708,3,17,86623.69,5095.511176470588,2379.07,6791.609922672867,17,0,2,3,0,5,1,2,4,0.0,0.0,0.0,0.0,0.0,0.0,0.0,0.0,0.0,0.0,6.0,2.8333333333333335,0.0,2.0,2.0,26-35,6-10 Years,3 Products,Poor,Below Average,Very Low,2-3 Complaints,173451.0138,Very High Value,55,High Risk,154.69088444838627
5279,CUST005279,Ira,Arora,42,Kolkata,West Bengal,Business Owner,340475,Mass,2020-03-19,4,2,659,0.877,0,4,Branch,0.0832,1,2,168703.78999999998,84351.89499999999,1,16,51111.88,3194.4925,1002.91,4205.280702855241,15,0,2,4,1,5,0,2,2,0.0,0.0,0.0,0.0,0.0,1.0,280100.58,128286.07,0.458,0.458,5.0,4.6,0.0,0.0,4.0,36-45,4-5 Years,2 Products,Fair,Good,Very Low,No Complaints,172527.0334,Very High Value,25,Medium Risk,70.07264871372283
1712,CUST001712,Ishaan,Khanna,52,Ahmedabad,Gujarat,Salaried,400044,Mass,2013-06-23,8,1,762,0.377,1,3,Call Center,0.1301,1,2,145413.51,72706.755,0,24,40479.09,1686.6287499999999,1109.2649999999999,1608.5339892161392,24,1,5,2,0,8,3,1,4,1.0,2528385.89,2528385.89,12.2,1.0,1.0,98018.45,16467.1,0.168,0.168,11.0,2.727272727272727,2.0,0.0,5.0,46-55,6-10 Years,1 Product,Very Good,Below Average,Very Low,1 Complaint,172487.1352,Very High Value,30,Medium Risk,84.07467038152421
661,CUST000661,Diya,Malhotra,31,Delhi,Delhi,Self Employed,1069273,Affluent,2017-07-25,8,5,674,0.868,0,4,Branch,0.0474,1,2,159526.78,79763.39,2,19,43007.57,2263.5563157894735,1355.67,2129.1067158610344,19,1,0,1,1,7,3,2,4,1.0,587391.5,587391.5,7.09,0.0,1.0,614880.5,201680.8,0.328,0.328,3.0,4.0,0.0,0.0,2.0,26-35,6-10 Years,5+ Products,Good,Good,Very Low,No Complaints,172409.6514,Very High Value,25,Medium Risk,70.04198269259531
6615,CUST006615,Arjun,Verma,44,Mumbai,Maharashtra,Self Employed,502048,Mass,2022-04-11,14,2,657,0.918,1,3,ATM,0.066,1,5,168680.07,33736.014,5,19,36641.29,1928.4889473684211,1376.67,1542.6206436771258,18,3,2,0,1,9,1,1,2,1.0,127891.03,127891.03,10.36,1.0,0.0,0.0,0.0,0.0,0.0,5.0,3.4,2.0,2.0,1.0,36-45,10+ Years,2 Products,Fair,Below Average,Very Low,1 Complaint,170691.8061,High Value,35,Medium Risk,97.43047439149133
5800,CUST005800,Nisha,Verma,46,Ludhiana,Punjab,Student,227075,Mass,2019-03-31,2,1,680,0.705,1,2,Internet Banking,0.2891,1,5,145706.07,29141.214,3,15,24239.96,1615.9973333333332,1356.32,1394.7523788086476,15,1,0,1,0,10,1,0,2,2.0,2274645.91,1137322.955,10.17,2.0,1.0,84608.39,8968.49,0.106,0.106,7.0,4.857142857142857,1.0,0.0,3.0,46-55,2-3 Years,1 Product,Good,Low,Very Low,1 Complaint,169783.41220000002,High Value,45,High Risk,124.84058092494881
7259,CUST007259,Ananya,Gupta,52,Pune,Maharashtra,Salaried,820248,Affluent,2012-07-23,1,5,685,0.274,2,2,Mobile App,0.3894,1,2,116042.48000000001,58021.240000000005,2,31,63171.42,2037.7877419354838,1750.48,1675.421775384156,30,4,4,2,0,15,1,3,2,1.0,2443163.11,2443163.11,12.45,0.0,3.0,2737198.9699999997,1012746.06,0.3466666666666667,0.502,4.0,2.75,1.0,1.0,2.0,46-55,0-1 Years,5+ Products,Good,Low,Very Low,2-3 Complaints,169109.52920000002,High Value,55,High Risk,152.1956183204402
8161,CUST008161,Aanya,Gupta,40,Lucknow,Uttar Pradesh,Retired,319681,Mass,2022-10-03,1,2,795,0.515,0,4,Internet Banking,0.1419,1,3,149106.06,49702.02,3,21,77674.55,3698.7880952380956,1206.93,9084.399158549571,21,2,1,1,1,9,1,2,4,2.0,467767.85,233883.925,10.870000000000001,1.0,2.0,1257421.87,612248.3200000001,0.405,0.555,4.0,4.0,1.0,1.0,1.0,36-45,0-1 Years,2 Products,Very Good,Good,Very Low,No Complaints,167911.4482,High Value,20,Low Risk,55.093462493773195
4171,CUST004171,Dev,Arora,48,Mumbai,Maharashtra,Salaried,269115,Mass,2013-08-09,3,3,583,0.561,0,3,Mobile App,0.0832,1,3,127952.37,42650.79,1,19,106688.1,5615.163157894737,1680.87,15975.937163604678,19,1,2,1,0,12,1,1,1,1.0,2858352.76,2858352.76,8.16,1.0,1.0,907986.23,123486.13,0.136,0.136,5.0,5.0,1.0,3.0,1.0,46-55,2-3 Years,3 Products,Fair,Below Average,Very Low,No Complaints,167749.5219,High Value,45,High Risk,123.88414483389927
9943,CUST009943,Raj,Joshi,61,Pune,Maharashtra,Salaried,485566,Mass,2015-09-09,3,2,652,0.455,0,4,Branch,0.0911,1,1,166766.5,166766.5,1,19,43791.11,2304.7952631578946,1029.5,3108.2493105540375,19,4,1,3,2,6,0,1,2,0.0,0.0,0.0,0.0,0.0,0.0,0.0,0.0,0.0,0.0,7.0,5.285714285714286,1.0,0.0,4.0,56-65,2-3 Years,2 Products,Fair,Good,Very Low,No Complaints,167642.3222,High Value,25,Medium Risk,68.79651901018161
5054,CUST005054,Diya,Chopra,45,Pune,Maharashtra,Salaried,588386,Mass,2014-07-17,7,4,689,0.874,2,4,Internet Banking,0.1091,1,2,137251.38,68625.69,2,18,53510.44,2972.8022222222226,829.11,4888.88210444348,17,3,0,3,0,6,0,2,4,1.0,2920470.84,2920470.84,13.2,0.0,0.0,0.0,0.0,0.0,0.0,6.0,4.5,0.0,2.0,1.0,36-45,6-10 Years,4 Products,Good,Good,Very Low,2-3 Complaints,167526.2972,High Value,30,Medium Risk,82.51944900599904
3640,CUST003640,Rohan,Patel,40,Ahmedabad,Gujarat,Self Employed,180000,Mass,2011-10-22,3,1,711,0.484,0,4,Branch,0.1611,1,2,159795.49,79897.745,1,27,86816.09,3215.4107407407405,1376.53,9007.782934193812,27,2,0,2,1,14,3,1,4,0.0,0.0,0.0,0.0,0.0,1.0,590699.6,279991.61,0.474,0.474,3.0,4.666666666666667,0.0,0.0,2.0,36-45,2-3 Years,1 Product,Good,Good,Very Low,No Complaints,167438.8078,High Value,20,Low Risk,54.99468073512452
1541,CUST001541,Diya,Singh,51,Bengaluru,Karnataka,Business Owner,1219272,Affluent,2018-01-10,5,4,638,0.574,2,3,Branch,0.0794,1,2,165783.65,82891.825,2,19,74331.88,3912.204210526316,1721.92,8051.51636040643,19,4,3,4,1,5,1,0,1,0.0,0.0,0.0,0.0,0.0,0.0,0.0,0.0,0.0,0.0,3.0,2.0,0.0,0.0,1.0,46-55,4-5 Years,4 Products,Fair,Below Average,Very Low,2-3 Complaints,167270.28759999998,High Value,45,High Risk,123.65878509813139
2117,CUST002117,Aanya,Kapoor,40,Ludhiana,Punjab,Student,180000,Mass,2013-11-01,2,3,670,0.414,0,4,Mobile App,0.0832,1,1,149629.9,149629.9,0,25,63996.89,2559.8756,928.16,3340.509112909887,24,6,1,7,1,4,1,2,3,2.0,1541745.17,770872.585,10.98,0.0,0.0,0.0,0.0,0.0,0.0,6.0,4.666666666666667,2.0,3.0,2.0,36-45,2-3 Years,3 Products,Fair,Good,Very Low,No Complaints,166327.2895,High Value,25,Medium Risk,68.4529670127579
9218,CUST009218,Manish,Chopra,40,Mumbai,Maharashtra,Business Owner,1207330,Affluent,2017-11-27,10,4,681,0.835,0,4,Call Center,0.0474,1,1,159331.58,159331.58,1,18,26840.42,1491.1344444444444,1024.675,1719.8872360922978,18,2,4,3,1,4,3,0,1,1.0,635588.07,635588.07,8.88,1.0,0.0,0.0,0.0,0.0,0.0,6.0,4.333333333333333,1.0,2.0,2.0,36-45,6-10 Years,4 Products,Good,Good,Very Low,No Complaints,166224.2691,High Value,20,Low Risk,54.74084236512297
1246,CUST001246,Rohan,Gupta,40,Mumbai,Maharashtra,Student,263626,Mass,2016-10-25,5,1,669,0.424,1,4,Call Center,0.1611,1,3,154853.66,51617.886666666665,2,22,40527.22,1842.1463636363637,1320.1950000000002,1913.6032044350895,21,2,1,2,2,9,2,2,2,1.0,1047650.25,1047650.25,8.43,1.0,0.0,0.0,0.0,0.0,0.0,7.0,4.0,1.0,2.0,3.0,36-45,4-5 Years,1 Product,Fair,Good,Very Low,1 Complaint,166140.70690000002,High Value,25,Medium Risk,68.40422235042783
5357,CUST005357,Karan,Joshi,25,Ahmedabad,Gujarat,Self Employed,293950,Mass,2013-01-26,1,2,725,0.692,0,4,ATM,0.1419,1,4,163484.24000000002,40871.060000000005,2,15,46482.2,3098.813333333333,1650.46,5317.771609179473,15,2,0,1,2,7,0,0,3,0.0,0.0,0.0,0.0,0.0,1.0,74966.87,4498.01,0.06,0.06,3.0,3.3333333333333335,0.0,1.0,1.0,18-25,0-1 Years,2 Products,Good,Good,Very Low,No Complaints,165163.55270000003,High Value,20,Low Risk,54.51915282817376
8304,CUST008304,Rohan,Malhotra,36,Mumbai,Maharashtra,Self Employed,855932,Affluent,2018-08-07,4,3,729,0.935,0,3,Call Center,0.0474,1,2,163724.6,81862.3,2,18,57545.600000000006,3196.977777777778,1672.645,3819.6750234596957,17,1,3,2,0,8,2,1,1,0.0,0.0,0.0,0.0,0.0,0.0,0.0,0.0,0.0,0.0,9.0,4.888888888888889,2.0,4.0,4.0,36-45,4-5 Years,3 Products,Good,Below Average,Very Low,No Complaints,164875.51200000002,High Value,30,Medium Risk,81.68842856046832
9605,CUST009605,Karan,Patel,53,Lucknow,Uttar Pradesh,Business Owner,206934,Mass,2019-09-05,6,4,667,0.597,0,5,Internet Banking,0.0832,1,1,160217.65,160217.65,0,19,81951.13,4313.217368421053,1279.88,7946.696932301735,19,0,2,2,0,10,0,2,3,1.0,273829.26,273829.26,8.31,1.0,0.0,0.0,0.0,0.0,0.0,8.0,2.375,2.0,2.0,3.0,46-55,6-10 Years,4 Products,Fair,Excellent,Very Low,No Complaints,164594.96519999998,High Value,25,Medium Risk,68.00039767858799
3615,CUST003615,Kabir,Chopra,48,Hyderabad,Telangana,Salaried,307761,Mass,2018-11-15,3,4,777,0.391,0,3,ATM,0.0832,1,3,163154.57,54384.85666666667,3,21,42818.99,2038.9995238095237,1030.33,3006.218641821443,20,4,4,2,1,5,1,1,3,0.0,0.0,0.0,0.0,0.0,0.0,0.0,0.0,0.0,0.0,4.0,2.75,0.0,2.0,0.0,46-55,2-3 Years,4 Products,Very Good,Below Average,Very Low,No Complaints,164010.9498,High Value,30,Medium Risk,81.41738854386003
5556,CUST005556,Arjun,Sharma,23,Lucknow,Uttar Pradesh,Business Owner,197312,Mass,2019-01-14,12,1,748,0.571,0,4,Internet Banking,0.1611,1,4,162894.65,40723.6625,3,21,53299.96,2538.0933333333332,1157.39,4102.926044168154,20,0,3,2,0,11,1,2,2,0.0,0.0,0.0,0.0,0.0,0.0,0.0,0.0,0.0,0.0,6.0,3.1666666666666665,0.0,1.0,1.0,18-25,10+ Years,1 Product,Very Good,Good,Very Low,No Complaints,163960.64919999999,High Value,20,Low Risk,54.26774621288093
1537,CUST001537,Kavya,Patel,46,Pune,Maharashtra,Salaried,679598,Mass,2019-04-01,5,2,692,0.788,1,3,Internet Banking,0.066,1,3,146367.93,48789.31,2,20,35966.1,1798.3049999999998,799.2349999999999,2459.0308079714314,20,2,2,1,1,10,2,1,1,3.0,1589796.51,529932.17,9.203333333333333,1.0,0.0,0.0,0.0,0.0,0.0,8.0,3.625,1.0,3.0,2.0,46-55,4-5 Years,2 Products,Good,Below Average,Very Low,1 Complaint,162985.21709999998,High Value,30,Medium Risk,81.09582161895435
5126,CUST005126,Arjun,Gupta,37,Delhi,Delhi,Retired,343051,Mass,2025-11-30,6,2,696,0.746,0,4,Mobile App,0.0832,1,1,137613.4,137613.4,0,23,34719.23,1509.531739130435,865.6,2103.795041643147,22,3,4,3,0,8,2,1,2,1.0,1993385.75,1993385.75,8.62,1.0,1.0,254529.99,48106.17,0.189,0.189,6.0,3.3333333333333335,2.0,1.0,3.0,36-45,6-10 Years,2 Products,Good,Good,Very Low,No Complaints,160786.942,High Value,20,Low Risk,53.604441978515936
8963,CUST008963,Ishaan,Joshi,37,Chandigarh,Chandigarh,Business Owner,465905,Mass,2024-01-03,12,1,739,0.92,1,4,ATM,0.1301,1,3,130234.06000000001,43411.35333333334,3,13,76350.26,5873.096923076922,851.0,15921.939694979787,13,2,0,1,0,4,2,2,2,2.0,2858484.19,1429242.095,10.84,1.0,0.0,0.0,0.0,0.0,0.0,2.0,1.0,0.0,0.0,1.0,36-45,10+ Years,1 Product,Good,Good,Very Low,1 Complaint,160345.9071,High Value,20,Low Risk,53.512265763686564
4388,CUST004388,Aanya,Arora,38,Jaipur,Rajasthan,Student,339442,Mass,2016-03-23,2,4,633,0.643,0,5,Branch,0.0832,1,3,127362.82,42454.27333333334,2,22,40595.94,1845.2700000000002,1367.27,2102.6122090141203,22,2,1,4,1,7,1,1,5,2.0,3216635.1,1608317.55,10.93,2.0,0.0,0.0,0.0,0.0,0.0,6.0,5.333333333333333,0.0,0.0,5.0,36-45,2-3 Years,4 Products,Fair,Excellent,Very Low,No Complaints,160341.08980000002,High Value,25,Medium Risk,66.88907368606553
1449,CUST001449,Kavya,Malhotra,36,Delhi,Delhi,Student,522281,Mass,2024-12-18,1,5,812,0.61,0,4,Branch,0.1141,1,3,137510.54,45836.84666666667,1,23,187678.26,8159.924347826088,1036.18,28712.704176513733,23,5,0,4,1,7,0,2,4,1.0,200849.1,200849.1,11.3,1.0,2.0,1669017.1400000001,735979.85,0.45599999999999996,0.581,6.0,3.3333333333333335,2.0,3.0,2.0,36-45,0-1 Years,5+ Products,Excellent,Good,Very Low,No Complaints,159962.76760000002,High Value,20,Low Risk,53.4321896770512
9014,CUST009014,Meera,Malhotra,32,Chandigarh,Chandigarh,Student,860848,Affluent,2017-11-24,2,4,786,0.724,0,4,Mobile App,0.0474,1,3,148716.38,49572.12666666667,3,25,37622.9,1504.9160000000002,1042.17,1314.043745140042,24,5,0,4,0,10,1,0,5,0.0,0.0,0.0,0.0,0.0,1.0,934744.52,79453.28,0.085,0.085,3.0,3.0,0.0,1.0,0.0,26-35,2-3 Years,4 Products,Very Good,Good,Very Low,No Complaints,158816.2832,High Value,20,Low Risk,53.19257464351773
8166,CUST008166,Ishaan,Sethi,34,Ahmedabad,Gujarat,Student,322660,Mass,2014-12-19,1,3,805,0.797,0,3,Branch,0.1419,1,2,151916.83000000002,75958.41500000001,2,24,59477.34,2478.2225,1190.48,3839.293183396097,23,2,3,4,1,5,1,1,7,2.0,545985.1000000001,272992.55000000005,10.059999999999999,1.0,0.0,0.0,0.0,0.0,0.0,6.0,4.166666666666667,1.0,1.0,3.0,26-35,0-1 Years,3 Products,Excellent,Below Average,Very Low,No Complaints,158566.22780000002,High Value,30,Medium Risk,79.7104696647932
2732,CUST002732,Vivaan,Verma,40,Mumbai,Maharashtra,Retired,283776,Mass,2011-09-14,10,3,725,0.594,2,3,ATM,0.1359,1,3,156734.76,52244.920000000006,2,15,69811.65,4654.11,622.1,13256.648974542117,15,0,3,0,2,5,0,2,3,0.0,0.0,0.0,0.0,0.0,0.0,0.0,0.0,0.0,0.0,7.0,3.7142857142857144,1.0,0.0,3.0,36-45,6-10 Years,3 Products,Good,Below Average,Very Low,2-3 Complaints,158130.99300000002,High Value,40,Medium Risk,106.09869822978052
4245,CUST004245,Aarav,Arora,30,Pune,Maharashtra,Student,545264,Mass,2024-10-18,10,2,688,0.848,1,4,ATM,0.066,1,5,136393.07,27278.614,3,13,28593.97,2199.536153846154,1015.02,3204.624233615486,12,3,2,1,0,5,0,1,1,0.0,0.0,0.0,0.0,0.0,2.0,2092144.17,705435.48,0.3365,0.361,7.0,5.142857142857143,0.0,1.0,4.0,26-35,6-10 Years,2 Products,Good,Good,Very Low,1 Complaint,157886.3911,High Value,20,Low Risk,52.998227361754445
8998,CUST008998,Rohan,Malhotra,38,Lucknow,Uttar Pradesh,Business Owner,498805,Mass,2023-03-08,10,1,810,0.579,0,2,ATM,0.2405,1,3,154094.28,51364.76,2,23,35888.15,1560.354347826087,541.49,1694.290816372406,23,3,5,2,2,7,1,0,3,1.0,66720.54,66720.54,13.69,0.0,1.0,179011.2,68203.27,0.381,0.381,2.0,3.0,0.0,1.0,1.0,36-45,6-10 Years,1 Product,Excellent,Low,Very Low,No Complaints,157269.3604,High Value,45,High Risk,118.95585312680588
3784,CUST003784,Ananya,Patel,19,Chennai,Tamil Nadu,Self Employed,486898,Mass,2013-05-31,13,3,763,0.697,0,4,Internet Banking,0.066,1,4,145422.41,36355.6025,3,21,52062.880000000005,2479.184761904762,1109.15,3474.3038607375993,21,1,2,2,0,7,4,3,2,0.0,0.0,0.0,0.0,0.0,1.0,1048920.23,610471.57,0.582,0.582,2.0,4.0,2.0,2.0,0.0,18-25,10+ Years,3 Products,Very Good,Good,Very Low,No Complaints,156952.86990000002,High Value,20,Low Risk,52.80312159874346
3561,CUST003561,Manish,Bansal,46,Kolkata,West Bengal,Self Employed,738159,Mass,2023-06-24,4,4,747,0.684,0,2,Call Center,0.1301,1,4,154891.99,38722.9975,2,20,32778.08,1638.904,1055.79,2205.725819267471,19,2,2,4,1,7,1,1,2,0.0,0.0,0.0,0.0,0.0,0.0,0.0,0.0,0.0,0.0,2.0,1.5,1.0,0.0,1.0,46-55,4-5 Years,4 Products,Very Good,Low,Very Low,No Complaints,155547.55159999998,High Value,45,High Risk,118.14617323492246
3901,CUST003901,Riya,Sethi,37,Ahmedabad,Gujarat,Business Owner,180000,Mass,2013-06-07,2,5,686,0.321,0,4,ATM,0.148,1,3,153966.88,51322.293333333335,2,22,78694.36,3577.0163636363636,1259.94,5075.229099855912,22,4,2,1,0,9,2,1,3,0.0,0.0,0.0,0.0,0.0,0.0,0.0,0.0,0.0,0.0,6.0,3.5,0.0,1.0,2.0,36-45,2-3 Years,5+ Products,Good,Good,Very Low,No Complaints,155540.7672,High Value,20,Low Risk,52.50799238825163
8970,CUST008970,Riya,Kapoor,45,Delhi,Delhi,Student,250592,Mass,2025-03-20,6,4,701,0.826,0,4,Branch,0.0832,1,3,142084.01,47361.33666666667,2,16,43647.23,2727.951875,1346.315,3692.224924356981,16,6,1,2,2,3,0,2,0,2.0,1081098.8399999999,540549.4199999999,9.715,1.0,1.0,126848.27,10274.71,0.081,0.081,1.0,6.0,0.0,1.0,0.0,36-45,6-10 Years,4 Products,Good,Good,Very Low,No Complaints,155036.4257,High Value,20,Low Risk,52.40258510540084
9863,CUST009863,Ankit,Kumar,42,Chandigarh,Chandigarh,Retired,496470,Mass,2017-11-13,5,4,718,0.63,0,5,ATM,0.066,1,4,125624.02,31406.005,3,13,13590.74,1045.4415384615384,339.89,1191.7764298925515,13,1,1,0,2,7,0,0,2,1.0,2871165.09,2871165.09,11.46,0.0,0.0,0.0,0.0,0.0,0.0,6.0,4.0,1.0,1.0,2.0,36-45,4-5 Years,4 Products,Good,Excellent,Very Low,No Complaints,154607.4857,High Value,20,Low Risk,52.31293672249755
614,CUST000614,Aarav,Sharma,29,Ahmedabad,Gujarat,Student,269288,Mass,2018-03-19,19,5,664,0.394,1,2,Call Center,0.1611,1,1,150530.78,150530.78,0,13,30502.079999999998,2346.313846153846,980.1,4887.466652615201,13,2,2,0,0,6,1,1,1,0.0,0.0,0.0,0.0,0.0,2.0,273768.69,96407.01000000001,0.3195,0.394,3.0,3.0,0.0,0.0,2.0,26-35,10+ Years,5+ Products,Fair,Low,Very Low,1 Complaint,153878.5085,High Value,50,High Risk,130.40145154680567
2922,CUST002922,Aarav,Khanna,41,Ludhiana,Punjab,Business Owner,566733,Mass,2013-03-06,4,4,785,0.659,0,4,Internet Banking,0.066,1,4,117991.54000000001,29497.885000000002,3,29,63798.07,2199.9334482758622,1544.25,2417.8504923430232,28,4,1,3,1,12,2,2,4,1.0,3281446.99,3281446.99,7.67,0.0,0.0,0.0,0.0,0.0,0.0,6.0,5.5,1.0,3.0,1.0,36-45,4-5 Years,4 Products,Very Good,Good,Very Low,No Complaints,152081.9713,High Value,20,Low Risk,51.78510466682784
8427,CUST008427,Meera,Arora,24,Ludhiana,Punjab,Retired,325379,Mass,2016-02-15,5,1,614,0.727,0,3,Branch,0.1611,1,1,134702.69,134702.69,0,13,29478.97,2267.613076923077,1077.27,2791.5377054005694,13,3,2,1,0,3,0,1,3,2.0,808475.81,404237.905,11.405000000000001,1.0,2.0,788270.42,234656.66,0.3015,0.313,2.0,3.5,1.0,0.0,2.0,18-25,4-5 Years,1 Product,Fair,Below Average,Very Low,No Complaints,151259.7317,High Value,35,Medium Risk,90.32319929187683
6715,CUST006715,Aditya,Kumar,25,Lucknow,Uttar Pradesh,Salaried,336991,Mass,2016-06-19,4,5,796,0.432,0,4,Call Center,0.0832,1,4,143802.91,35950.7275,2,25,98253.72,3930.1488,2431.52,5193.738181195794,25,5,0,5,0,10,1,2,2,0.0,0.0,0.0,0.0,0.0,2.0,508278.63,40691.18,0.0815,0.084,3.0,1.3333333333333333,0.0,0.0,3.0,18-25,4-5 Years,5+ Products,Very Good,Good,Very Low,No Complaints,150850.77070000002,High Value,20,Low Risk,51.527783962721074
578,CUST000578,Rohan,Kapoor,32,Ludhiana,Punjab,Student,1062494,Affluent,2011-08-31,11,1,674,0.515,1,4,Call Center,0.0953,1,3,148599.26,49533.08666666667,1,14,51832.88,3702.348571428571,724.615,9162.549924520807,14,0,2,2,1,5,2,0,2,0.0,0.0,0.0,0.0,0.0,1.0,74167.79,18171.11,0.245,0.245,4.0,2.5,0.0,1.0,3.0,26-35,10+ Years,1 Product,Good,Good,Very Low,1 Complaint,150377.59550000002,High Value,25,Medium Risk,64.28611303871065
6246,CUST006246,Siddharth,Kapoor,49,Jaipur,Rajasthan,Student,180000,Mass,2016-02-24,4,2,696,0.568,0,5,Call Center,0.0832,1,4,136327.24,34081.81,2,25,137383.94999999998,5495.357999999999,1573.79,8535.200361689916,24,4,2,2,1,8,2,2,4,1.0,296323.63,296323.63,10.57,1.0,1.0,751656.84,118761.78,0.158,0.158,5.0,3.2,1.0,0.0,3.0,46-55,4-5 Years,2 Products,Good,Excellent,Very Low,No Complaints,149554.72369999997,High Value,20,Low Risk,51.256910372669644
9270,CUST009270,Ankit,Malhotra,57,Bengaluru,Karnataka,Self Employed,181214,Mass,2020-01-25,3,3,785,0.277,0,4,Internet Banking,0.148,1,5,148323.19,29664.638,3,25,37180.62,1487.2248000000002,772.46,1985.7670685302778,25,1,0,4,1,7,2,3,7,0.0,0.0,0.0,0.0,0.0,0.0,0.0,0.0,0.0,0.0,9.0,4.777777777777778,1.0,1.0,5.0,56-65,2-3 Years,3 Products,Very Good,Good,Very Low,No Complaints,149066.80240000002,High Value,20,Low Risk,51.15493490866753
5638,CUST005638,Rahul,Arora,39,Jaipur,Rajasthan,Retired,453987,Mass,2021-10-30,2,3,723,0.748,1,3,Mobile App,0.066,1,5,132754.33,26550.865999999998,4,14,20603.59,1471.685,1216.175,1310.837564253364,14,2,2,1,0,8,1,0,0,2.0,1588470.74,794235.37,9.98,2.0,0.0,0.0,0.0,0.0,0.0,4.0,4.5,0.0,0.0,2.0,36-45,2-3 Years,3 Products,Good,Below Average,Very Low,1 Complaint,149051.1092,High Value,30,Medium Risk,76.72748254903229
9371,CUST009371,Varun,Sharma,47,Ahmedabad,Gujarat,Retired,309447,Mass,2022-08-30,1,2,765,0.897,0,4,Branch,0.1419,1,2,140689.4,70344.7,2,17,50268.85,2956.991176470588,1813.22,2807.75895166831,16,2,2,1,0,6,0,2,4,0.0,0.0,0.0,0.0,0.0,1.0,726867.58,430305.61,0.592,0.592,2.0,4.0,0.0,1.0,1.0,46-55,0-1 Years,2 Products,Very Good,Good,Very Low,No Complaints,148963.4528,High Value,20,Low Risk,51.133334860843355
4656,CUST004656,Nisha,Sethi,30,Delhi,Delhi,Business Owner,180000,Mass,2017-01-01,8,1,686,0.43,0,4,Call Center,0.1611,1,3,145185.86,48395.28666666666,1,17,67575.56,3975.0329411764706,1270.89,7558.954670199747,17,3,1,4,1,5,2,0,1,0.0,0.0,0.0,0.0,0.0,2.0,218085.5,79003.89,0.348,0.455,2.0,2.5,0.0,0.0,1.0,26-35,6-10 Years,1 Product,Good,Good,Very Low,No Complaints,148718.2262,High Value,20,Low Risk,51.08208254551983
785,CUST000785,Aditya,Kapoor,53,Chennai,Tamil Nadu,Retired,386931,Mass,2021-07-22,3,3,714,0.622,2,2,Call Center,0.2059,1,3,139237.76,46412.58666666667,2,22,53018.9,2409.9500000000003,1489.0149999999999,3198.3191444286867,21,2,2,2,0,10,0,1,5,1.0,836765.84,836765.84,11.53,0.0,0.0,0.0,0.0,0.0,0.0,13.0,4.461538461538462,1.0,2.0,6.0,46-55,2-3 Years,3 Products,Good,Low,Very Low,2-3 Complaints,148665.7964,High Value,55,High Risk,140.4455929985445
574,CUST000574,Priya,Kumar,38,Chandigarh,Chandigarh,Student,798237,Mass,2019-04-01,6,1,604,0.745,1,5,Internet Banking,0.1301,1,1,144707.73,144707.73,1,18,154807.13,8600.396111111111,2280.335,18229.79826736858,18,0,2,1,0,7,0,4,4,0.0,0.0,0.0,0.0,0.0,0.0,0.0,0.0,0.0,0.0,5.0,3.6,2.0,1.0,4.0,36-45,6-10 Years,1 Product,Fair,Excellent,Very Low,1 Complaint,147803.8726,High Value,25,Medium Risk,63.613728509329626
1415,CUST001415,Dev,Malhotra,22,Bengaluru,Karnataka,Student,610601,Mass,2017-07-22,6,2,695,0.557,0,5,ATM,0.066,1,3,145939.56,48646.52,3,22,75302.59,3422.845,1720.635,4698.24029347235,22,3,0,3,1,11,0,1,3,0.0,0.0,0.0,0.0,0.0,0.0,0.0,0.0,0.0,0.0,4.0,4.75,1.0,0.0,2.0,18-25,6-10 Years,2 Products,Good,Excellent,Very Low,No Complaints,147445.61179999998,High Value,20,Low Risk,50.81610636465668
3112,CUST003112,Siddharth,Sharma,18,Mumbai,Maharashtra,Business Owner,739819,Mass,2015-12-05,7,2,814,0.699,0,4,ATM,0.066,1,2,135485.21000000002,67742.60500000001,2,17,31731.6,1866.5647058823529,915.39,2728.287818287134,17,2,0,1,2,7,1,1,3,1.0,538248.84,538248.84,8.2,1.0,2.0,540777.1,184772.26,0.33699999999999997,0.345,5.0,3.2,3.0,1.0,2.0,18-25,6-10 Years,2 Products,Excellent,Good,Very Low,No Complaints,146910.10140000004,High Value,20,Low Risk,50.70418478730814
575,CUST000575,Nisha,Kumar,23,Chennai,Tamil Nadu,Salaried,371051,Mass,2018-11-23,5,2,609,0.897,0,4,Call Center,0.066,1,3,145725.52,48575.17333333333,3,19,58045.24,3055.012631578947,1231.4,4413.393371676017,18,3,1,3,1,5,1,2,3,0.0,0.0,0.0,0.0,0.0,0.0,0.0,0.0,0.0,0.0,9.0,4.444444444444445,1.0,3.0,4.0,18-25,4-5 Years,2 Products,Fair,Good,Very Low,No Complaints,146886.42479999998,High Value,25,Medium Risk,63.37404547770462
4021,CUST004021,Kabir,Patel,45,Delhi,Delhi,Retired,614550,Mass,2024-12-07,3,2,651,0.404,0,5,ATM,0.066,1,2,141322.2,70661.1,2,24,52559.420000000006,2189.9758333333334,561.6700000000001,5174.801047981515,24,2,0,1,3,6,3,3,6,1.0,427175.76,427175.76,6.76,0.0,0.0,0.0,0.0,0.0,0.0,8.0,3.875,1.0,0.0,3.0,36-45,2-3 Years,2 Products,Fair,Excellent,Very Low,No Complaints,146645.14600000004,High Value,25,Medium Risk,63.31101144541327
9034,CUST009034,Nisha,Sharma,39,Kolkata,West Bengal,Retired,507680,Mass,2011-08-03,6,1,660,0.851,1,3,ATM,0.1301,1,5,101556.43,20311.286,3,12,51506.4,4292.2,1492.605,5583.38617179575,12,2,0,1,1,4,1,1,2,3.0,2607912.15,869304.0499999999,11.596666666666666,1.0,2.0,1692807.9500000002,553469.58,0.3385,0.411,5.0,4.6,0.0,1.0,4.0,36-45,6-10 Years,1 Product,Fair,Below Average,Very Low,1 Complaint,145593.759,High Value,35,Medium Risk,88.25087155903297
7703,CUST007703,Priya,Mehta,49,Bengaluru,Karnataka,Self Employed,346606,Mass,2024-01-13,4,3,733,0.251,1,2,Branch,0.2689,1,3,131297.85,43765.950000000004,3,13,33947.0,2611.3076923076924,2565.3,2474.937621665624,13,1,0,1,0,7,1,0,3,1.0,281727.32,281727.32,9.43,0.0,1.0,1055115.59,385117.19,0.365,0.365,6.0,3.0,3.0,2.0,2.0,46-55,4-5 Years,3 Products,Good,Low,Very Low,1 Complaint,145345.21910000002,High Value,45,High Risk,113.34853050272227
6754,CUST006754,Ira,Patel,36,Ahmedabad,Gujarat,Business Owner,937711,Affluent,2012-06-24,4,1,826,0.175,0,4,ATM,0.168,1,2,131925.28,65962.64,2,20,52344.189999999995,2617.2095,985.73,4237.140115003683,20,4,2,3,0,7,2,1,1,0.0,0.0,0.0,0.0,0.0,2.0,1228870.99,207948.41,0.1475,0.173,2.0,4.5,1.0,0.0,1.0,36-45,4-5 Years,1 Product,Excellent,Good,Very Low,No Complaints,145260.8737,High Value,20,Low Risk,50.3594964944366
8733,CUST008733,Riya,Joshi,33,Hyderabad,Telangana,Student,541018,Mass,2011-10-07,4,5,756,0.877,0,4,Internet Banking,0.066,1,4,141026.97999999998,35256.744999999995,4,19,116946.11,6155.058421052631,2362.09,9447.084213402251,17,3,0,3,2,5,0,2,4,1.0,186891.97,186891.97,8.41,1.0,0.0,0.0,0.0,0.0,0.0,2.0,5.0,1.0,0.0,1.0,26-35,4-5 Years,5+ Products,Very Good,Good,Very Low,No Complaints,145234.82189999998,High Value,20,Low Risk,50.35405167291909
1655,CUST001655,Meera,Sharma,37,Ahmedabad,Gujarat,Self Employed,896451,Affluent,2011-10-02,8,2,732,0.776,0,4,Branch,0.0474,1,3,143204.80000000002,47734.93333333334,2,21,41097.94,1957.044761904762,1269.33,2188.398406039492,19,0,2,2,2,8,1,0,6,0.0,0.0,0.0,0.0,0.0,1.0,82279.97,16126.87,0.196,0.196,7.0,3.4285714285714284,2.0,0.0,3.0,36-45,6-10 Years,2 Products,Good,Good,Very Low,No Complaints,144849.5585,High Value,20,Low Risk,50.27353169156548
5463,CUST005463,Ishaan,Sharma,46,Jaipur,Rajasthan,Retired,351144,Mass,2023-01-21,4,2,679,0.756,0,4,Call Center,0.066,1,3,111636.32,37212.10666666667,2,16,71407.49,4462.968125,2180.9300000000003,5811.615420092442,16,1,2,2,2,3,1,2,3,2.0,3143903.2,1571951.6,12.125,2.0,0.0,0.0,0.0,0.0,0.0,4.0,4.75,0.0,0.0,1.0,46-55,4-5 Years,2 Products,Good,Good,Very Low,No Complaints,144503.5018,High Value,25,Medium Risk,62.75150737933117
9963,CUST009963,Aditya,Sethi,56,Jaipur,Rajasthan,Retired,319937,Mass,2020-05-09,2,4,718,0.89,0,4,Branch,0.0832,1,3,129730.0,43243.333333333336,3,17,86531.15,5090.067647058823,1500.42,8549.714860416787,17,1,0,3,1,6,0,5,1,0.0,0.0,0.0,0.0,0.0,1.0,1282527.21,318066.75,0.248,0.248,5.0,2.2,1.0,1.0,1.0,56-65,2-3 Years,4 Products,Good,Good,Very Low,No Complaints,144285.8951,High Value,20,Low Risk,50.155726142277075
2030,CUST002030,Aarav,Kumar,36,Mumbai,Maharashtra,Student,424596,Mass,2011-03-11,1,1,742,0.854,0,4,ATM,0.2142,1,2,129497.14000000001,64748.57000000001,2,21,55069.16,2622.3409523809523,707.01,5314.790056940071,21,3,3,3,0,8,2,1,1,2.0,1117384.3900000001,558692.1950000001,10.89,2.0,1.0,219010.65,33070.61,0.151,0.151,4.0,5.0,0.0,0.0,2.0,36-45,0-1 Years,1 Product,Very Good,Good,Very Low,No Complaints,143962.4736,High Value,20,Low Risk,50.08813110690813
6368,CUST006368,Rahul,Gupta,56,Hyderabad,Telangana,Retired,330288,Mass,2020-09-25,8,2,617,0.532,1,3,Call Center,0.0832,1,2,138219.16,69109.58,2,22,83229.44,3783.156363636364,1146.87,6142.274102617157,21,1,0,3,3,5,1,4,5,0.0,0.0,0.0,0.0,0.0,1.0,402015.12,91257.43,0.227,0.227,6.0,4.0,2.0,1.0,1.0,56-65,6-10 Years,2 Products,Fair,Below Average,Very Low,1 Complaint,143903.9,High Value,35,Medium Risk,87.63280616131301
573,CUST000573,Varun,Bansal,34,Ludhiana,Punjab,Retired,564829,Mass,2023-05-11,8,4,743,0.826,0,4,Call Center,0.066,1,2,124082.42000000001,62041.21000000001,1,16,23396.49,1462.280625,1117.9,1198.8397544040586,16,3,0,0,0,7,0,0,6,1.0,1903705.65,1903705.65,10.47,0.0,0.0,0.0,0.0,0.0,0.0,8.0,4.25,0.0,4.0,3.0,26-35,6-10 Years,4 Products,Very Good,Good,Very Low,No Complaints,143587.4063,High Value,20,Low Risk,50.009742108621886
1561,CUST001561,Kabir,Sethi,40,Delhi,Delhi,Student,295656,Mass,2018-09-01,7,6,704,0.719,1,4,Branch,0.0832,1,3,100692.2,33564.066666666666,3,20,57633.780000000006,2881.6890000000003,1449.955,4766.749584977499,19,3,1,2,0,9,1,1,3,1.0,4172213.79,4172213.79,12.65,1.0,0.0,0.0,0.0,0.0,0.0,7.0,4.0,2.0,2.0,3.0,36-45,6-10 Years,5+ Products,Good,Good,Very Low,1 Complaint,143567.0135,High Value,20,Low Risk,50.00548001708724
3393,CUST003393,Manish,Singh,30,Pune,Maharashtra,Business Owner,566175,Mass,2014-01-04,4,1,738,0.441,0,3,Mobile App,0.1301,1,1,141206.46,141206.46,1,19,27649.6,1455.2421052631578,804.44,1903.717862002254,18,2,3,0,1,7,4,1,1,1.0,175100.37,175100.37,12.54,1.0,0.0,0.0,0.0,0.0,0.0,3.0,5.0,1.0,1.0,1.0,26-35,4-5 Years,1 Product,Good,Below Average,Very Low,No Complaints,143510.4557,High Value,30,Medium Risk,74.99048917057921
7571,CUST007571,Vivaan,Sethi,37,Jaipur,Rajasthan,Business Owner,492755,Mass,2012-09-27,2,1,704,0.941,2,2,Internet Banking,0.3543,1,4,142549.0,35637.25,2,28,46237.45,1651.3374999999999,831.185,1969.154642648436,27,0,3,4,2,11,1,2,5,0.0,0.0,0.0,0.0,0.0,0.0,0.0,0.0,0.0,0.0,6.0,4.166666666666667,0.0,2.0,3.0,36-45,2-3 Years,1 Product,Good,Low,Very Low,2-3 Complaints,143473.749,High Value,55,High Risk,137.46146632171357
4240,CUST004240,Aditya,Joshi,41,Mumbai,Maharashtra,Retired,411366,Mass,2017-05-06,8,3,689,0.366,0,4,Mobile App,0.066,1,2,127401.94,63700.97,2,25,48067.86,1922.7144,1514.38,2127.564433025629,25,1,2,2,2,13,1,2,2,0.0,0.0,0.0,0.0,0.0,2.0,1413297.04,437865.64,0.2875,0.408,5.0,3.6,1.0,2.0,2.0,36-45,6-10 Years,3 Products,Good,Good,Very Low,No Complaints,142496.2676,High Value,20,Low Risk,49.7816943164407
8428,CUST008428,Kabir,Khanna,49,Mumbai,Maharashtra,Self Employed,536924,Mass,2017-09-11,3,2,657,0.182,0,4,Mobile App,0.1192,1,1,114136.29,114136.29,1,14,41280.93,2948.6378571428572,1069.345,4810.890292878277,14,3,3,0,0,3,1,1,3,1.0,2736539.79,2736539.79,11.03,1.0,0.0,0.0,0.0,0.0,0.0,8.0,3.5,0.0,2.0,1.0,46-55,2-3 Years,2 Products,Fair,Good,Very Low,No Complaints,142327.3065,High Value,25,Medium Risk,62.18297684613674
4688,CUST004688,Ishaan,Gupta,40,Delhi,Delhi,Student,256785,Mass,2020-11-11,1,3,721,0.898,0,4,Mobile App,0.1419,1,3,132769.9,44256.63333333333,3,20,28931.25,1446.5625,1301.635,1045.87619462482,20,6,1,1,0,5,3,1,3,0.0,0.0,0.0,0.0,0.0,1.0,838313.49,147543.17,0.176,0.176,3.0,2.0,0.0,1.0,1.0,36-45,0-1 Years,3 Products,Good,Good,Very Low,No Complaints,141731.6599,High Value,20,Low Risk,49.62189144456957
8355,CUST008355,Vivaan,Kapoor,52,Ahmedabad,Gujarat,Salaried,228939,Mass,2021-03-20,4,2,662,0.577,1,5,Call Center,0.0832,1,4,133409.75,33352.4375,4,18,39653.9,2202.9944444444445,1224.575,2185.803424249637,18,1,2,2,1,6,1,2,3,1.0,706015.32,706015.32,12.1,1.0,0.0,0.0,0.0,0.0,0.0,4.0,3.5,0.0,1.0,2.0,46-55,4-5 Years,2 Products,Fair,Excellent,Very Low,1 Complaint,141262.9812,High Value,25,Medium Risk,61.90492210063605
7843,CUST007843,Manish,Bansal,65,Hyderabad,Telangana,Student,684837,Mass,2019-05-21,5,3,689,0.599,0,5,Mobile App,0.0911,1,2,135469.72,67734.86,2,28,114236.24,4079.8657142857146,751.5,8308.485539536798,27,2,3,2,2,11,2,3,3,1.0,324768.4,324768.4,10.92,0.0,0.0,0.0,0.0,0.0,0.0,3.0,4.333333333333333,1.0,1.0,1.0,56-65,4-5 Years,3 Products,Good,Excellent,Very Low,No Complaints,141002.1288,High Value,20,Low Risk,49.46941957579385
9873,CUST009873,Varun,Bansal,56,Pune,Maharashtra,Business Owner,225043,Mass,2015-07-14,7,2,598,0.521,0,2,Internet Banking,0.1611,1,3,126007.05,42002.35,2,18,28933.06,1607.3922222222222,695.26,2620.7754336445482,18,3,3,1,0,8,0,1,2,2.0,1435689.3900000001,717844.6950000001,10.41,0.0,0.0,0.0,0.0,0.0,0.0,4.0,4.75,0.0,2.0,2.0,56-65,6-10 Years,2 Products,Fair,Low,Very Low,No Complaints,140942.60510000002,High Value,60,High Risk,148.37093739957757
6285,CUST006285,Meera,Joshi,61,Mumbai,Maharashtra,Salaried,409483,Mass,2014-04-01,8,4,671,0.635,1,3,Mobile App,0.0911,1,4,130425.95,32606.4875,3,17,33560.79,1974.164117647059,965.24,2602.775021184262,17,6,2,1,0,5,0,1,2,1.0,978980.84,978980.84,7.76,0.0,0.0,0.0,0.0,0.0,0.0,9.0,3.6666666666666665,3.0,0.0,7.0,56-65,6-10 Years,4 Products,Good,Below Average,Very Low,1 Complaint,140886.9742,High Value,35,Medium Risk,86.52936649891011
6906,CUST006906,Raj,Sethi,42,Pune,Maharashtra,Salaried,333205,Mass,2025-03-29,0,3,727,0.476,0,3,ATM,0.1419,1,3,115993.44,38664.48,2,27,70336.45999999999,2605.054074074074,864.25,7053.346402813818,26,4,6,2,0,8,1,1,5,4.0,2340720.08,585180.02,10.7425,4.0,0.0,0.0,0.0,0.0,0.0,4.0,4.75,1.0,0.0,2.0,36-45,0-1 Years,3 Products,Good,Below Average,Very Low,No Complaints,140807.37,High Value,30,Medium Risk,74.14307253239906
1571,CUST001571,Karan,Arora,55,Bengaluru,Karnataka,Student,249506,Mass,2017-10-31,2,5,660,0.588,0,5,Branch,0.0832,1,4,138568.38,34642.095,3,21,40804.12,1943.0533333333335,802.27,2475.5110370615066,20,3,3,1,0,6,3,2,3,0.0,0.0,0.0,0.0,0.0,1.0,119704.81,2513.8,0.021,0.021,6.0,4.666666666666667,2.0,0.0,3.0,46-55,2-3 Years,5+ Products,Fair,Excellent,Very Low,No Complaints,140581.51050000003,High Value,25,Medium Risk,61.72688803336857
7569,CUST007569,Ira,Verma,40,Hyderabad,Telangana,Business Owner,310845,Mass,2021-04-16,11,1,751,0.794,0,4,Internet Banking,0.1611,1,4,128731.26,32182.815,3,18,52933.54,2940.7522222222224,895.44,7329.04399993659,18,4,1,3,0,4,0,0,6,0.0,0.0,0.0,0.0,0.0,1.0,973217.05,295857.98,0.304,0.304,5.0,4.2,2.0,1.0,0.0,36-45,10+ Years,1 Product,Very Good,Good,Very Low,No Complaints,139522.1013,High Value,20,Low Risk,49.16009409431068
2823,CUST002823,Nisha,Bansal,29,Chandigarh,Chandigarh,Student,297026,Mass,2014-04-04,0,1,735,0.392,0,2,Internet Banking,0.4256,1,2,127663.39000000001,63831.69500000001,2,21,76200.81,3628.6099999999997,1518.24,6244.14609154046,21,2,4,4,0,8,0,1,2,2.0,992186.6200000001,496093.31000000006,10.115,1.0,0.0,0.0,0.0,0.0,0.0,6.0,4.5,1.0,1.0,2.0,26-35,0-1 Years,1 Product,Good,Low,Very Low,No Complaints,139109.27240000002,High Value,45,High Risk,110.41607908892614
4158,CUST004158,Raj,Gupta,22,Mumbai,Maharashtra,Self Employed,473082,Mass,2017-08-15,2,3,696,0.536,1,4,Mobile App,0.066,1,3,115595.23999999999,38531.746666666666,3,14,29729.75,2123.5535714285716,583.78,3364.6804798801127,13,2,3,0,1,3,1,1,3,1.0,755894.47,755894.47,12.89,1.0,3.0,1489781.12,306024.05,0.37600000000000006,0.641,1.0,7.0,1.0,0.0,1.0,18-25,2-3 Years,3 Products,Good,Good,Very Low,1 Complaint,138646.59089999998,High Value,20,Low Risk,48.97711257807295
9183,CUST009183,Vivaan,Kumar,55,Jaipur,Rajasthan,Student,536882,Mass,2017-09-23,4,2,683,0.317,0,3,Internet Banking,0.1192,1,3,127906.26000000001,42635.420000000006,2,15,22875.0,1525.0,762.63,1625.2927189322806,15,2,1,0,1,7,3,0,1,1.0,543187.74,543187.74,11.52,1.0,2.0,477607.47000000003,133296.19999999998,0.21100000000000002,0.334,4.0,5.25,0.0,2.0,1.0,46-55,4-5 Years,2 Products,Good,Below Average,Very Low,No Complaints,138571.7121,High Value,30,Medium Risk,73.44219438349724
545,CUST000545,Varun,Verma,34,Chandigarh,Chandigarh,Self Employed,525910,Mass,2019-05-20,6,3,755,0.939,1,3,ATM,0.066,1,3,100938.44000000002,33646.146666666675,1,28,94933.04,3390.465714285714,1065.585,6048.173185385037,26,3,3,6,0,12,0,0,4,3.0,3557370.64,1185790.2133333334,10.479999999999999,2.0,0.0,0.0,0.0,0.0,0.0,3.0,4.333333333333333,0.0,0.0,2.0,26-35,6-10 Years,3 Products,Very Good,Below Average,Very Low,1 Complaint,138410.8072,High Value,30,Medium Risk,73.39175074072828
4806,CUST004806,Manish,Gupta,52,Kolkata,West Bengal,Retired,233144,Mass,2025-11-09,1,2,791,0.861,1,3,Branch,0.1419,1,3,126551.11,42183.70333333333,1,16,18236.32,1139.77,497.01,1845.3663388895623,16,4,0,0,2,7,1,2,0,1.0,735830.64,735830.64,13.46,1.0,1.0,397839.92,161920.85,0.407,0.407,4.0,5.0,0.0,0.0,2.0,46-55,0-1 Years,2 Products,Very Good,Below Average,Very Low,1 Complaint,138252.54200000002,High Value,30,Medium Risk,73.34213464319764
6668,CUST006668,Rahul,Malhotra,53,Kolkata,West Bengal,Retired,219013,Mass,2012-10-27,5,4,823,0.814,1,3,ATM,0.0832,1,2,137004.69,68502.345,2,26,52545.23,2020.9703846153848,1322.145,2144.9336390564267,26,5,2,4,2,8,2,1,2,0.0,0.0,0.0,0.0,0.0,0.0,0.0,0.0,0.0,0.0,5.0,5.2,1.0,0.0,3.0,46-55,4-5 Years,4 Products,Excellent,Below Average,Very Low,1 Complaint,138055.5946,High Value,30,Medium Risk,73.28039168639596
6016,CUST006016,Aditya,Verma,25,Chandigarh,Chandigarh,Retired,250884,Mass,2021-03-17,9,2,736,0.736,0,4,ATM,0.0832,1,2,126157.62,63078.81,1,17,36201.6,2129.505882352941,1495.02,2240.593926445784,17,0,2,1,0,5,4,0,5,1.0,492790.22,492790.22,12.95,1.0,1.0,599289.82,211549.31,0.353,0.353,4.0,2.5,0.0,0.0,0.0,18-25,6-10 Years,2 Products,Good,Good,Very Low,No Complaints,137802.4524,High Value,20,Low Risk,48.80068778329651
8974,CUST008974,Ishaan,Singh,42,Hyderabad,Telangana,Self Employed,495967,Mass,2017-07-06,5,5,694,0.407,1,3,Internet Banking,0.066,1,3,123255.43,41085.14333333333,2,15,35575.87,2371.724666666667,1692.79,2108.8878596985214,14,1,3,4,0,4,2,0,1,1.0,707201.13,707201.13,11.83,1.0,2.0,674195.51,162617.34,0.262,0.353,5.0,4.0,0.0,0.0,3.0,36-45,4-5 Years,5+ Products,Good,Below Average,Very Low,1 Complaint,137780.91379999998,High Value,30,Medium Risk,73.19427932965172
3386,CUST003386,Ira,Verma,45,Ahmedabad,Gujarat,Business Owner,508363,Mass,2016-08-06,3,3,772,0.853,1,4,Branch,0.066,1,2,134969.99,67484.995,2,24,78008.8,3250.366666666667,1189.895,6967.846627189822,22,4,3,1,1,10,1,2,2,0.0,0.0,0.0,0.0,0.0,1.0,92836.28,17638.89,0.19,0.19,3.0,3.6666666666666665,1.0,1.0,1.0,36-45,2-3 Years,3 Products,Very Good,Good,Very Low,1 Complaint,137458.5288,High Value,20,Low Risk,48.72880781271257
3041,CUST003041,Sara,Khanna,52,Hyderabad,Telangana,Salaried,301912,Mass,2024-03-21,2,4,672,0.523,2,4,Call Center,0.1359,1,3,73045.01,24348.336666666666,1,30,105292.22,3509.7406666666666,1362.0,5465.369242767834,26,0,3,5,1,12,2,4,3,2.0,6170815.75,3085407.875,9.600000000000001,2.0,0.0,0.0,0.0,0.0,0.0,1.0,6.0,0.0,0.0,0.0,46-55,2-3 Years,4 Products,Good,Good,Very Low,2-3 Complaints,136859.01189999998,High Value,35,Medium Risk,85.05614055464468
4601,CUST004601,Ishaan,Chopra,27,Chandigarh,Chandigarh,Salaried,224599,Mass,2022-12-28,6,5,612,0.827,0,3,Internet Banking,0.0832,1,3,113187.67,37729.223333333335,2,20,32005.81,1600.2905,904.64,1817.103601691077,19,3,2,5,1,8,1,0,0,1.0,2277799.57,2277799.57,11.06,0.0,0.0,0.0,0.0,0.0,0.0,7.0,4.0,0.0,1.0,3.0,26-35,6-10 Years,5+ Products,Fair,Below Average,Very Low,No Complaints,136605.7819,High Value,35,Medium Risk,84.96352176179592
840,CUST000840,Diya,Mehta,36,Chennai,Tamil Nadu,Business Owner,311314,Mass,2021-04-12,2,3,667,0.975,1,3,Call Center,0.0832,1,3,134309.07,44769.69,2,28,68775.64,2456.272857142857,1473.635,3069.645846237782,26,3,0,5,3,14,0,0,3,0.0,0.0,0.0,0.0,0.0,1.0,80242.29,36670.73,0.457,0.457,5.0,3.6,1.0,1.0,3.0,36-45,2-3 Years,3 Products,Fair,Below Average,Very Low,1 Complaint,136487.0057,High Value,35,Medium Risk,84.92007940400592
7026,CUST007026,Riya,Malhotra,42,Pune,Maharashtra,Salaried,378320,Mass,2020-10-28,6,3,648,0.82,2,3,ATM,0.1091,1,3,115037.63,38345.87666666667,0,17,17346.05,1020.3558823529411,988.84,615.9625311256646,17,1,1,2,0,10,1,0,2,1.0,145319.52,145319.52,11.75,1.0,4.0,1959632.87,494418.71,0.304,0.528,3.0,4.666666666666667,0.0,1.0,2.0,36-45,6-10 Years,3 Products,Fair,Below Average,Very Low,2-3 Complaints,136434.0749,High Value,45,High Risk,109.15806854642763
4820,CUST004820,Aarav,Khanna,59,Ludhiana,Punjab,Self Employed,712972,Mass,2013-11-12,7,1,810,0.779,1,3,Call Center,0.1301,1,3,135819.53999999998,45273.17999999999,2,18,28720.18,1595.5655555555556,1054.18,1645.9252171462433,17,3,2,1,1,8,0,0,3,0.0,0.0,0.0,0.0,0.0,0.0,0.0,0.0,0.0,0.0,4.0,4.5,2.0,0.0,2.0,56-65,6-10 Years,1 Product,Excellent,Below Average,Very Low,1 Complaint,136393.94359999997,High Value,30,Medium Risk,72.75946454588808
3456,CUST003456,Vivaan,Kapoor,48,Lucknow,Uttar Pradesh,Self Employed,315548,Mass,2019-09-15,3,2,815,0.204,1,4,Call Center,0.148,1,3,129232.84,43077.613333333335,3,19,52503.17,2763.3247368421053,2178.81,3094.6371794594893,18,2,3,1,1,8,0,1,3,0.0,0.0,0.0,0.0,0.0,1.0,548764.19,76826.99,0.14,0.14,9.0,4.111111111111111,1.0,3.0,0.0,46-55,2-3 Years,2 Products,Excellent,Good,Very Low,1 Complaint,135770.5453,High Value,20,Low Risk,48.376019564606935
6205,CUST006205,Siddharth,Chopra,27,Ludhiana,Punjab,Business Owner,180000,Mass,2015-02-02,5,1,721,0.518,0,4,ATM,0.1611,1,2,90421.54999999999,45210.774999999994,2,27,50901.07,1885.2248148148149,1521.85,2119.2269158412287,26,3,4,3,0,9,2,1,5,1.0,3208104.33,3208104.33,8.23,0.0,1.0,1196151.55,220091.89,0.184,0.184,2.0,1.5,0.0,1.0,1.0,26-35,4-5 Years,1 Product,Good,Good,Very Low,No Complaints,135482.13019999999,High Value,20,Low Risk,48.315740860546015
2601,CUST002601,Meera,Patel,38,Bengaluru,Karnataka,Retired,414941,Mass,2016-03-09,4,2,599,0.485,0,4,ATM,0.066,1,4,134795.83,33698.9575,3,23,32413.21,1409.27,819.6,1757.936264696864,21,1,2,3,0,9,4,0,4,0.0,0.0,0.0,0.0,0.0,0.0,0.0,0.0,0.0,0.0,1.0,4.0,0.0,0.0,1.0,36-45,4-5 Years,2 Products,Fair,Good,Very Low,No Complaints,135444.0942,High Value,35,Medium Risk,84.53863485091941
4139,CUST004139,Varun,Kumar,52,Bengaluru,Karnataka,Self Employed,281928,Mass,2016-03-09,4,1,747,0.635,1,3,Mobile App,0.1611,1,2,132467.15,66233.575,2,18,148599.57,8255.531666666668,2240.04,15762.289174482332,17,2,2,2,0,2,1,6,3,0.0,0.0,0.0,0.0,0.0,0.0,0.0,0.0,0.0,0.0,1.0,6.0,0.0,0.0,0.0,46-55,4-5 Years,1 Product,Very Good,Below Average,Very Low,1 Complaint,135439.1414,High Value,30,Medium Risk,72.46013431360909
6213,CUST006213,Ishaan,Chopra,53,Hyderabad,Telangana,Salaried,276121,Mass,2022-04-16,7,3,850,0.426,0,5,Call Center,0.0832,1,3,127131.47,42377.15666666667,3,20,71931.34,3596.567,1158.635,6138.286812226924,19,5,1,4,2,7,1,0,0,0.0,0.0,0.0,0.0,0.0,2.0,680603.87,261804.84,0.359,0.473,3.0,3.6666666666666665,1.0,1.0,1.0,46-55,6-10 Years,3 Products,Excellent,Excellent,Very Low,No Complaints,135376.1355,High Value,20,Low Risk,48.29358798729727
5831,CUST005831,Aditya,Gupta,54,Ahmedabad,Gujarat,Student,265696,Mass,2019-04-03,7,2,709,0.753,2,3,Internet Banking,0.1359,1,5,118470.19,23694.038,2,21,58926.729999999996,2806.0347619047616,1304.93,4682.444900885241,20,4,2,3,1,10,0,0,1,0.0,0.0,0.0,0.0,0.0,4.0,1557265.32,253297.87,0.12000000000000001,0.273,2.0,3.5,1.0,0.0,1.0,46-55,6-10 Years,2 Products,Good,Below Average,Very Low,2-3 Complaints,135221.37780000002,High Value,40,Medium Risk,96.52248731162615
8572,CUST008572,Varun,Chopra,29,Ahmedabad,Gujarat,Self Employed,577938,Mass,2024-06-20,2,3,642,0.711,1,3,Branch,0.066,1,3,127307.66,42435.886666666665,3,20,66290.03,3314.5015,1204.815,6145.886503065347,20,3,2,2,1,7,0,2,3,0.0,0.0,0.0,0.0,0.0,2.0,631492.43,101245.25,0.138,0.211,3.0,5.666666666666667,0.0,1.0,1.0,26-35,2-3 Years,3 Products,Fair,Below Average,Very Low,1 Complaint,134948.3849,High Value,35,Medium Risk,84.35732933036535
1012,CUST001012,Varun,Singh,33,Chennai,Tamil Nadu,Salaried,666538,Mass,2022-04-03,11,3,566,0.933,0,4,Call Center,0.0953,1,2,112468.84999999999,56234.424999999996,2,17,42777.63,2516.331176470588,1188.2,2799.141871254659,17,4,1,2,0,6,0,0,4,2.0,2088626.45,1044313.225,12.725,1.0,0.0,0.0,0.0,0.0,0.0,5.0,5.8,1.0,2.0,2.0,26-35,10+ Years,3 Products,Poor,Good,Very Low,No Complaints,134210.6671,High Value,35,Medium Risk,84.08750927705789
2995,CUST002995,Rohan,Joshi,39,Chandigarh,Chandigarh,Retired,394549,Mass,2017-04-19,4,3,745,0.689,1,3,Mobile App,0.066,1,5,133230.9,26646.18,5,21,37691.46,1794.8314285714284,1056.66,1822.6701473971798,21,4,4,1,3,7,0,0,2,0.0,0.0,0.0,0.0,0.0,0.0,0.0,0.0,0.0,0.0,2.0,5.0,1.0,0.0,1.0,36-45,4-5 Years,3 Products,Very Good,Below Average,Very Low,1 Complaint,133984.7292,High Value,30,Medium Risk,72.00417648102827
72,CUST000072,Rohan,Arora,30,Bengaluru,Karnataka,Business Owner,312065,Mass,2016-01-04,9,1,700,0.879,1,4,Internet Banking,0.1611,1,3,91763.93,30587.976666666666,3,32,104641.76,3270.055,770.54,9677.653146911987,29,1,5,2,2,14,3,2,3,2.0,3630213.0,1815106.5,12.25,2.0,2.0,379156.22000000003,70269.36,0.23399999999999999,0.313,6.0,4.666666666666667,0.0,4.0,2.0,26-35,6-10 Years,1 Product,Good,Good,Very Low,1 Complaint,133950.4574,High Value,20,Low Risk,47.99562152064545
2297,CUST002297,Aarav,Kumar,45,Ludhiana,Punjab,Business Owner,533145,Mass,2020-01-01,5,1,789,0.076,1,4,ATM,0.2227,1,3,129509.05,43169.683333333334,2,23,41883.42,1821.0182608695652,991.03,1845.256177944486,23,7,0,2,1,8,2,0,3,1.0,348866.44,348866.44,12.54,0.0,0.0,0.0,0.0,0.0,0.0,4.0,3.75,1.0,0.0,2.0,36-45,4-5 Years,1 Product,Very Good,Good,Very Low,1 Complaint,133835.3828,High Value,20,Low Risk,47.97157094992869
9234,CUST009234,Meera,Sethi,39,Ahmedabad,Gujarat,Retired,508472,Mass,2019-11-25,6,5,680,0.756,0,4,Call Center,0.066,1,4,123162.09,30790.5225,4,32,76063.76000000001,2376.9925000000003,890.965,4496.590747412547,31,5,1,3,4,13,1,0,5,0.0,0.0,0.0,0.0,0.0,1.0,908736.38,541606.88,0.596,0.596,7.0,4.714285714285714,2.0,0.0,3.0,36-45,6-10 Years,5+ Products,Good,Good,Very Low,No Complaints,133770.729,High Value,20,Low Risk,47.95805831734942
4746,CUST004746,Varun,Sethi,51,Pune,Maharashtra,Self Employed,663001,Mass,2011-07-30,8,3,673,0.576,0,5,Internet Banking,0.066,1,3,130380.89,43460.29666666667,2,24,78968.3,3290.3458333333333,1895.525,5293.0458178665,23,3,0,6,2,8,1,0,4,0.0,0.0,0.0,0.0,0.0,2.0,173224.51,63246.32,0.354,0.589,13.0,4.153846153846154,1.0,3.0,3.0,46-55,6-10 Years,3 Products,Good,Excellent,Very Low,No Complaints,133692.5011,High Value,25,Medium Risk,59.927135875387414
5517,CUST005517,Sara,Kapoor,30,Ludhiana,Punjab,Business Owner,383152,Mass,2024-06-25,3,4,754,0.623,1,5,Internet Banking,0.066,1,2,131331.39,65665.695,1,26,110714.96,4258.267692307692,1137.615,14171.635185110099,24,2,2,4,2,8,3,1,4,0.0,0.0,0.0,0.0,0.0,0.0,0.0,0.0,0.0,0.0,5.0,3.0,3.0,0.0,5.0,26-35,2-3 Years,4 Products,Very Good,Excellent,Very Low,1 Complaint,133545.68920000002,High Value,20,Low Risk,47.911025039597575
6797,CUST006797,Sara,Bansal,39,Chandigarh,Chandigarh,Salaried,435596,Mass,2021-03-27,3,2,692,0.756,0,5,ATM,0.066,1,3,131536.79,43845.59666666667,1,24,99819.02,4159.1258333333335,1375.58,9342.592897239812,23,2,3,2,0,7,3,3,4,0.0,0.0,0.0,0.0,0.0,0.0,0.0,0.0,0.0,0.0,5.0,3.4,0.0,1.0,2.0,36-45,2-3 Years,2 Products,Good,Excellent,Very Low,No Complaints,133533.1704,High Value,20,Low Risk,47.908408612647676
6941,CUST006941,Dev,Mehta,36,Mumbai,Maharashtra,Business Owner,180000,Mass,2019-02-23,5,1,826,0.378,2,4,Branch,0.2497,1,4,125401.07,31350.2675,4,17,96556.44,5679.790588235294,1768.45,9064.9263050455,16,3,3,4,0,3,0,3,1,1.0,560215.71,560215.71,11.66,0.0,0.0,0.0,0.0,0.0,0.0,5.0,4.4,0.0,1.0,0.0,36-45,4-5 Years,1 Product,Excellent,Good,Very Low,2-3 Complaints,132934.35590000002,High Value,30,Medium Risk,71.67488473466588
9320,CUST009320,Aarav,Malhotra,50,Delhi,Delhi,Retired,428479,Mass,2012-02-20,16,1,647,0.76,0,4,Internet Banking,0.1301,1,4,120046.28,30011.57,3,26,81968.25,3152.625,1234.13,6457.5874867044595,25,1,3,2,1,11,1,3,4,0.0,0.0,0.0,0.0,0.0,1.0,1107631.0,501756.84,0.453,0.453,6.0,4.166666666666667,0.0,0.0,4.0,46-55,10+ Years,1 Product,Fair,Good,Very Low,No Complaints,132761.95500000002,High Value,25,Medium Risk,59.684030915830256
6262,CUST006262,Raj,Gupta,33,Pune,Maharashtra,Retired,787535,Mass,2025-05-13,6,2,747,0.798,0,4,Mobile App,0.066,1,2,103964.08,51982.04,2,20,77521.77,3876.0885000000003,1740.1950000000002,5879.02054935064,20,1,1,0,2,10,0,4,2,1.0,2509040.23,2509040.23,12.1,1.0,1.0,190001.89,54340.54,0.286,0.286,3.0,3.3333333333333335,1.0,0.0,2.0,26-35,6-10 Years,2 Products,Very Good,Good,Very Low,No Complaints,132504.93660000002,High Value,20,Low Risk,47.693507933260115
1597,CUST001597,Ira,Malhotra,48,Bengaluru,Karnataka,Student,215910,Mass,2023-11-01,3,3,721,0.681,0,5,Call Center,0.0832,1,1,103356.5,103356.5,1,17,99617.86,5859.8741176470585,1294.74,13557.602613101466,17,3,0,3,0,6,0,3,2,2.0,2703616.3200000003,1351808.1600000001,10.265,1.0,0.0,0.0,0.0,0.0,0.0,6.0,4.666666666666667,1.0,1.0,4.0,46-55,2-3 Years,3 Products,Good,Excellent,Very Low,No Complaints,132385.0204,High Value,20,Low Risk,47.66844546901359
7619,CUST007619,Manish,Bansal,20,Lucknow,Uttar Pradesh,Business Owner,189468,Mass,2014-08-19,14,1,716,0.653,0,4,Internet Banking,0.1611,1,3,80749.07,26916.35666666667,2,17,50016.96,2942.1741176470587,914.3,6026.799360445246,17,1,0,2,1,7,0,3,3,3.0,4637319.03,1545773.01,9.200000000000001,1.0,1.0,406780.28,66711.97,0.164,0.164,3.0,3.3333333333333335,1.0,1.0,2.0,18-25,10+ Years,1 Product,Good,Good,Very Low,No Complaints,132190.40230000002,High Value,20,Low Risk,47.6277703210938
2751,CUST002751,Ankit,Verma,39,Pune,Maharashtra,Student,1257307,Affluent,2022-09-01,3,1,735,0.74,0,3,Mobile App,0.0953,1,4,129341.11,32335.2775,4,17,21356.3,1256.2529411764706,868.73,1064.7451116861532,16,4,3,0,1,5,2,0,2,0.0,0.0,0.0,0.0,0.0,1.0,205107.76,130858.75,0.638,0.638,8.0,2.875,3.0,1.0,4.0,36-45,2-3 Years,1 Product,Good,Below Average,Very Low,No Complaints,131819.3136,High Value,35,Medium Risk,83.21287248661179
1935,CUST001935,Siddharth,Kumar,47,Pune,Maharashtra,Retired,286779,Mass,2015-11-29,7,4,691,0.896,0,3,Branch,0.0832,1,4,130501.28,32625.32,2,22,62401.490000000005,2836.431363636364,1398.255,3594.8053656117995,22,3,2,3,2,3,2,3,4,0.0,0.0,0.0,0.0,0.0,0.0,0.0,0.0,0.0,0.0,4.0,4.0,0.0,2.0,1.0,46-55,6-10 Years,4 Products,Good,Below Average,Very Low,No Complaints,131749.3098,High Value,30,Medium Risk,71.30337310181217
8138,CUST008138,Diya,Kapoor,42,Chennai,Tamil Nadu,Retired,192575,Mass,2022-01-10,7,2,664,0.808,0,5,Mobile App,0.0832,1,2,79095.04,39547.52,2,16,102006.1,6375.38125,1465.0900000000001,18638.861862254675,15,1,1,2,0,6,1,1,4,2.0,3663853.9800000004,1831926.9900000002,9.935,2.0,2.0,1377926.52,309551.61,0.268,0.382,5.0,4.8,2.0,2.0,3.0,36-45,6-10 Years,2 Products,Fair,Excellent,Very Low,No Complaints,131552.967,High Value,25,Medium Risk,59.36818307245624
8792,CUST008792,Dev,Malhotra,33,Jaipur,Rajasthan,Student,350062,Mass,2024-04-15,18,1,695,0.655,1,4,Call Center,0.1301,1,2,128256.31,64128.155,1,17,53004.73,3117.9252941176474,1235.06,4214.952403763175,16,1,1,3,0,9,0,1,2,1.0,214285.5,214285.5,10.07,0.0,0.0,0.0,0.0,0.0,0.0,7.0,3.5714285714285716,1.0,3.0,3.0,26-35,10+ Years,1 Product,Good,Good,Very Low,1 Complaint,131459.2596,High Value,20,Low Risk,47.474961628207744
7633,CUST007633,Varun,Sharma,18,Jaipur,Rajasthan,Student,934019,Affluent,2018-12-11,6,3,767,0.815,0,3,Branch,0.0474,1,2,129704.52,64852.26,2,24,37025.93,1542.7470833333334,1056.44,1478.08421106653,23,3,3,0,1,13,2,0,2,0.0,0.0,0.0,0.0,0.0,1.0,95758.33,12448.58,0.13,0.13,4.0,4.0,1.0,2.0,0.0,18-25,6-10 Years,3 Products,Very Good,Below Average,Very Low,No Complaints,131402.6219,High Value,30,Medium Risk,71.19468653863153
8252,CUST008252,Vivaan,Arora,44,Ludhiana,Punjab,Student,227521,Mass,2012-02-07,12,3,674,0.573,1,3,Internet Banking,0.0832,1,4,115062.76,28765.69,4,22,43161.44,1961.8836363636365,1462.06,1607.2480551952783,22,3,4,2,0,7,3,1,2,0.0,0.0,0.0,0.0,0.0,4.0,1507817.17,505147.20999999996,0.32775,0.479,8.0,4.75,1.0,2.0,1.0,36-45,10+ Years,3 Products,Good,Below Average,Very Low,1 Complaint,131004.1605,High Value,35,Medium Risk,82.9147304966859
3361,CUST003361,Vivaan,Patel,37,Kolkata,West Bengal,Self Employed,196340,Mass,2015-11-04,2,1,674,0.519,0,3,Branch,0.1611,1,3,87565.0,29188.333333333332,2,18,50719.43,2817.746111111111,1623.935,3834.860229780816,18,3,1,4,0,6,0,0,4,2.0,4204016.18,2102008.09,13.11,1.0,0.0,0.0,0.0,0.0,0.0,6.0,5.5,1.0,0.0,6.0,36-45,2-3 Years,1 Product,Good,Below Average,Very Low,No Complaints,130619.55040000001,High Value,35,Medium Risk,82.77405947358659
6974,CUST006974,Meera,Joshi,42,Pune,Maharashtra,Student,371766,Mass,2019-07-15,6,3,751,0.735,1,4,Internet Banking,0.066,1,3,123732.39,41244.13,3,14,31804.86,2271.7757142857145,1128.04,2308.3995334420783,14,4,2,0,0,3,1,1,3,0.0,0.0,0.0,0.0,0.0,1.0,604577.87,336749.87,0.557,0.557,3.0,4.0,1.0,1.0,2.0,36-45,6-10 Years,3 Products,Very Good,Good,Very Low,1 Complaint,130414.2659,High Value,20,Low Risk,47.256558132732565
5076,CUST005076,Vivaan,Kumar,30,Delhi,Delhi,Business Owner,249026,Mass,2014-01-04,8,6,683,0.809,0,3,ATM,0.0832,1,3,118673.26999999999,39557.75666666666,3,28,124872.89,4459.746071428572,1498.575,6864.083760921822,27,7,1,1,1,7,2,3,6,1.0,293175.02,293175.02,11.61,1.0,1.0,611048.48,156428.41,0.256,0.256,7.0,4.714285714285714,1.0,2.0,3.0,26-35,6-10 Years,5+ Products,Good,Below Average,Very Low,No Complaints,130212.9628,High Value,30,Medium Risk,70.82172873152152
8720,CUST008720,Nisha,Kapoor,32,Mumbai,Maharashtra,Salaried,205736,Mass,2021-12-22,3,6,795,0.498,1,3,Call Center,0.0832,1,3,88049.69,29349.896666666667,3,17,52865.08,3109.7105882352944,3102.4,2363.5172711037844,17,0,2,4,0,7,2,0,2,2.0,4056602.85,2028301.425,8.765,2.0,0.0,0.0,0.0,0.0,0.0,2.0,4.5,0.0,0.0,2.0,26-35,2-3 Years,5+ Products,Very Good,Below Average,Very Low,1 Complaint,129673.02010000001,High Value,30,Medium Risk,70.65245684064364
8866,CUST008866,Ira,Joshi,45,Pune,Maharashtra,Business Owner,609707,Mass,2012-03-06,6,2,775,0.908,0,4,Mobile App,0.066,1,4,106243.98,26560.995,4,15,36376.89,2425.1259999999997,629.32,3472.616614299861,15,0,1,3,1,7,1,0,2,2.0,2263553.56,1131776.78,9.375,1.0,0.0,0.0,0.0,0.0,0.0,4.0,4.0,2.0,0.0,2.0,36-45,6-10 Years,2 Products,Very Good,Good,Very Low,No Complaints,129607.0534,High Value,20,Low Risk,47.087850865319126
3365,CUST003365,Ankit,Khanna,29,Ahmedabad,Gujarat,Retired,612510,Mass,2023-04-27,13,1,651,0.555,1,5,Call Center,0.1301,1,2,128268.34,64134.17,2,23,48995.93,2130.2578260869564,1199.39,2874.488599648413,23,3,1,4,1,8,3,0,3,0.0,0.0,0.0,0.0,0.0,0.0,0.0,0.0,0.0,0.0,5.0,4.6,2.0,2.0,2.0,26-35,10+ Years,1 Product,Fair,Excellent,Very Low,1 Complaint,129248.2586,High Value,25,Medium Risk,58.76607852076013
742,CUST000742,Siddharth,Chopra,39,Pune,Maharashtra,Retired,720043,Mass,2025-08-22,13,3,721,0.697,0,4,Internet Banking,0.066,1,2,114603.56,57301.78,2,15,72890.7,4859.38,1548.43,9536.53898723596,15,2,1,0,0,4,1,4,3,2.0,682326.0,341163.0,11.19,2.0,1.0,627345.11,138643.27,0.221,0.221,7.0,4.714285714285714,0.0,2.0,0.0,36-45,10+ Years,3 Products,Good,Good,Very Low,No Complaints,129158.0851,High Value,20,Low Risk,46.99401657131568
6273,CUST006273,Rohan,Kumar,43,Chennai,Tamil Nadu,Student,180000,Mass,2011-02-06,1,3,649,0.584,0,3,Call Center,0.1419,1,2,128079.01,64039.505,1,18,44736.27,2485.3483333333334,2093.915,2035.7719130713044,17,2,1,1,1,8,0,2,3,0.0,0.0,0.0,0.0,0.0,0.0,0.0,0.0,0.0,0.0,5.0,4.2,2.0,1.0,2.0,36-45,0-1 Years,3 Products,Fair,Below Average,Very Low,No Complaints,128973.73539999999,High Value,35,Medium Risk,82.172103155013
3223,CUST003223,Arjun,Malhotra,42,Mumbai,Maharashtra,Business Owner,319962,Mass,2013-07-26,3,2,579,0.669,0,5,Call Center,0.1192,1,3,123589.31,41196.43666666667,1,19,53102.6,2794.8736842105263,1653.08,5118.597473377742,19,1,2,1,1,11,0,3,0,0.0,0.0,0.0,0.0,0.0,1.0,387368.33,159983.12,0.413,0.413,7.0,4.571428571428571,0.0,3.0,1.0,36-45,2-3 Years,2 Products,Poor,Excellent,Very Low,No Complaints,128525.0453,High Value,35,Medium Risk,82.00799489206946
8815,CUST008815,Nisha,Singh,18,Lucknow,Uttar Pradesh,Salaried,434296,Mass,2025-07-13,3,5,807,0.813,0,4,Call Center,0.066,1,2,119819.36,59909.68,2,15,19672.92,1311.5279999999998,1223.94,1001.5353447881907,15,1,2,1,0,6,1,0,4,1.0,798979.26,798979.26,10.45,1.0,0.0,0.0,0.0,0.0,0.0,5.0,4.4,0.0,2.0,2.0,18-25,2-3 Years,5+ Products,Excellent,Good,Very Low,No Complaints,128202.611,High Value,20,Low Risk,46.794322656150456
8287,CUST008287,Kabir,Kumar,28,Delhi,Delhi,Student,422162,Mass,2021-08-06,5,3,720,0.823,0,4,ATM,0.066,1,2,103786.33,51893.165,2,22,45085.66,2049.348181818182,1195.525,2506.5262281181417,20,4,0,2,0,11,0,1,4,4.0,2070483.96,517620.99,10.795,2.0,1.0,212066.17,138479.21,0.653,0.653,2.0,3.0,1.0,2.0,0.0,26-35,4-5 Years,3 Products,Good,Good,Very Low,No Complaints,127513.54449999999,High Value,25,Medium Risk,58.31288485187716
9846,CUST009846,Karan,Verma,28,Lucknow,Uttar Pradesh,Retired,180000,Mass,2014-08-04,10,2,742,0.811,0,3,Mobile App,0.0832,1,3,126514.01999999999,42171.34,1,22,43944.11,1997.4595454545454,1307.645,2356.442268217628,21,4,4,2,1,6,3,1,1,0.0,0.0,0.0,0.0,0.0,0.0,0.0,0.0,0.0,0.0,2.0,4.5,0.0,0.0,1.0,26-35,6-10 Years,2 Products,Very Good,Below Average,Very Low,No Complaints,127392.90219999998,High Value,30,Medium Risk,69.93764049372854
1559,CUST001559,Ishaan,Bansal,29,Pune,Maharashtra,Business Owner,335248,Mass,2015-10-21,5,6,678,0.741,0,4,Branch,0.0832,1,5,103723.93000000001,20744.786,5,16,33969.12,2123.07,1288.51,2597.898147438938,14,5,2,0,0,6,1,0,2,2.0,1160083.86,580041.93,11.78,1.0,1.0,1100359.65,51716.9,0.047,0.047,2.0,2.5,0.0,2.0,0.0,26-35,4-5 Years,5+ Products,Good,Good,Very Low,No Complaints,127007.74750000001,High Value,25,Medium Risk,58.18074549926568
6079,CUST006079,Ira,Sharma,49,Jaipur,Rajasthan,Self Employed,267212,Mass,2013-04-05,7,2,724,0.614,2,3,ATM,0.1359,1,5,123968.85,24793.77,3,25,81453.03,3258.1212,1133.38,6062.208609140402,24,2,1,1,0,13,2,3,3,0.0,0.0,0.0,0.0,0.0,1.0,90278.33,25639.05,0.284,0.284,11.0,4.545454545454546,0.0,1.0,6.0,46-55,6-10 Years,2 Products,Good,Below Average,Very Low,2-3 Complaints,126500.6939,High Value,40,Medium Risk,92.87724457629842
3203,CUST003203,Diya,Gupta,43,Hyderabad,Telangana,Retired,220164,Mass,2014-10-08,4,3,779,0.622,0,3,Mobile App,0.0832,1,3,112058.61,37352.87,1,17,52414.2,3083.1882352941175,1231.21,2974.0277105115283,16,1,2,1,0,6,0,3,4,0.0,0.0,0.0,0.0,0.0,1.0,1286579.84,271468.35,0.211,0.211,2.0,5.0,0.0,1.0,1.0,36-45,4-5 Years,3 Products,Very Good,Below Average,Very Low,No Complaints,125972.6924,High Value,30,Medium Risk,69.49240510432654
7023,CUST007023,Vivaan,Patel,27,Chennai,Tamil Nadu,Self Employed,382520,Mass,2023-02-11,5,2,693,0.907,0,4,ATM,0.066,1,4,113901.98,28475.495,3,15,29776.88,1985.1253333333334,1742.84,1129.8679114573315,14,2,0,0,0,7,2,2,2,0.0,0.0,0.0,0.0,0.0,3.0,1128985.8,346589.72000000003,0.39366666666666666,0.656,5.0,4.0,1.0,1.0,2.0,26-35,4-5 Years,2 Products,Good,Good,Very Low,No Complaints,125787.3756,High Value,20,Low Risk,46.289538891659454
1770,CUST001770,Rahul,Joshi,32,Chandigarh,Chandigarh,Self Employed,563644,Mass,2021-05-28,1,3,615,0.752,1,4,ATM,0.1141,1,5,109173.48999999999,21834.697999999997,4,20,42688.23,2134.4115,1429.02,2294.672329277159,19,2,2,5,1,8,0,0,2,0.0,0.0,0.0,0.0,0.0,2.0,1559039.68,504320.0,0.3685,0.508,11.0,3.272727272727273,3.0,1.0,6.0,26-35,0-1 Years,3 Products,Fair,Good,Very Low,1 Complaint,125617.65139999999,High Value,25,Medium Risk,57.817583205456614
5458,CUST005458,Arjun,Arora,38,Hyderabad,Telangana,Business Owner,1203503,Affluent,2023-05-01,2,3,717,0.658,1,4,Branch,0.0474,1,1,118841.5,118841.5,1,17,34567.28,2033.3694117647058,1655.15,1881.8290267830873,16,5,2,1,0,7,1,0,1,1.0,508415.68,508415.68,12.48,1.0,1.0,89014.22,36317.8,0.408,0.408,3.0,5.0,1.0,2.0,0.0,36-45,2-3 Years,3 Products,Good,Good,Very Low,1 Complaint,125507.1446,High Value,20,Low Risk,46.23097066302754
6183,CUST006183,Rohan,Sethi,43,Delhi,Delhi,Retired,186128,Mass,2018-03-26,4,2,644,0.365,0,4,ATM,0.0832,1,3,109621.63,36540.543333333335,2,27,57176.68,2117.654814814815,1221.58,2525.473742891345,26,4,3,4,0,8,2,3,3,1.0,937872.52,937872.52,10.73,1.0,1.0,527836.87,169963.47,0.322,0.322,9.0,4.666666666666667,1.0,4.0,3.0,36-45,4-5 Years,2 Products,Fair,Good,Very Low,No Complaints,125422.2575,High Value,25,Medium Risk,57.76653659298119
9532,CUST009532,Aarav,Patel,42,Ahmedabad,Gujarat,Salaried,452143,Mass,2023-11-28,10,3,768,0.67,0,4,Branch,0.066,1,3,123884.70999999999,41294.90333333333,3,18,66331.35,3685.0750000000003,1269.1,6673.605246926351,18,4,0,2,1,6,0,1,4,0.0,0.0,0.0,0.0,0.0,0.0,0.0,0.0,0.0,0.0,5.0,4.8,1.0,1.0,2.0,36-45,6-10 Years,3 Products,Very Good,Good,Very Low,No Complaints,125211.33699999998,High Value,20,Low Risk,46.169146927795325
2285,CUST002285,Rahul,Gupta,39,Lucknow,Uttar Pradesh,Student,883579,Affluent,2021-09-02,2,3,812,0.501,0,4,ATM,0.0474,1,2,111784.32999999999,55892.16499999999,2,18,72018.4,4001.022222222222,723.1700000000001,10824.401975413513,18,3,2,1,0,4,2,3,3,0.0,0.0,0.0,0.0,0.0,1.0,1121072.07,209640.48,0.187,0.187,4.0,4.25,0.0,3.0,1.0,36-45,2-3 Years,3 Products,Excellent,Good,Very Low,No Complaints,124435.4187,High Value,20,Low Risk,46.00698014255714
675,CUST000675,Aarav,Sharma,51,Bengaluru,Karnataka,Salaried,329918,Mass,2020-12-07,2,3,684,0.679,0,4,Branch,0.0832,1,2,122599.78,61299.89,1,20,22119.91,1105.9955,878.245,932.6246629552364,20,4,0,0,0,7,2,1,6,0.0,0.0,0.0,0.0,0.0,1.0,126641.39,31153.78,0.246,0.246,7.0,4.857142857142857,2.0,2.0,3.0,46-55,2-3 Years,3 Products,Good,Good,Very Low,No Complaints,124308.5921,High Value,20,Low Risk,45.980473405952665
8283,CUST008283,Meera,Chopra,49,Pune,Maharashtra,Student,485299,Mass,2025-09-11,5,1,726,0.54,1,3,ATM,0.1301,1,4,119176.76,29794.19,3,22,54584.53,2481.115,861.1600000000001,4395.007635879114,22,2,4,2,1,9,1,1,2,1.0,396717.89,396717.89,13.93,0.0,0.0,0.0,0.0,0.0,0.0,5.0,4.0,1.0,1.0,3.0,46-55,4-5 Years,1 Product,Good,Below Average,Very Low,1 Complaint,124235.6295,High Value,30,Medium Risk,68.94783635350021
3278,CUST003278,Dev,Sethi,43,Mumbai,Maharashtra,Retired,508462,Mass,2019-03-24,14,1,756,0.296,2,4,Mobile App,0.3318,1,3,115928.07,38642.69,2,19,19301.81,1015.8847368421053,702.61,871.912875759502,19,3,4,0,1,8,1,0,2,1.0,781576.66,781576.66,12.19,0.0,0.0,0.0,0.0,0.0,0.0,2.0,4.0,1.0,1.0,0.0,36-45,10+ Years,1 Product,Very Good,Good,Very Low,2-3 Complaints,124129.87280000001,High Value,30,Medium Risk,68.91468165656292
8498,CUST008498,Rahul,Bansal,23,Delhi,Delhi,Business Owner,736745,Mass,2020-05-18,4,1,680,0.769,0,4,Internet Banking,0.1301,1,3,103022.31,34340.77,3,18,31860.08,1770.0044444444445,1502.74,1829.723314397473,18,1,3,1,1,7,0,0,5,4.0,1688026.88,422006.72,12.485,2.0,1.0,356741.19,108449.32,0.304,0.304,8.0,4.625,2.0,1.0,4.0,18-25,4-5 Years,1 Product,Good,Good,Very Low,No Complaints,124107.1923,High Value,20,Low Risk,45.93838088395182
8934,CUST008934,Karan,Khanna,33,Jaipur,Rajasthan,Self Employed,372342,Mass,2023-12-23,2,1,626,0.5,0,4,Internet Banking,0.1301,1,1,105480.6,105480.6,1,16,31408.88,1963.055,962.8,2160.3645362793136,16,0,1,2,0,6,0,2,5,0.0,0.0,0.0,0.0,0.0,3.0,1785688.8699999999,412257.49,0.26999999999999996,0.365,9.0,5.222222222222222,1.0,2.0,3.0,26-35,2-3 Years,1 Product,Fair,Good,Very Low,No Complaints,123965.6663,High Value,25,Medium Risk,57.38600246923673
9274,CUST009274,Aanya,Mehta,18,Mumbai,Maharashtra,Business Owner,436605,Mass,2023-09-28,4,1,741,0.931,1,4,Branch,0.1301,1,3,116968.15,38989.38333333333,3,23,50930.0,2214.3478260869565,1481.71,2563.0686747493573,22,2,1,1,1,11,3,1,3,1.0,554922.87,554922.87,7.15,1.0,0.0,0.0,0.0,0.0,0.0,5.0,4.6,0.0,2.0,3.0,18-25,4-5 Years,1 Product,Very Good,Good,Very Low,1 Complaint,123535.9787,High Value,20,Low Risk,45.81899734422048
1365,CUST001365,Meera,Patel,25,Chandigarh,Chandigarh,Student,357595,Mass,2012-08-24,12,1,752,0.62,0,3,Mobile App,0.1301,1,1,117706.56,117706.56,0,12,46663.770000000004,3888.6475000000005,2069.065,3499.791548101959,12,2,1,1,0,5,0,1,2,1.0,480296.94,480296.94,11.93,0.0,0.0,0.0,0.0,0.0,0.0,6.0,5.5,2.0,2.0,3.0,18-25,10+ Years,1 Product,Very Good,Below Average,Very Low,No Complaints,123442.8048,High Value,30,Medium Risk,68.69928602380101
589,CUST000589,Arjun,Arora,40,Hyderabad,Telangana,Student,278612,Mass,2011-04-05,6,4,690,0.472,0,4,Call Center,0.0832,1,2,107538.73999999999,53769.369999999995,2,17,39035.13,2296.184117647059,1908.05,2089.6554804622065,17,0,2,3,0,8,1,2,1,0.0,0.0,0.0,0.0,0.0,2.0,1506976.4900000002,507294.08999999997,0.2645,0.401,4.0,3.75,0.0,0.0,1.0,36-45,6-10 Years,4 Products,Good,Good,Very Low,No Complaints,123389.20749999999,High Value,20,Low Risk,45.788322189800795
814,CUST000814,Aarav,Sharma,19,Chandigarh,Chandigarh,Self Employed,394175,Mass,2023-12-03,6,2,678,0.707,0,3,ATM,0.066,1,3,103152.20000000001,34384.06666666667,3,20,115327.85,5766.3925,1413.8000000000002,9027.677375930833,19,2,1,2,0,7,2,3,3,1.0,1631721.26,1631721.26,9.85,1.0,1.0,103749.28,25107.33,0.242,0.242,6.0,2.8333333333333335,1.0,0.0,3.0,18-25,6-10 Years,2 Products,Good,Below Average,Very Low,No Complaints,122813.46240000002,High Value,35,Medium Risk,79.91898524292189
1646,CUST001646,Kabir,Joshi,25,Lucknow,Uttar Pradesh,Salaried,555009,Mass,2017-10-05,6,6,667,0.936,1,4,ATM,0.066,1,1,114761.49,114761.49,1,21,60181.49,2865.785238095238,1806.38,3521.1293465699596,21,4,2,4,0,5,0,2,4,1.0,379636.14,379636.14,9.65,1.0,1.0,222430.05,50046.76,0.225,0.225,3.0,3.6666666666666665,1.0,0.0,0.0,18-25,6-10 Years,5+ Products,Fair,Good,Very Low,1 Complaint,121985.78169999999,High Value,25,Medium Risk,56.868758062311755
314,CUST000314,Riya,Chopra,24,Kolkata,West Bengal,Retired,312852,Mass,2014-02-09,8,2,794,0.758,0,5,Branch,0.0832,1,1,111664.68,111664.68,1,24,67650.27,2818.76125,1143.5149999999999,5639.859270045286,24,5,1,3,0,12,0,0,3,2.0,872214.97,436107.485,14.665,0.0,0.0,0.0,0.0,0.0,0.0,2.0,5.5,0.0,1.0,0.0,18-25,6-10 Years,2 Products,Very Good,Excellent,Very Low,No Complaints,121739.83509999998,High Value,20,Low Risk,45.44360365465529
858,CUST000858,Raj,Arora,18,Lucknow,Uttar Pradesh,Retired,577388,Mass,2013-07-03,7,2,763,0.449,0,3,Internet Banking,0.066,1,2,114563.34,57281.67,1,22,70815.89,3218.904090909091,1363.17,4437.7685418802,22,2,2,0,2,9,2,3,2,2.0,559217.95,279608.975,11.075,1.0,0.0,0.0,0.0,0.0,0.0,11.0,4.0,1.0,1.0,6.0,18-25,6-10 Years,2 Products,Very Good,Below Average,Very Low,No Complaints,121571.8373,High Value,30,Medium Risk,68.11273821697625
157,CUST000157,Meera,Gupta,53,Bengaluru,Karnataka,Self Employed,581881,Mass,2024-01-04,9,3,697,0.685,0,4,Branch,0.066,1,3,118194.59,39398.19666666666,2,18,54577.49,3032.0827777777777,865.175,4331.983991297352,18,1,2,0,1,8,2,2,2,1.0,190283.73,190283.73,12.25,1.0,0.0,0.0,0.0,0.0,0.0,5.0,4.6,0.0,1.0,3.0,46-55,6-10 Years,3 Products,Good,Good,Very Low,No Complaints,121188.97709999999,High Value,20,Low Risk,45.32847443166527
4048,CUST004048,Nisha,Sharma,49,Mumbai,Maharashtra,Retired,222357,Mass,2022-09-23,3,3,565,0.745,0,4,ATM,0.1192,1,3,116156.1,38718.700000000004,2,16,50094.3,3130.89375,1326.37,4053.129133715291,15,1,1,4,2,5,0,2,1,1.0,330919.12,330919.12,10.99,0.0,0.0,0.0,0.0,0.0,0.0,6.0,3.6666666666666665,1.0,0.0,4.0,46-55,2-3 Years,3 Products,Poor,Good,Very Low,No Complaints,120467.1772,High Value,35,Medium Risk,79.06083216902495
8719,CUST008719,Riya,Sharma,41,Hyderabad,Telangana,Business Owner,1052895,Affluent,2015-04-11,9,1,704,0.766,1,4,ATM,0.0953,1,2,115645.26999999999,57822.634999999995,1,19,23317.9,1227.2578947368422,828.71,983.4099384317981,17,2,2,1,3,8,1,0,2,1.0,125205.31,125205.31,11.59,0.0,1.0,195257.93,36708.49,0.188,0.188,6.0,3.1666666666666665,3.0,3.0,3.0,36-45,6-10 Years,1 Product,Good,Good,Very Low,1 Complaint,119316.26039999998,High Value,20,Low Risk,44.937076977963166
6363,CUST006363,Siddharth,Mehta,54,Pune,Maharashtra,Self Employed,305082,Mass,2014-12-15,4,1,741,0.587,0,3,Internet Banking,0.1611,1,2,117975.45999999999,58987.729999999996,1,12,20598.68,1716.5566666666666,880.29,2357.8651187667565,12,1,4,0,1,4,0,1,1,0.0,0.0,0.0,0.0,0.0,1.0,79302.78,27121.55,0.342,0.342,5.0,4.2,0.0,2.0,2.0,46-55,4-5 Years,1 Product,Very Good,Below Average,Very Low,No Complaints,119180.46139999999,High Value,30,Medium Risk,67.36304251705705
6593,CUST006593,Rohan,Bansal,25,Chandigarh,Chandigarh,Salaried,423985,Mass,2018-07-31,7,4,738,0.878,2,3,ATM,0.1091,1,3,91628.54,30542.846666666665,2,24,59863.79,2494.3245833333335,1061.755,3980.163168063404,24,0,5,2,0,10,3,2,2,1.0,1011117.19,1011117.19,10.38,1.0,2.0,1610564.08,881376.81,0.406,0.685,3.0,3.3333333333333335,0.0,2.0,0.0,18-25,6-10 Years,4 Products,Good,Below Average,Very Low,2-3 Complaints,119042.62849999999,High Value,40,Medium Risk,89.7597759200903
4764,CUST004764,Riya,Mehta,47,Kolkata,West Bengal,Student,642357,Mass,2015-04-06,14,4,753,0.641,0,4,Mobile App,0.066,1,3,111810.38,37270.12666666667,2,11,9912.93,901.1754545454546,924.2,584.0369521419623,11,2,1,1,0,7,0,0,0,0.0,0.0,0.0,0.0,0.0,2.0,660824.6100000001,220827.01,0.34199999999999997,0.385,8.0,3.625,2.0,0.0,4.0,46-55,10+ Years,4 Products,Very Good,Good,Very Low,No Complaints,118616.88470000001,High Value,20,Low Risk,44.79090758236738
8452,CUST008452,Karan,Singh,45,Bengaluru,Karnataka,Business Owner,222782,Mass,2025-05-20,4,2,720,0.706,0,5,ATM,0.0832,1,3,80042.83,26680.943333333333,2,24,44468.81,1852.8670833333333,1176.21,1581.342308902758,23,2,0,3,0,12,1,1,5,3.0,3741435.1100000003,1247145.0366666669,11.74,1.0,0.0,0.0,0.0,0.0,0.0,7.0,4.571428571428571,1.0,0.0,4.0,36-45,4-5 Years,2 Products,Good,Excellent,Very Low,No Complaints,118346.55730000001,High Value,20,Low Risk,44.73440920435543
1249,CUST001249,Meera,Chopra,21,Hyderabad,Telangana,Self Employed,344027,Mass,2011-08-26,5,3,663,0.873,0,4,Branch,0.0832,1,3,111985.61000000002,37328.536666666674,3,23,34789.0,1512.5652173913043,875.51,2007.8134074384811,21,2,4,2,3,4,2,2,4,1.0,511909.53,511909.53,9.91,1.0,0.0,0.0,0.0,0.0,0.0,2.0,3.0,0.0,2.0,0.0,18-25,4-5 Years,3 Products,Fair,Good,Very Low,No Complaints,117800.48530000001,High Value,25,Medium Risk,55.77535031813148
553,CUST000553,Dev,Arora,61,Kolkata,West Bengal,Salaried,601166,Mass,2013-11-16,5,5,662,0.809,0,4,ATM,0.0911,1,3,93468.32,31156.10666666667,3,20,21485.41,1074.2705,709.165,1287.9384788326,20,3,3,1,2,2,5,0,4,3.0,1358299.2,452766.39999999997,9.636666666666667,2.0,3.0,1000355.41,307084.48,0.24566666666666667,0.376,8.0,4.375,1.0,6.0,1.0,56-65,4-5 Years,5+ Products,Fair,Good,Very Low,No Complaints,117484.57430000001,High Value,25,Medium Risk,55.6928186403579
7531,CUST007531,Dev,Chopra,34,Kolkata,West Bengal,Salaried,180000,Mass,2014-03-03,8,2,702,0.421,0,3,Mobile App,0.0832,1,3,102806.54000000001,34268.84666666667,2,14,32428.87,2316.3478571428573,820.63,5204.864449520243,14,2,2,0,0,7,0,0,3,2.0,1303610.06,651805.03,10.934999999999999,1.0,1.0,80259.86,28652.77,0.357,0.357,6.0,4.333333333333333,1.0,2.0,3.0,26-35,6-10 Years,2 Products,Good,Below Average,Very Low,No Complaints,117293.8166,High Value,30,Medium Risk,66.77157988090902
5702,CUST005702,Ankit,Mehta,58,Ahmedabad,Gujarat,Salaried,237251,Mass,2016-04-22,3,2,765,0.378,0,3,Branch,0.0832,1,4,116092.95999999999,29023.239999999998,2,23,47232.55,2053.589130434783,795.09,2553.390631947527,22,4,0,2,1,7,5,0,4,0.0,0.0,0.0,0.0,0.0,0.0,0.0,0.0,0.0,0.0,11.0,3.909090909090909,0.0,2.0,4.0,56-65,2-3 Years,2 Products,Very Good,Below Average,Very Low,No Complaints,117037.61099999999,High Value,30,Medium Risk,66.69125949438374
5058,CUST005058,Aditya,Patel,48,Hyderabad,Telangana,Salaried,426360,Mass,2022-08-30,7,2,631,0.745,0,4,Internet Banking,0.066,1,3,114982.16999999998,38327.38999999999,2,20,44696.25,2234.8125,1573.7199999999998,2893.952833220325,19,3,2,1,1,8,0,2,3,0.0,0.0,0.0,0.0,0.0,0.0,0.0,0.0,0.0,0.0,5.0,4.8,2.0,1.0,1.0,46-55,6-10 Years,2 Products,Fair,Good,Very Low,No Complaints,115876.09499999999,High Value,25,Medium Risk,55.27260378461347
1123,CUST001123,Nisha,Verma,49,Hyderabad,Telangana,Self Employed,342530,Mass,2022-06-03,3,4,670,0.901,0,3,Branch,0.0832,1,5,95513.14,19102.628,5,23,57913.85,2517.9934782608693,1440.47,4185.740577465582,23,3,1,1,1,11,1,2,3,0.0,0.0,0.0,0.0,0.0,3.0,1799158.32,698683.54,0.3263333333333333,0.42,6.0,4.166666666666667,1.0,2.0,2.0,46-55,2-3 Years,4 Products,Fair,Below Average,Very Low,No Complaints,114663.00020000001,High Value,35,Medium Risk,76.937956256927
3831,CUST003831,Aditya,Arora,35,Jaipur,Rajasthan,Salaried,321815,Mass,2019-12-30,9,3,774,0.646,2,5,Call Center,0.1359,1,2,114269.02,57134.51,2,16,16571.96,1035.7475,592.96,846.4769704171915,15,1,3,3,0,3,4,0,2,0.0,0.0,0.0,0.0,0.0,0.0,0.0,0.0,0.0,0.0,1.0,3.0,0.0,0.0,1.0,26-35,6-10 Years,3 Products,Very Good,Excellent,Very Low,2-3 Complaints,114600.4592,High Value,30,Medium Risk,65.92721306215603
8892,CUST008892,Karan,Singh,43,Pune,Maharashtra,Business Owner,265358,Mass,2011-02-13,5,1,731,0.186,1,3,Call Center,0.2689,1,4,103595.77,25898.9425,3,25,54717.01,2188.6804,754.47,3046.124424809444,24,1,1,0,0,12,5,3,3,2.0,553887.3400000001,276943.67000000004,10.98,1.0,1.0,435951.02,150839.05,0.346,0.346,4.0,3.0,2.0,2.0,1.0,36-45,4-5 Years,1 Product,Good,Below Average,Very Low,1 Complaint,114588.49380000001,High Value,30,Medium Risk,65.923461912482
952,CUST000952,Diya,Khanna,50,Delhi,Delhi,Retired,198536,Mass,2023-04-14,3,2,771,0.463,0,5,Call Center,0.0832,1,1,86141.26,86141.26,1,19,63586.85,3346.6763157894734,1489.87,4903.489395267654,18,4,1,2,0,9,2,0,1,1.0,2097525.05,2097525.05,6.86,1.0,2.0,607066.6799999999,197788.47,0.324,0.465,1.0,7.0,0.0,0.0,1.0,46-55,2-3 Years,2 Products,Very Good,Excellent,Very Low,No Complaints,114458.91429999997,High Value,20,Low Risk,43.92189251611165
3366,CUST003366,Riya,Verma,38,Ludhiana,Punjab,Retired,1602111,Affluent,2021-12-11,4,1,839,0.866,0,4,Mobile App,0.0953,1,1,91150.27,91150.27,1,24,58992.45,2458.0187499999997,711.52,3555.0730984110855,24,4,2,5,2,10,1,0,0,2.0,517419.43,258709.715,11.725000000000001,1.0,2.0,1658140.66,516968.23,0.259,0.362,4.0,3.25,1.0,1.0,3.0,36-45,4-5 Years,1 Product,Excellent,Good,Very Low,No Complaints,114085.71990000001,High Value,20,Low Risk,43.84389495358878
6873,CUST006873,Varun,Joshi,42,Bengaluru,Karnataka,Salaried,439984,Mass,2018-11-22,6,3,805,0.545,1,4,Call Center,0.066,1,2,101493.62999999999,50746.814999999995,2,20,40232.21,2011.6105,1092.85,2538.4350056626267,20,4,3,3,2,6,0,0,2,1.0,884861.25,884861.25,11.5,1.0,2.0,274939.11,90179.7,0.2605,0.439,3.0,3.0,0.0,0.0,0.0,36-45,6-10 Years,3 Products,Excellent,Good,Very Low,1 Complaint,113896.27779999998,High Value,20,Low Risk,43.804301588738674
3459,CUST003459,Aarav,Malhotra,47,Chennai,Tamil Nadu,Business Owner,393649,Mass,2018-02-03,3,1,643,0.623,1,3,Mobile App,0.1301,1,2,113328.60999999999,56664.30499999999,2,13,18660.1,1435.3923076923077,1365.19,966.560536439681,13,0,5,0,0,5,1,0,2,0.0,0.0,0.0,0.0,0.0,0.0,0.0,0.0,0.0,0.0,4.0,3.0,0.0,0.0,2.0,46-55,2-3 Years,1 Product,Fair,Below Average,Very Low,1 Complaint,113701.81199999999,High Value,35,Medium Risk,76.58640197511016
3182,CUST003182,Sara,Verma,44,Lucknow,Uttar Pradesh,Retired,266400,Mass,2011-09-06,3,3,639,0.545,0,4,Branch,0.0832,1,4,110778.22,27694.555,2,21,81391.76000000001,3875.798095238096,1007.35,7550.9517827699165,20,3,3,0,0,7,1,4,3,0.0,0.0,0.0,0.0,0.0,1.0,100510.98,15780.22,0.157,0.157,7.0,4.428571428571429,1.0,2.0,3.0,36-45,2-3 Years,3 Products,Fair,Good,Very Low,No Complaints,113411.16500000001,High Value,25,Medium Risk,54.6286413759147
7172,CUST007172,Ananya,Joshi,27,Chennai,Tamil Nadu,Student,260328,Mass,2024-11-20,8,1,732,0.673,0,4,Call Center,0.1611,1,1,93825.16,93825.16,1,20,36778.19,1838.9095000000002,1151.7849999999999,1808.408621102732,19,3,4,0,1,7,1,1,3,1.0,729736.83,729736.83,9.05,0.0,1.0,1090831.07,118900.59,0.109,0.109,5.0,4.4,0.0,1.0,3.0,26-35,6-10 Years,1 Product,Good,Good,Very Low,No Complaints,112766.40280000001,High Value,20,Low Risk,43.56815791681988
6970,CUST006970,Ankit,Kumar,49,Chennai,Tamil Nadu,Business Owner,321313,Mass,2024-01-09,1,2,703,0.811,0,5,ATM,0.1419,1,2,110118.03,55059.015,2,20,38591.79,1929.5895,876.85,2101.5964370311067,19,4,1,4,0,8,0,1,2,0.0,0.0,0.0,0.0,0.0,1.0,74029.0,15249.97,0.206,0.206,5.0,2.8,4.0,1.0,2.0,46-55,0-1 Years,2 Products,Good,Excellent,Very Low,No Complaints,111630.1558,High Value,20,Low Risk,43.33068249804636
2606,CUST002606,Meera,Malhotra,38,Chandigarh,Chandigarh,Business Owner,666755,Mass,2011-02-26,1,2,720,0.798,0,4,Call Center,0.1141,1,3,105936.4,35312.13333333333,1,19,84778.29,4462.015263157894,1486.08,8837.55802976162,19,1,1,5,1,4,1,1,5,0.0,0.0,0.0,0.0,0.0,1.0,367103.71,116004.77,0.316,0.316,5.0,4.2,0.0,2.0,1.0,36-45,0-1 Years,2 Products,Good,Good,Very Low,No Complaints,111303.00289999999,High Value,20,Low Risk,43.26230760074808
9529,CUST009529,Dev,Kapoor,27,Jaipur,Rajasthan,Salaried,370553,Mass,2020-10-16,5,2,678,0.738,1,5,ATM,0.066,1,3,104356.17000000001,34785.39000000001,2,21,44603.82,2123.9914285714285,1441.7,1982.8144528555508,21,1,2,0,0,10,0,3,5,1.0,587685.13,587685.13,11.75,0.0,0.0,0.0,0.0,0.0,0.0,7.0,5.142857142857143,2.0,3.0,2.0,26-35,4-5 Years,2 Products,Good,Excellent,Very Low,1 Complaint,111125.09770000001,High Value,25,Medium Risk,54.03140680740546
6582,CUST006582,Dev,Malhotra,29,Kolkata,West Bengal,Salaried,213393,Mass,2020-04-30,3,1,684,0.671,0,3,Branch,0.1611,1,4,76120.76000000001,19030.190000000002,3,19,77007.19,4053.01,1552.94,7634.6457119058405,18,2,1,3,0,10,0,1,2,2.0,3327351.2399999998,1663675.6199999999,11.245000000000001,0.0,0.0,0.0,0.0,0.0,0.0,2.0,2.5,0.0,0.0,0.0,26-35,2-3 Years,1 Product,Good,Below Average,Very Low,No Complaints,110934.4162,High Value,30,Medium Risk,64.77790957004555
7519,CUST007519,Riya,Verma,43,Chandigarh,Chandigarh,Self Employed,822946,Affluent,2013-02-10,8,1,694,0.263,0,4,Internet Banking,0.168,1,2,105030.91,52515.455,1,19,69626.94,3664.5757894736844,884.08,7492.6870275617675,18,2,2,2,1,4,1,3,4,1.0,312122.65,312122.65,6.0,1.0,1.0,118374.93,24385.24,0.206,0.206,6.0,4.166666666666667,0.0,1.0,2.0,36-45,6-10 Years,1 Product,Good,Good,Very Low,No Complaints,110728.4246,High Value,20,Low Risk,43.1422208393215
466,CUST000466,Kavya,Joshi,22,Bengaluru,Karnataka,Self Employed,477518,Mass,2011-06-07,1,3,719,0.542,2,3,ATM,0.1824,1,1,88819.63,88819.63,0,15,34511.32,2300.7546666666667,1169.61,3774.630069452154,14,2,0,2,1,5,1,1,3,4.0,2111028.56,527757.14,8.795,2.0,0.0,0.0,0.0,0.0,0.0,6.0,4.666666666666667,0.0,2.0,4.0,18-25,0-1 Years,3 Products,Good,Below Average,Very Low,2-3 Complaints,110620.142,High Value,40,Medium Risk,86.23917959076795
2837,CUST002837,Manish,Mehta,32,Pune,Maharashtra,Student,505883,Mass,2024-01-22,4,4,681,0.468,0,4,Internet Banking,0.066,1,1,102933.18,102933.18,1,23,58186.28,2529.838260869565,1033.24,4984.246869846904,23,1,4,2,1,5,4,2,4,1.0,283153.18,283153.18,13.34,1.0,2.0,356049.63,127125.25,0.3585,0.361,2.0,2.5,1.0,0.0,1.0,26-35,4-5 Years,4 Products,Good,Good,Very Low,No Complaints,110488.9337,High Value,20,Low Risk,43.09216728426705
639,CUST000639,Sara,Kumar,47,Mumbai,Maharashtra,Salaried,602938,Mass,2025-08-31,4,6,807,0.797,0,5,Mobile App,0.066,1,2,101178.31,50589.155,1,27,99056.74,3668.768148148148,2075.9,4160.691943232184,26,4,1,6,1,9,1,3,2,2.0,582999.6599999999,291499.82999999996,11.445,2.0,1.0,121457.0,15546.5,0.128,0.128,3.0,2.3333333333333335,0.0,1.0,1.0,46-55,4-5 Years,5+ Products,Excellent,Excellent,Very Low,No Complaints,110204.0114,High Value,20,Low Risk,43.032618574778354
5178,CUST005178,Dev,Chopra,41,Ludhiana,Punjab,Business Owner,356694,Mass,2018-10-09,4,3,695,0.686,0,5,Branch,0.066,1,3,43421.18,14473.726666666667,3,21,43602.17,2076.2938095238096,811.18,2935.9927878172257,21,2,2,0,1,8,2,3,3,2.0,6575761.82,3287880.91,11.42,0.0,0.0,0.0,0.0,0.0,0.0,7.0,3.4285714285714284,0.0,1.0,5.0,36-45,4-5 Years,3 Products,Good,Excellent,Very Low,No Complaints,110050.8416,High Value,20,Low Risk,43.00060611410874
6394,CUST006394,Nisha,Verma,60,Ahmedabad,Gujarat,Retired,419758,Mass,2016-03-20,9,3,695,0.682,0,4,Branch,0.066,1,3,92583.24,30861.08,2,24,33781.7,1407.5708333333332,1194.23,913.009907750978,22,4,4,2,1,10,0,0,3,1.0,309654.23,309654.23,13.61,0.0,4.0,1365847.58,460389.87,0.31675,0.423,7.0,4.142857142857143,1.0,2.0,2.0,56-65,6-10 Years,3 Products,Good,Good,Very Low,No Complaints,110013.89210000001,High Value,20,Low Risk,42.99288367524997
6403,CUST006403,Ananya,Sethi,35,Chennai,Tamil Nadu,Self Employed,422993,Mass,2014-05-27,3,1,663,0.847,1,3,Mobile App,0.1301,1,4,101525.73999999999,25381.434999999998,1,18,71667.13,3981.5072222222225,1251.93,8504.580736560743,17,0,0,2,1,7,2,4,2,2.0,656920.05,328460.025,9.36,1.0,0.0,0.0,0.0,0.0,0.0,3.0,6.0,0.0,2.0,1.0,26-35,2-3 Years,1 Product,Fair,Below Average,Very Low,1 Complaint,109528.2831,High Value,35,Medium Risk,75.05993509268141
3441,CUST003441,Raj,Sharma,31,Ludhiana,Punjab,Retired,316707,Mass,2015-02-17,4,3,756,0.816,1,4,Call Center,0.0832,1,5,79220.70000000001,15844.140000000003,3,12,37691.85,3140.9874999999997,1470.1950000000002,5768.660192721805,12,0,1,0,0,7,2,1,1,3.0,1279569.49,426523.16333333333,9.626666666666667,1.0,3.0,1672568.08,627503.3,0.2886666666666667,0.425,3.0,3.0,1.0,1.0,1.0,26-35,4-5 Years,3 Products,Very Good,Good,Very Low,1 Complaint,109495.91270000002,High Value,20,Low Risk,42.884626073750425
7826,CUST007826,Diya,Kumar,32,Chennai,Tamil Nadu,Salaried,584643,Mass,2016-09-05,1,4,711,0.838,1,4,Internet Banking,0.1141,1,2,106865.33,53432.665,2,17,35978.91,2116.4064705882356,1344.0,2355.421719360838,17,1,0,1,2,6,1,4,2,0.0,0.0,0.0,0.0,0.0,1.0,176128.96,74326.42,0.422,0.422,3.0,6.0,1.0,2.0,0.0,26-35,0-1 Years,4 Products,Good,Good,Very Low,1 Complaint,109346.19780000001,High Value,20,Low Risk,42.853335686559845
6586,CUST006586,Diya,Patel,43,Jaipur,Rajasthan,Retired,595859,Mass,2024-01-20,10,3,685,0.861,0,4,Branch,0.066,1,1,101607.54,101607.54,1,16,44774.35,2798.396875,1487.905,4327.986146811962,15,0,0,0,0,12,1,1,2,0.0,0.0,0.0,0.0,0.0,1.0,628001.74,283856.79,0.452,0.452,7.0,2.7142857142857144,1.0,0.0,4.0,36-45,6-10 Years,3 Products,Good,Good,Very Low,No Complaints,108783.04439999998,High Value,20,Low Risk,42.73563672717977
7229,CUST007229,Ishaan,Sethi,45,Bengaluru,Karnataka,Self Employed,784342,Mass,2012-05-31,0,2,706,0.679,0,3,Mobile App,0.1141,1,1,72781.8,72781.8,1,27,82308.02,3048.4451851851854,1256.98,5143.9719109057605,26,5,2,0,1,7,2,4,6,1.0,2273136.47,2273136.47,12.12,1.0,1.0,1155914.1,276263.47,0.239,0.239,8.0,4.75,2.0,5.0,1.0,36-45,0-1 Years,2 Products,Good,Below Average,Very Low,No Complaints,108718.4661,High Value,30,Medium Risk,64.08320981113039
2043,CUST002043,Kabir,Arora,39,Hyderabad,Telangana,Retired,499651,Mass,2014-06-14,1,1,756,0.565,0,3,ATM,0.2142,1,3,101441.0,33813.666666666664,3,19,93355.23999999999,4913.433684210526,1321.28,8083.6857875216865,19,2,1,0,1,10,1,3,1,1.0,467188.48,467188.48,11.67,0.0,0.0,0.0,0.0,0.0,0.0,8.0,3.625,1.0,2.0,1.0,36-45,0-1 Years,1 Product,Very Good,Below Average,Very Low,No Complaints,107979.9896,High Value,30,Medium Risk,63.85169762747856
9742,CUST009742,Meera,Malhotra,31,Kolkata,West Bengal,Self Employed,273323,Mass,2011-04-21,7,3,681,0.689,2,3,Branch,0.1359,1,2,97531.05,48765.525,2,18,109693.75,6094.097222222223,1392.525,13158.438621929725,18,1,3,3,0,7,1,2,1,2.0,565050.91,282525.455,9.865,2.0,1.0,237156.48,133756.25,0.564,0.564,3.0,5.0,1.0,0.0,2.0,26-35,6-10 Years,3 Products,Good,Below Average,Very Low,2-3 Complaints,107746.9989,High Value,40,Medium Risk,85.03820680779253
6314,CUST006314,Aditya,Sethi,27,Ludhiana,Punjab,Salaried,1390777,Affluent,2020-02-05,11,2,616,0.418,0,4,Branch,0.0474,1,2,94328.03,47164.015,1,21,232796.72,11085.558095238095,1793.92,22840.574142935555,21,3,1,2,0,3,2,4,6,2.0,869570.6900000001,434785.34500000003,9.765,0.0,0.0,0.0,0.0,0.0,0.0,6.0,4.5,1.0,0.0,3.0,26-35,10+ Years,2 Products,Fair,Good,Very Low,No Complaints,107679.6713,High Value,25,Medium Risk,53.13128993449696
1501,CUST001501,Kavya,Joshi,18,Jaipur,Rajasthan,Retired,261887,Mass,2018-04-21,4,3,749,0.981,1,4,Internet Banking,0.0832,1,3,94424.06,31474.686666666665,2,23,42773.74,1859.7278260869564,1042.44,2240.0171539723783,23,2,2,1,2,9,2,1,4,0.0,0.0,0.0,0.0,0.0,2.0,1238536.5399999998,810443.4,0.4115,0.756,6.0,3.5,0.0,2.0,2.0,18-25,4-5 Years,3 Products,Very Good,Good,Very Low,1 Complaint,107664.90019999999,High Value,20,Low Risk,42.501944790352496
9826,CUST009826,Ishaan,Khanna,53,Lucknow,Uttar Pradesh,Self Employed,696042,Mass,2022-01-03,5,4,767,0.714,0,4,Call Center,0.066,1,2,101610.11,50805.055,2,15,29367.74,1957.8493333333333,1060.88,2692.8182675948224,15,0,1,1,1,6,1,0,5,1.0,303592.06,303592.06,10.07,1.0,2.0,214861.22,44660.9,0.21100000000000002,0.265,5.0,2.6,1.0,2.0,2.0,46-55,4-5 Years,4 Products,Very Good,Good,Very Low,No Complaints,107381.9976,High Value,20,Low Risk,42.442818197800776
823,CUST000823,Manish,Joshi,40,Lucknow,Uttar Pradesh,Student,333296,Mass,2022-03-06,5,3,667,0.872,2,4,ATM,0.1359,1,3,102852.73,34284.24333333333,2,11,25457.879999999997,2314.352727272727,1287.95,2918.0991074913504,11,1,2,1,0,6,0,1,0,1.0,394161.67,394161.67,9.3,0.0,0.0,0.0,0.0,0.0,0.0,4.0,4.25,1.0,2.0,0.0,36-45,4-5 Years,3 Products,Fair,Good,Very Low,2-3 Complaints,107303.5043,High Value,35,Medium Risk,74.24622294636573
812,CUST000812,Rahul,Verma,22,Pune,Maharashtra,Retired,484322,Mass,2016-09-23,6,3,697,0.812,0,3,Mobile App,0.066,1,1,42875.79,42875.79,1,20,98634.11,4931.7055,1494.9450000000002,10576.380858568267,20,5,1,2,3,3,2,2,2,4.0,5109034.279999999,1277258.5699999998,11.49,4.0,1.0,1081521.53,74624.99,0.069,0.069,5.0,5.0,0.0,0.0,2.0,18-25,6-10 Years,3 Products,Good,Below Average,Very Low,No Complaints,106754.0303,High Value,30,Medium Risk,63.46735971745532
6905,CUST006905,Arjun,Chopra,26,Mumbai,Maharashtra,Retired,669085,Mass,2014-07-26,4,2,821,0.801,0,4,Call Center,0.066,1,2,105268.01,52634.005,1,25,69549.59,2781.9836,1448.83,4014.0424228044726,25,1,3,3,1,11,1,3,2,0.0,0.0,0.0,0.0,0.0,0.0,0.0,0.0,0.0,0.0,4.0,5.25,0.0,0.0,2.0,26-35,4-5 Years,2 Products,Excellent,Good,Very Low,No Complaints,106659.0018,High Value,20,Low Risk,42.29171220555042
2082,CUST002082,Ira,Sethi,39,Chandigarh,Chandigarh,Salaried,355616,Mass,2025-09-07,1,4,726,0.526,0,4,Internet Banking,0.1141,1,4,103005.7,25751.425,4,18,52106.03,2894.7794444444444,1869.2350000000001,3205.1477372694076,18,2,1,4,0,9,0,2,0,1.0,133210.95,133210.95,10.55,1.0,1.0,119076.8,32031.66,0.269,0.269,7.0,4.285714285714286,0.0,3.0,3.0,36-45,0-1 Years,4 Products,Good,Good,Very Low,No Complaints,106570.6981,High Value,20,Low Risk,42.27325674812192
5334,CUST005334,Sara,Arora,51,Pune,Maharashtra,Self Employed,194219,Mass,2021-07-08,2,2,685,0.631,2,3,Internet Banking,0.1359,1,1,104760.49,104760.49,1,27,78991.52,2925.611851851852,1193.49,3785.5425228919776,25,4,2,2,0,9,2,3,5,0.0,0.0,0.0,0.0,0.0,0.0,0.0,0.0,0.0,0.0,3.0,3.3333333333333335,0.0,1.0,1.0,46-55,2-3 Years,2 Products,Good,Below Average,Very Low,2-3 Complaints,106340.32040000001,High Value,40,Medium Risk,84.45021570045898
6616,CUST006616,Sara,Patel,47,Chandigarh,Chandigarh,Self Employed,343881,Mass,2022-04-09,6,1,633,0.901,0,5,Internet Banking,0.1611,1,3,95466.19,31822.063333333335,3,23,91565.7,3981.1173913043476,1351.6,6119.414590157236,20,1,3,2,1,9,0,4,3,1.0,804929.97,804929.97,10.26,1.0,0.0,0.0,0.0,0.0,0.0,6.0,5.0,2.0,1.0,1.0,46-55,6-10 Years,1 Product,Fair,Excellent,Very Low,No Complaints,105346.8037,High Value,25,Medium Risk,52.52182879812746
9462,CUST009462,Priya,Kapoor,21,Ahmedabad,Gujarat,Self Employed,811984,Affluent,2015-08-25,12,2,686,0.683,1,3,Mobile App,0.0474,1,1,103403.95,103403.95,1,24,81614.0,3400.5833333333335,1056.745,7244.089530850028,24,4,3,2,2,5,1,2,5,0.0,0.0,0.0,0.0,0.0,0.0,0.0,0.0,0.0,0.0,1.0,5.0,1.0,0.0,1.0,18-25,10+ Years,2 Products,Good,Below Average,Very Low,1 Complaint,105036.23,High Value,30,Medium Risk,62.928829786535665
3837,CUST003837,Diya,Chopra,51,Kolkata,West Bengal,Retired,370654,Mass,2012-10-21,3,4,754,0.269,0,4,Call Center,0.1192,1,2,102969.93000000001,51484.965000000004,2,26,81130.59,3120.4073076923078,929.075,6857.700831081833,25,3,2,5,2,8,0,2,4,0.0,0.0,0.0,0.0,0.0,0.0,0.0,0.0,0.0,0.0,5.0,3.6,1.0,0.0,2.0,46-55,2-3 Years,4 Products,Very Good,Good,Very Low,No Complaints,104592.5418,High Value,20,Low Risk,41.8598224369713
8738,CUST008738,Sara,Khanna,39,Chennai,Tamil Nadu,Retired,355002,Mass,2025-02-02,5,1,703,0.664,0,4,Call Center,0.1301,1,3,71551.37,23850.456666666665,3,22,41525.96,1887.5436363636363,1203.045,2405.8980893679272,21,6,4,2,0,5,4,0,1,2.0,2864652.27,1432326.135,12.865,2.0,2.0,347507.86,223041.80000000002,0.634,0.656,3.0,4.0,1.0,0.0,2.0,36-45,4-5 Years,1 Product,Good,Good,Very Low,No Complaints,104503.49049999999,High Value,25,Medium Risk,52.301513414096476
2944,CUST002944,Varun,Patel,34,Delhi,Delhi,Business Owner,438614,Mass,2018-01-11,7,1,807,0.822,0,4,Branch,0.1301,1,2,94220.75,47110.375,2,18,30713.34,1706.2966666666666,821.455,1734.2591135359078,16,0,1,3,3,6,3,0,2,1.0,706914.98,706914.98,9.91,1.0,1.0,253695.29,50485.36,0.199,0.199,6.0,3.1666666666666665,1.0,1.0,1.0,26-35,6-10 Years,1 Product,Excellent,Good,Very Low,No Complaints,104441.1195,High Value,20,Low Risk,41.8281752034876
8532,CUST008532,Ira,Kumar,23,Kolkata,West Bengal,Business Owner,235533,Mass,2020-02-16,3,5,691,0.578,0,4,Call Center,0.0832,1,3,88285.09000000001,29428.36333333334,2,15,34498.2,2299.8799999999997,928.71,2670.300121254431,14,1,2,1,2,5,0,2,2,1.0,594232.76,594232.76,11.15,0.0,3.0,948336.51,271031.9,0.2813333333333333,0.435,4.0,2.5,0.0,0.0,3.0,18-25,2-3 Years,5+ Products,Good,Good,Very Low,No Complaints,104400.7467,High Value,20,Low Risk,41.81973729554413
9844,CUST009844,Ishaan,Verma,34,Pune,Maharashtra,Business Owner,599150,Mass,2015-02-10,13,4,563,0.879,1,4,Call Center,0.0953,1,2,72677.18,36338.59,1,29,80380.36,2771.736551724138,1603.51,3954.1412416733383,29,4,2,5,2,8,4,3,1,2.0,2942545.56,1471272.78,9.665,2.0,0.0,0.0,0.0,0.0,0.0,5.0,5.2,0.0,2.0,1.0,26-35,10+ Years,4 Products,Poor,Good,Very Low,1 Complaint,103710.24279999999,High Value,35,Medium Risk,72.93198868296905
8676,CUST008676,Kabir,Joshi,45,Chandigarh,Chandigarh,Self Employed,353656,Mass,2011-08-03,4,4,709,0.737,1,4,Call Center,0.066,1,1,77631.18,77631.18,1,22,139273.52,6330.614545454545,2122.91,11718.369014975196,21,2,0,5,1,8,0,3,3,1.0,1084213.12,1084213.12,12.54,1.0,2.0,1209214.83,617460.46,0.324,0.547,7.0,5.428571428571429,0.0,2.0,2.0,36-45,4-5 Years,4 Products,Good,Good,Very Low,1 Complaint,103350.9299,High Value,20,Low Risk,41.600325773035834
6927,CUST006927,Kabir,Mehta,32,Jaipur,Rajasthan,Self Employed,464343,Mass,2018-08-18,8,3,651,0.553,0,5,Call Center,0.066,1,4,102448.92,25612.23,3,17,34736.14,2043.3023529411764,1222.47,1770.0140812099821,16,2,3,2,0,6,1,1,2,0.0,0.0,0.0,0.0,0.0,0.0,0.0,0.0,0.0,0.0,4.0,4.0,1.0,3.0,1.0,26-35,6-10 Years,3 Products,Fair,Excellent,Very Low,No Complaints,103143.6428,High Value,25,Medium Risk,51.94625350799144
6469,CUST006469,Kabir,Arora,33,Chennai,Tamil Nadu,Retired,353185,Mass,2018-11-05,4,1,758,0.537,0,5,Branch,0.1301,1,2,101911.34,50955.67,2,15,47462.72,3164.1813333333334,2150.42,3613.2582925977854,15,2,1,3,0,4,0,1,4,0.0,0.0,0.0,0.0,0.0,0.0,0.0,0.0,0.0,0.0,6.0,4.5,1.0,2.0,3.0,26-35,4-5 Years,1 Product,Very Good,Excellent,Very Low,No Complaints,102860.5944,High Value,20,Low Risk,41.497845741667646
6154,CUST006154,Ira,Malhotra,23,Kolkata,West Bengal,Salaried,647058,Mass,2016-11-22,6,4,676,0.904,0,4,Internet Banking,0.066,1,2,101279.91,50639.955,2,23,34524.42,1501.0617391304347,869.74,1625.7777091753296,23,0,4,3,3,7,1,1,4,0.0,0.0,0.0,0.0,0.0,0.0,0.0,0.0,0.0,0.0,5.0,5.2,2.0,1.0,4.0,18-25,6-10 Years,4 Products,Good,Good,Very Low,No Complaints,101970.3984,High Value,25,Medium Risk,51.63974367208684
2239,CUST002239,Priya,Malhotra,18,Chennai,Tamil Nadu,Salaried,504548,Mass,2016-04-16,4,5,784,0.718,0,5,Internet Banking,0.066,1,2,97139.63,48569.815,2,23,37160.54,1615.675652173913,694.47,2094.9650978429777,22,5,1,3,1,7,2,1,3,0.0,0.0,0.0,0.0,0.0,1.0,392095.08,186245.16,0.475,0.475,8.0,3.0,1.0,1.0,2.0,18-25,4-5 Years,5+ Products,Very Good,Excellent,Very Low,No Complaints,101803.79160000001,High Value,20,Low Risk,41.276974146415014
2287,CUST002287,Arjun,Joshi,39,Kolkata,West Bengal,Student,807711,Affluent,2024-10-19,3,1,673,0.586,1,4,ATM,0.0953,1,1,101133.8,101133.8,0,13,30348.12,2334.4707692307693,2036.65,1970.522656485928,13,2,1,1,0,5,1,1,2,0.0,0.0,0.0,0.0,0.0,0.0,0.0,0.0,0.0,0.0,3.0,5.0,0.0,1.0,0.0,36-45,2-3 Years,1 Product,Good,Good,Very Low,1 Complaint,101740.7624,High Value,25,Medium Risk,51.57975131867967
251,CUST000251,Raj,Bansal,31,Mumbai,Maharashtra,Salaried,180000,Mass,2022-08-04,4,2,803,0.777,0,4,ATM,0.0832,1,3,100997.38,33665.793333333335,2,16,26221.600000000002,1638.8500000000001,769.9549999999999,2613.3258237324076,16,3,0,0,1,9,0,1,2,0.0,0.0,0.0,0.0,0.0,0.0,0.0,0.0,0.0,0.0,6.0,3.3333333333333335,1.0,1.0,2.0,26-35,4-5 Years,2 Products,Excellent,Good,Very Low,No Complaints,101521.812,High Value,20,Low Risk,41.21804046069738
5138,CUST005138,Varun,Malhotra,43,Lucknow,Uttar Pradesh,Salaried,337282,Mass,2019-03-21,3,1,701,0.381,0,4,Call Center,0.1611,1,3,62765.51,20921.836666666666,2,21,58011.850000000006,2762.469047619048,1125.19,5872.777154277101,20,1,6,2,1,4,1,2,4,1.0,3717293.15,3717293.15,9.88,1.0,0.0,0.0,0.0,0.0,0.0,6.0,4.5,2.0,1.0,3.0,36-45,2-3 Years,1 Product,Good,Good,Very Low,No Complaints,101098.67850000001,High Value,20,Low Risk,41.12960563525044
5609,CUST005609,Aanya,Verma,30,Lucknow,Uttar Pradesh,Self Employed,425115,Mass,2020-05-19,14,2,732,0.717,0,4,ATM,0.066,1,3,82484.7,27494.899999999998,3,27,55035.41,2038.3485185185186,726.18,2878.7202561310573,26,3,5,1,1,9,3,0,5,0.0,0.0,0.0,0.0,0.0,3.0,1750470.19,291972.43,0.12866666666666668,0.203,3.0,4.666666666666667,1.0,1.0,1.0,26-35,10+ Years,2 Products,Good,Good,Very Low,No Complaints,101090.11009999999,High Value,20,Low Risk,41.12781484119051
3009,CUST003009,Siddharth,Singh,48,Ahmedabad,Gujarat,Self Employed,353151,Mass,2025-01-13,3,3,770,0.41,0,5,Branch,0.066,1,3,97990.12,32663.373333333333,2,16,43005.11,2687.819375,1147.56,3412.640935055955,16,3,1,1,1,7,0,1,2,1.0,199113.14,199113.14,11.43,0.0,0.0,0.0,0.0,0.0,0.0,3.0,3.3333333333333335,1.0,1.0,2.0,46-55,2-3 Years,3 Products,Very Good,Excellent,Very Low,No Complaints,100841.35359999999,High Value,20,Low Risk,41.07582477740145
9000,CUST009000,Varun,Sethi,35,Lucknow,Uttar Pradesh,Salaried,270749,Mass,2013-06-30,3,4,693,0.706,2,4,Call Center,0.1359,1,1,99724.49,99724.49,0,22,35517.78,1614.4445454545455,669.5799999999999,2095.5788959837905,22,5,3,3,0,5,1,1,4,0.0,0.0,0.0,0.0,0.0,0.0,0.0,0.0,0.0,0.0,4.0,4.5,0.0,1.0,1.0,26-35,2-3 Years,4 Products,Good,Good,Very Low,2-3 Complaints,100434.8456,High Value,30,Medium Risk,61.48629701769943
3664,CUST003664,Dev,Sharma,44,Ahmedabad,Gujarat,Self Employed,206504,Mass,2019-11-17,2,5,812,0.714,1,3,Mobile App,0.0832,1,2,86359.01,43179.505,2,23,53812.79,2339.6865217391305,995.8,3783.2969221417648,23,2,0,1,2,13,2,0,3,0.0,0.0,0.0,0.0,0.0,1.0,1294934.53,640992.59,0.495,0.495,8.0,4.25,0.0,1.0,4.0,36-45,2-3 Years,5+ Products,Excellent,Below Average,Very Low,1 Complaint,100384.6111,High Value,30,Medium Risk,61.470548515492986
3963,CUST003963,Aanya,Chopra,33,Lucknow,Uttar Pradesh,Retired,599752,Mass,2021-02-28,6,1,793,0.493,1,5,Branch,0.1301,1,3,93032.48,31010.826666666664,2,18,36808.26,2044.9033333333334,1633.93,1463.8180212195293,18,2,1,3,1,7,1,1,2,0.0,0.0,0.0,0.0,0.0,2.0,660726.66,174446.23,0.21749999999999997,0.287,6.0,4.833333333333333,1.0,2.0,1.0,26-35,6-10 Years,1 Product,Very Good,Excellent,Very Low,1 Complaint,100375.9118,High Value,20,Low Risk,40.97854752485891
2309,CUST002309,Siddharth,Chopra,23,Pune,Maharashtra,Retired,243652,Mass,2014-02-06,6,3,791,0.434,1,5,Branch,0.0832,1,4,99634.53,24908.6325,3,18,36676.12,2037.5622222222223,942.64,3075.0550470549792,18,4,2,4,1,5,1,0,1,0.0,0.0,0.0,0.0,0.0,0.0,0.0,0.0,0.0,0.0,5.0,5.0,0.0,1.0,2.0,18-25,6-10 Years,3 Products,Very Good,Excellent,Very Low,1 Complaint,100368.0524,High Value,20,Low Risk,40.976904911671554
3002,CUST003002,Aditya,Verma,23,Delhi,Delhi,Business Owner,355329,Mass,2017-12-01,9,3,739,0.252,1,4,Branch,0.1192,1,3,49458.090000000004,16486.030000000002,2,22,48798.53,2218.115,1652.02,2139.0056198299912,19,2,2,4,0,10,1,0,3,2.0,3757996.72,1878998.36,13.03,2.0,3.0,1219133.8199999998,230040.47,0.26866666666666666,0.378,6.0,4.666666666666667,1.0,1.0,1.0,18-25,6-10 Years,3 Products,Good,Good,Very Low,1 Complaint,100205.36600000001,High Value,20,Low Risk,40.942903483312435
5820,CUST005820,Karan,Khanna,48,Mumbai,Maharashtra,Retired,255757,Mass,2011-07-04,0,4,570,0.727,0,4,Call Center,0.1978,1,3,98933.92,32977.973333333335,3,18,43999.14,2444.3966666666665,1458.96,2746.4003018646704,18,4,3,1,1,7,0,1,1,0.0,0.0,0.0,0.0,0.0,0.0,0.0,0.0,0.0,0.0,2.0,5.0,1.0,0.0,1.0,46-55,0-1 Years,4 Products,Poor,Good,Very Low,No Complaints,99813.9028,High Value,35,Medium Risk,71.506903553528
8512,CUST008512,Siddharth,Verma,19,Lucknow,Uttar Pradesh,Business Owner,935113,Affluent,2019-10-24,2,4,738,0.283,0,4,ATM,0.0871,1,2,97684.09,48842.045,2,19,104689.17,5509.956315789474,1086.56,15493.080724193627,18,5,3,1,0,5,1,1,3,0.0,0.0,0.0,0.0,0.0,0.0,0.0,0.0,0.0,0.0,7.0,4.857142857142857,1.0,3.0,1.0,18-25,2-3 Years,4 Products,Good,Good,Very Low,No Complaints,99777.8734,High Value,20,Low Risk,40.85355760674899
9193,CUST009193,Ananya,Malhotra,44,Kolkata,West Bengal,Self Employed,771065,Mass,2013-02-03,1,1,741,0.685,0,4,Mobile App,0.2142,1,2,94035.01,47017.505,2,19,29953.65,1576.5078947368422,799.61,1689.103869257236,19,1,2,2,2,9,1,1,1,0.0,0.0,0.0,0.0,0.0,1.0,500680.95,238324.13,0.476,0.476,3.0,5.666666666666667,1.0,0.0,2.0,36-45,0-1 Years,1 Product,Very Good,Good,Very Low,No Complaints,99640.8925,High Value,20,Low Risk,40.82492862326964
6386,CUST006386,Ishaan,Mehta,45,Bengaluru,Karnataka,Business Owner,410184,Mass,2025-02-13,6,1,723,0.538,0,4,Branch,0.1301,1,3,98728.63,32909.543333333335,3,26,40978.91,1576.1119230769232,1383.6799999999998,1109.5304832298002,25,6,1,2,1,12,1,1,2,0.0,0.0,0.0,0.0,0.0,0.0,0.0,0.0,0.0,0.0,6.0,4.333333333333333,0.0,0.0,3.0,36-45,6-10 Years,1 Product,Good,Good,Very Low,No Complaints,99548.20820000001,High Value,20,Low Risk,40.8055576212285
2077,CUST002077,Ira,Kumar,35,Pune,Maharashtra,Salaried,442720,Mass,2019-09-09,3,4,778,0.481,0,4,Mobile App,0.066,1,2,57901.71,28950.855,2,19,63803.68,3358.0884210526315,1118.21,7847.104740376304,19,3,3,2,1,3,1,2,4,1.0,2401661.41,2401661.41,11.6,1.0,2.0,1592378.06,292129.46,0.193,0.239,4.0,5.25,0.0,1.0,3.0,26-35,2-3 Years,4 Products,Very Good,Good,Very Low,No Complaints,99118.1783,High Value,20,Low Risk,40.71568144942111
9474,CUST009474,Kavya,Kumar,35,Jaipur,Rajasthan,Salaried,323095,Mass,2019-07-18,6,2,696,0.62,0,1,Call Center,0.1611,1,3,79173.92,26391.306666666667,2,21,71766.17,3417.4366666666665,1422.08,5818.599844625281,20,3,5,1,1,7,2,1,1,1.0,613929.2,613929.2,10.93,0.0,1.0,1202813.57,511195.77,0.425,0.425,4.0,5.0,1.0,1.0,3.0,26-35,6-10 Years,2 Products,Good,Low,Very Low,No Complaints,98776.67109999999,High Value,45,High Risk,91.4496896385064
6437,CUST006437,Ananya,Malhotra,30,Hyderabad,Telangana,Retired,180000,Mass,2011-10-07,4,6,696,0.832,0,5,Call Center,0.0832,1,3,91918.96,30639.653333333335,2,21,43190.2,2056.67619047619,938.53,3615.4159062706417,19,3,3,1,0,6,3,2,3,0.0,0.0,0.0,0.0,0.0,1.0,584081.31,76514.65,0.131,0.131,3.0,2.3333333333333335,0.0,1.0,2.0,26-35,4-5 Years,5+ Products,Good,Excellent,Very Low,No Complaints,98623.57710000001,High Value,20,Low Risk,40.61230988751962
6982,CUST006982,Sara,Chopra,23,Pune,Maharashtra,Salaried,368446,Mass,2019-06-14,11,3,742,0.774,1,5,Call Center,0.066,1,2,97909.01,48954.505,2,19,35083.09,1846.4784210526313,640.07,3930.0812229029107,18,4,0,1,2,5,3,2,2,0.0,0.0,0.0,0.0,0.0,0.0,0.0,0.0,0.0,0.0,3.0,4.0,0.0,0.0,1.0,18-25,10+ Years,3 Products,Very Good,Excellent,Very Low,1 Complaint,98610.6718,High Value,20,Low Risk,40.60961268213919
1095,CUST001095,Riya,Verma,38,Ahmedabad,Gujarat,Student,1951135,Affluent,2012-04-09,6,4,745,0.574,0,3,ATM,0.0474,1,1,66894.05,66894.05,1,16,27957.69,1747.355625,1085.285,1838.8149297920793,16,2,1,1,0,7,2,0,3,1.0,3107296.93,3107296.93,11.73,1.0,0.0,0.0,0.0,0.0,0.0,7.0,5.285714285714286,1.0,4.0,1.0,36-45,6-10 Years,4 Products,Very Good,Below Average,Very Low,No Complaints,98526.1731,High Value,30,Medium Risk,60.88792870354019
4707,CUST004707,Dev,Chopra,46,Kolkata,West Bengal,Business Owner,262935,Mass,2025-09-15,4,2,717,0.344,0,5,ATM,0.148,1,2,95530.1,47765.05,2,20,138209.75,6910.4875,903.3599999999999,15790.756663934053,20,3,1,1,1,6,1,4,3,0.0,0.0,0.0,0.0,0.0,0.0,0.0,0.0,0.0,0.0,5.0,5.2,0.0,2.0,2.0,46-55,4-5 Years,2 Products,Good,Excellent,Very Low,No Complaints,98294.29500000001,High Value,20,Low Risk,40.54348998780405
4938,CUST004938,Siddharth,Singh,39,Hyderabad,Telangana,Self Employed,808563,Affluent,2015-08-28,2,6,701,0.629,0,4,Internet Banking,0.0474,1,1,75036.81,75036.81,1,23,101797.24,4425.966956521739,1242.49,7952.824201054979,22,5,3,2,1,6,1,1,4,0.0,0.0,0.0,0.0,0.0,4.0,2060652.08,515530.69,0.28575,0.428,4.0,3.75,2.0,0.0,4.0,36-45,2-3 Years,5+ Products,Good,Good,Very Low,No Complaints,97679.2756,High Value,20,Low Risk,40.41495104374625
177,CUST000177,Nisha,Singh,20,Chandigarh,Chandigarh,Business Owner,446276,Mass,2022-04-24,5,3,729,0.852,0,4,ATM,0.066,1,1,80954.63,80954.63,1,27,67357.98,2494.74,1061.73,3377.511372012969,27,3,2,1,0,15,0,2,4,2.0,1345988.3,672994.15,9.515,0.0,1.0,186279.12,51971.87,0.279,0.279,6.0,1.6666666666666667,1.0,2.0,3.0,18-25,4-5 Years,3 Products,Good,Good,Very Low,No Complaints,97624.46380000001,High Value,20,Low Risk,40.403495387398
2792,CUST002792,Arjun,Sethi,24,Bengaluru,Karnataka,Student,315290,Mass,2017-07-04,1,2,705,0.267,0,4,Branch,0.2405,1,3,96509.65,32169.88333333333,1,25,51880.92,2075.2368,1388.03,2120.554335122305,25,1,2,4,1,9,3,3,2,0.0,0.0,0.0,0.0,0.0,0.0,0.0,0.0,0.0,0.0,5.0,3.6,1.0,1.0,3.0,18-25,0-1 Years,2 Products,Good,Good,Very Low,No Complaints,97547.2684,High Value,20,Low Risk,40.38736156267292
871,CUST000871,Ishaan,Chopra,44,Chennai,Tamil Nadu,Student,258708,Mass,2011-09-15,8,2,681,0.524,0,4,Mobile App,0.0832,1,3,76450.57,25483.523333333334,3,18,36703.01,2039.0561111111112,814.54,3375.123361911277,17,2,3,0,1,7,1,1,3,1.0,1976852.95,1976852.95,11.45,1.0,0.0,0.0,0.0,0.0,0.0,4.0,4.0,0.0,1.0,0.0,36-45,6-10 Years,2 Products,Good,Good,Very Low,No Complaints,96953.15970000002,High Value,20,Low Risk,40.2631929511567
9809,CUST009809,Ira,Kumar,39,Hyderabad,Telangana,Student,657144,Mass,2022-04-20,18,2,702,0.538,0,2,Mobile App,0.1301,1,3,78829.11,26276.37,2,22,74970.88,3407.767272727273,1132.145,6654.5133597010545,22,2,1,0,2,6,2,2,7,0.0,0.0,0.0,0.0,0.0,3.0,1654865.67,175470.97,0.09899999999999999,0.14,5.0,3.8,1.0,0.0,4.0,36-45,10+ Years,2 Products,Good,Low,Very Low,No Complaints,96877.1843,High Value,45,High Risk,90.55645673897776
2242,CUST002242,Priya,Sethi,32,Ludhiana,Punjab,Business Owner,244964,Mass,2011-06-14,0,2,820,0.727,1,4,Call Center,0.1419,1,2,79770.62,39885.31,2,23,42763.05,1859.263043478261,1633.98,1549.9345636757314,22,3,2,2,0,12,0,2,2,1.0,523221.07,523221.07,8.97,0.0,1.0,1057080.02,308667.37,0.292,0.292,3.0,3.3333333333333335,0.0,0.0,3.0,26-35,0-1 Years,2 Products,Excellent,Good,Very Low,1 Complaint,96428.89189999999,High Value,20,Low Risk,40.1536210751874
4376,CUST004376,Priya,Kapoor,41,Mumbai,Maharashtra,Student,320460,Mass,2022-06-24,7,2,555,0.737,1,4,Branch,0.1192,1,3,75827.54000000001,25275.846666666668,1,24,55095.83,2295.6595833333336,1263.56,3097.5574866342945,24,4,0,3,0,10,1,3,3,1.0,424086.64,424086.64,11.14,1.0,4.0,1520172.97,385644.86,0.2835,0.422,3.0,6.0,0.0,1.0,1.0,36-45,6-10 Years,2 Products,Poor,Good,Very Low,1 Complaint,96372.0527,High Value,35,Medium Risk,70.24804796205622
5855,CUST005855,Arjun,Gupta,36,Jaipur,Rajasthan,Salaried,641595,Mass,2013-08-31,18,2,720,0.763,0,5,Branch,0.066,1,1,84486.52,84486.52,1,16,81812.11,5113.256875,1397.99,8496.615935750517,16,0,2,1,0,5,2,2,4,4.0,573790.09,143447.5225,11.965,2.0,1.0,430867.82,155974.15,0.362,0.362,7.0,2.142857142857143,0.0,2.0,2.0,36-45,10+ Years,2 Products,Good,Excellent,Very Low,No Complaints,96169.34129999999,High Value,20,Low Risk,40.099375046438446
1240,CUST001240,Siddharth,Malhotra,43,Pune,Maharashtra,Retired,325843,Mass,2012-09-03,2,5,672,0.706,0,4,Branch,0.0832,1,2,59028.77,29514.385,2,20,38014.25,1900.7125,866.4449999999999,2001.4983046783384,20,1,1,2,2,7,1,3,3,1.0,3180480.8,3180480.8,9.84,0.0,2.0,456988.74,152051.19,0.3285,0.353,7.0,4.142857142857143,1.0,1.0,1.0,36-45,2-3 Years,5+ Products,Good,Good,Very Low,No Complaints,96163.75039999999,High Value,25,Medium Risk,50.122758186679185
751,CUST000751,Sara,Joshi,26,Pune,Maharashtra,Student,435150,Mass,2023-09-19,4,5,675,0.647,2,3,Internet Banking,0.1091,1,2,81706.28,40853.14,2,17,60009.47,3529.968823529412,1560.72,5460.441668168752,17,1,0,2,1,9,1,1,2,2.0,1317963.88,658981.94,10.350000000000001,2.0,0.0,0.0,0.0,0.0,0.0,3.0,5.666666666666667,0.0,0.0,2.0,26-35,4-5 Years,5+ Products,Good,Below Average,Very Low,2-3 Complaints,96086.1082,High Value,45,High Risk,90.18445352287182
