card_id,customer_id,card_type,credit_limit,utilization_ratio,current_balance,status,issue_date
1,9525,Signature,1142753.4,0.318,363395.58,Active,2021-01-08
2,8991,Platinum,597315.72,0.022,13140.95,Active,2021-05-18
3,8840,Gold,271134.51,0.421,114147.63,Active,2024-04-08
4,8045,Platinum,466339.14,0.144,67152.84,Blocked,2022-12-16
5,2956,Classic,83695.35,0.057,4770.63,Closed,2022-07-31
6,9205,Signature,833973.64,0.629,524569.42,Active,2023-01-25
7,5197,Platinum,423746.35,0.058,24577.29,Active,2024-01-06
8,9045,Platinum,449719.61,0.163,73304.3,Active,2021-12-17
9,7645,Signature,1195145.41,0.354,423081.48,Blocked,2022-03-25
10,8415,Classic,94571.43,0.155,14658.57,Active,2024-08-06
11,6897,Classic,76452.73,0.247,18883.82,Closed,2021-08-06
12,10000,Platinum,435041.27,0.465,202294.19,Active,2021-12-07
13,614,Gold,196870.34,0.394,77566.91,Active,2022-11-14
14,2592,Gold,187964.59,0.115,21615.93,Closed,2025-02-12
15,447,Signature,1075248.06,0.348,374186.32,Active,2023-09-25
16,2053,Classic,121770.17,0.169,20579.16,Active,2024-12-20
17,21,Platinum,592321.55,0.304,180065.75,Active,2022-05-31
18,4922,Platinum,410886.88,0.199,81766.49,Active,2025-06-06
19,5408,Platinum,597483.78,0.675,403301.55,Active,2025-07-08
20,709,Signature,1158650.54,0.268,310518.34,Closed,2024-01-01
21,2102,Platinum,538924.16,0.642,345989.31,Active,2022-07-03
22,7021,Signature,774708.65,0.114,88316.79,Blocked,2024-05-27
23,3064,Classic,118956.91,0.44,52341.04,Active,2022-06-22
24,427,Platinum,649595.08,0.478,310506.45,Active,2025-12-07
25,4986,Signature,1272833.35,0.452,575320.67,Closed,2021-09-28
26,4687,Gold,204412.38,0.268,54782.52,Active,2022-05-20
27,7422,Gold,220000.4,0.377,82940.15,Blocked,2022-06-08
28,7196,Classic,70624.06,0.133,9393.0,Blocked,2022-03-20
29,5082,Signature,787128.74,0.28,220396.05,Active,2024-06-27
30,6939,Gold,232833.91,0.447,104076.76,Blocked,2024-12-23
31,2813,Gold,230348.69,0.165,38007.53,Closed,2023-11-02
32,1426,Classic,112653.47,0.271,30529.09,Closed,2022-03-26
33,2286,Signature,1211555.63,0.525,636066.71,Active,2021-08-01
34,7057,Gold,297024.27,0.114,33860.77,Active,2022-11-30
35,7787,Platinum,620800.69,0.796,494157.35,Blocked,2024-07-02
36,4131,Signature,728458.59,0.162,118010.29,Active,2023-03-19
37,8001,Gold,312262.81,0.603,188294.47,Active,2022-05-10
38,6900,Gold,214628.47,0.383,82202.7,Closed,2024-11-06
39,8385,Platinum,410039.27,0.234,95949.19,Closed,2024-07-11
40,9174,Platinum,351436.9,0.13,45686.8,Closed,2025-02-21
41,5680,Gold,180781.04,0.299,54053.53,Blocked,2025-07-16
42,9174,Gold,179052.03,0.083,14861.32,Closed,2025-06-08
43,9381,Platinum,610757.07,0.164,100164.16,Active,2021-06-21
44,7524,Platinum,533908.05,0.304,162308.05,Active,2022-06-14
45,3966,Gold,307970.01,0.559,172155.24,Active,2023-12-07
46,2082,Classic,119076.8,0.269,32031.66,Closed,2024-12-20
47,868,Signature,708360.46,0.257,182048.64,Active,2022-09-01
48,9771,Signature,930061.36,0.242,225074.85,Active,2021-11-25
49,8412,Signature,1122481.87,0.219,245823.53,Blocked,2025-12-26
50,2062,Gold,225670.46,0.069,15571.26,Active,2022-03-30
51,4882,Classic,125504.85,0.303,38027.97,Blocked,2024-03-02
52,7683,Classic,119358.92,0.501,59798.82,Active,2023-10-05
53,2331,Signature,912687.27,0.533,486462.31,Active,2025-09-18
54,1368,Signature,1193261.96,0.329,392583.18,Active,2024-05-01
55,6425,Signature,1037192.59,0.055,57045.59,Blocked,2021-06-04
56,1652,Signature,1112201.2,0.224,249133.07,Active,2022-07-10
57,7207,Platinum,641221.73,0.172,110290.14,Blocked,2021-08-24
58,2234,Gold,285854.29,0.387,110625.61,Active,2025-01-09
59,9837,Classic,97644.32,0.38,37104.84,Closed,2023-04-30
60,6789,Gold,261326.06,0.254,66376.82,Active,2021-12-26
61,994,Gold,271492.22,0.435,118099.12,Active,2021-06-05
62,3247,Signature,884591.07,0.317,280415.37,Closed,2022-05-14
63,5474,Classic,81101.06,0.366,29682.99,Active,2024-09-01
64,7929,Classic,84035.81,0.226,18992.09,Active,2022-07-06
65,3756,Classic,126992.43,0.175,22223.68,Active,2024-09-07
66,4709,Signature,1182752.42,0.151,178595.62,Active,2024-09-16
67,970,Classic,81560.6,0.267,21776.68,Active,2023-10-02
68,8750,Platinum,614023.49,0.381,233942.95,Blocked,2024-06-06
69,2982,Signature,1021765.96,0.161,164504.32,Blocked,2025-04-21
70,9608,Signature,1190900.55,0.398,473978.42,Active,2024-03-10
71,1069,Gold,251143.75,0.05,12557.19,Active,2025-12-08
72,707,Classic,81492.01,0.55,44820.61,Active,2021-01-05
73,9329,Signature,1093736.43,0.32,349995.66,Active,2024-12-22
74,9137,Gold,198646.72,0.21,41715.81,Active,2021-07-13
75,810,Signature,851690.04,0.363,309163.48,Active,2024-11-27
76,8106,Classic,75082.13,0.401,30107.93,Closed,2024-12-05
77,7086,Platinum,506817.39,0.623,315747.23,Active,2023-02-03
78,2589,Signature,720666.07,0.23,165753.2,Blocked,2021-12-30
79,5469,Gold,264968.69,0.344,91149.23,Blocked,2025-01-23
80,9426,Classic,79563.44,0.112,8911.11,Blocked,2022-12-08
81,7257,Platinum,360969.36,0.338,122007.64,Active,2023-01-15
82,4065,Signature,798244.44,0.242,193175.15,Closed,2021-02-23
83,5483,Classic,125007.23,0.079,9875.57,Active,2024-06-17
84,2502,Classic,88473.12,0.5,44236.56,Closed,2024-02-09
85,5232,Gold,234502.93,0.217,50887.14,Active,2021-02-18
86,9015,Signature,1124367.36,0.334,375538.7,Active,2022-03-15
87,2180,Platinum,546375.82,0.391,213632.95,Active,2025-08-27
88,2502,Gold,206903.76,0.198,40966.94,Active,2021-08-19
89,7970,Signature,1128279.99,0.218,245965.04,Active,2022-02-20
90,4919,Signature,787362.11,0.435,342502.52,Active,2022-03-11
91,1344,Signature,723548.06,0.014,10129.67,Active,2022-05-05
92,4057,Classic,98135.32,0.155,15210.97,Closed,2022-06-17
93,5802,Classic,75479.18,0.224,16907.34,Blocked,2021-05-28
94,1858,Classic,85546.13,0.714,61079.94,Closed,2025-01-28
95,290,Platinum,479202.38,0.206,98715.69,Active,2024-01-26
96,7545,Gold,257393.85,0.072,18532.36,Active,2021-10-21
97,4685,Classic,117692.63,0.466,54844.77,Active,2023-03-13
98,5322,Gold,275762.09,0.071,19579.11,Active,2025-04-22
99,4248,Signature,1026177.83,0.294,301696.28,Active,2023-06-26
100,6895,Gold,208365.95,0.137,28546.14,Active,2024-06-06
101,8554,Platinum,604773.6,0.337,203808.7,Active,2021-10-20
102,9272,Classic,76568.21,0.058,4440.96,Closed,2022-11-12
103,4143,Gold,257142.26,0.104,26742.8,Blocked,2023-09-07
104,229,Signature,935403.62,0.529,494828.51,Blocked,2023-07-06
105,5369,Signature,841378.43,0.425,357585.83,Closed,2025-07-08
106,2848,Classic,119625.16,0.571,68305.97,Active,2024-01-27
107,5838,Classic,117016.7,0.084,9829.4,Closed,2021-08-14
108,8447,Signature,957014.9,0.182,174176.71,Closed,2023-02-01
109,9434,Signature,1140722.25,0.203,231566.62,Active,2024-02-15
110,3952,Signature,738375.13,0.08,59070.01,Active,2024-02-02
111,7739,Classic,118324.3,0.341,40348.59,Active,2025-05-21
112,1048,Classic,84581.98,0.342,28927.04,Active,2022-06-16
113,1017,Classic,88620.53,0.55,48741.29,Active,2022-12-26
114,8811,Gold,257344.42,0.021,5404.23,Active,2023-02-17
115,4840,Gold,196479.49,0.121,23774.02,Active,2025-11-12
116,4834,Gold,225527.46,0.385,86828.07,Active,2023-07-15
117,8168,Signature,771648.05,0.364,280879.89,Active,2024-01-20
118,1953,Gold,258904.12,0.317,82072.61,Active,2025-11-09
119,7885,Platinum,468003.21,0.421,197029.35,Active,2023-01-01
120,6610,Signature,1015795.54,0.433,439839.47,Closed,2025-12-31
121,525,Platinum,434227.12,0.353,153282.17,Active,2022-03-09
122,5870,Platinum,362602.8,0.576,208859.21,Blocked,2021-11-09
123,3328,Platinum,532008.82,0.058,30856.51,Blocked,2023-06-02
124,3405,Gold,272331.33,0.169,46023.99,Active,2023-03-22
125,6419,Gold,202397.94,0.412,83387.95,Blocked,2023-01-06
126,5941,Classic,91594.77,0.236,21616.37,Blocked,2022-02-08
127,6127,Platinum,464681.84,0.11,51115.0,Blocked,2025-02-16
128,6326,Classic,120588.67,0.181,21826.55,Closed,2025-08-22
129,9831,Classic,74521.07,0.233,17363.41,Active,2023-05-21
130,7910,Gold,296587.86,0.559,165792.61,Active,2023-07-24
131,4672,Signature,740616.91,0.295,218481.99,Active,2023-08-02
132,2584,Classic,96271.48,0.455,43803.52,Active,2025-10-05
133,2216,Signature,1177706.33,0.331,389820.8,Active,2025-02-26
134,5044,Platinum,607545.2,0.188,114218.5,Active,2021-05-07
135,5765,Gold,221420.7,0.306,67754.73,Active,2021-06-02
136,7881,Platinum,352171.73,0.386,135938.29,Active,2024-06-07
137,3996,Classic,117693.62,0.434,51079.03,Active,2021-10-03
138,9574,Platinum,463747.16,0.128,59359.64,Active,2025-11-12
139,3608,Signature,776833.63,0.466,362004.47,Active,2024-02-01
140,3150,Classic,127932.65,0.327,41833.98,Closed,2023-12-02
141,7181,Classic,126044.35,0.04,5041.77,Active,2021-09-19
142,6441,Platinum,418241.91,0.59,246762.73,Closed,2021-07-30
143,4941,Gold,294720.47,0.148,43618.63,Active,2024-05-03
144,3876,Classic,91876.75,0.632,58066.11,Active,2022-05-05
145,7494,Signature,932296.66,0.134,124927.75,Active,2025-05-20
146,643,Platinum,533685.12,0.399,212940.36,Closed,2025-10-08
147,8172,Platinum,496795.28,0.265,131650.75,Closed,2025-10-28
148,1188,Gold,212967.6,0.024,5111.22,Active,2022-08-12
149,4577,Platinum,411161.45,0.018,7400.91,Closed,2024-09-18
150,359,Platinum,432468.0,0.319,137957.29,Active,2021-02-05
151,2156,Signature,1133629.56,0.261,295877.32,Active,2025-01-01
152,5685,Gold,286965.48,0.233,66862.96,Active,2023-09-19
153,5609,Platinum,584102.45,0.15,87615.37,Active,2025-10-23
154,3200,Platinum,389156.06,0.465,180957.57,Blocked,2022-09-12
155,8969,Platinum,597236.8,0.194,115863.94,Blocked,2024-12-14
156,4914,Classic,105091.14,0.107,11244.75,Active,2025-05-08
157,9115,Classic,106043.0,0.55,58323.65,Closed,2024-03-01
158,9555,Platinum,448022.54,0.521,233419.74,Active,2023-01-15
159,9097,Gold,308600.77,0.244,75298.59,Blocked,2023-12-18
160,2177,Platinum,386547.42,0.421,162736.46,Active,2025-09-10
161,6182,Platinum,608497.51,0.312,189851.22,Blocked,2021-02-23
162,8431,Platinum,449190.37,0.388,174285.86,Blocked,2024-06-03
163,2854,Platinum,481181.0,0.465,223749.17,Active,2021-04-07
164,7441,Gold,240247.2,0.194,46607.96,Blocked,2024-06-10
165,5345,Platinum,551783.42,0.251,138497.64,Active,2025-06-26
166,8465,Signature,725030.53,0.106,76853.24,Active,2022-12-05
167,3426,Signature,1296678.9,0.36,466804.4,Active,2022-11-08
168,6047,Platinum,629955.19,0.369,232453.47,Active,2023-08-26
169,3697,Gold,309625.9,0.586,181440.78,Closed,2023-08-27
170,7962,Signature,708766.32,0.322,228222.76,Active,2024-09-29
171,6848,Signature,861450.08,0.685,590093.3,Closed,2022-06-16
172,6527,Signature,1080397.74,0.631,681730.97,Active,2021-06-01
173,1391,Platinum,570255.68,0.383,218407.93,Active,2023-10-08
174,6583,Classic,122258.93,0.344,42057.07,Active,2023-08-05
175,9027,Gold,291104.62,0.136,39590.23,Active,2024-12-14
176,2176,Gold,233087.22,0.312,72723.21,Blocked,2021-02-26
177,8834,Classic,81454.07,0.723,58891.29,Blocked,2024-01-23
178,1414,Gold,184965.61,0.148,27374.91,Active,2024-09-07
179,875,Gold,200793.74,0.421,84534.16,Blocked,2022-04-30
180,2544,Platinum,379082.32,0.188,71267.48,Active,2022-11-29
181,7189,Signature,1125891.37,0.644,725074.04,Active,2024-04-28
182,2763,Signature,1230184.85,0.202,248497.34,Active,2024-03-24
183,5932,Signature,1199030.15,0.344,412466.37,Active,2022-12-11
184,3510,Signature,1121715.3,0.073,81885.22,Active,2025-09-16
185,422,Platinum,577676.82,0.217,125355.87,Closed,2021-04-29
186,8836,Classic,90265.15,0.792,71490.0,Closed,2024-12-29
187,6881,Gold,238448.55,0.211,50312.64,Active,2025-02-23
188,6948,Gold,312942.33,0.39,122047.51,Closed,2025-02-18
189,4261,Signature,1184672.02,0.442,523625.03,Closed,2021-01-08
190,3512,Platinum,523521.56,0.468,245008.09,Active,2022-11-01
191,2098,Classic,74867.32,0.427,31968.35,Closed,2024-03-23
192,2762,Gold,270574.84,0.505,136640.29,Active,2025-01-23
193,2077,Signature,961401.03,0.147,141325.95,Closed,2021-09-20
194,1259,Gold,183381.33,0.089,16320.94,Closed,2022-06-22
195,4829,Gold,277648.91,0.347,96344.17,Closed,2021-09-16
196,1865,Platinum,370132.65,0.236,87351.31,Active,2021-04-30
197,5085,Gold,177877.8,0.352,62612.99,Active,2021-05-02
198,6421,Classic,74475.36,0.621,46249.2,Active,2023-06-17
199,9536,Gold,211449.71,0.358,75699.0,Active,2023-09-11
200,9300,Platinum,589172.03,0.419,246863.08,Closed,2025-05-01
201,4514,Platinum,640554.99,0.383,245332.56,Active,2021-09-10
202,7875,Platinum,644846.48,0.11,70933.11,Blocked,2022-01-05
203,9491,Gold,247021.51,0.381,94115.2,Blocked,2021-03-29
204,1854,Signature,754641.04,0.153,115460.08,Blocked,2025-11-06
205,6107,Classic,127758.52,0.642,82020.97,Active,2024-09-17
206,2914,Gold,260490.19,0.179,46627.74,Active,2024-03-11
207,3658,Gold,268644.42,0.3,80593.33,Blocked,2023-12-18
208,7942,Signature,892726.88,0.276,246392.62,Active,2022-11-19
209,9407,Classic,77496.66,0.291,22551.53,Active,2023-10-24
210,1961,Signature,951218.23,0.251,238755.78,Blocked,2021-06-01
211,9554,Gold,245225.19,0.286,70134.4,Closed,2025-10-08
212,4234,Signature,1272483.53,0.063,80166.46,Closed,2024-12-17
213,471,Platinum,458896.51,0.144,66081.1,Active,2021-02-12
214,931,Gold,204561.93,0.211,43162.57,Active,2023-03-29
215,7183,Classic,75017.41,0.207,15528.6,Blocked,2022-09-06
216,9868,Gold,279052.36,0.207,57763.84,Active,2021-07-04
217,7680,Platinum,631762.58,0.242,152886.54,Closed,2025-09-28
218,7045,Platinum,538347.44,0.237,127588.34,Blocked,2024-09-22
219,3423,Gold,319436.01,0.222,70914.79,Active,2022-11-13
220,5388,Classic,122121.77,0.495,60450.28,Blocked,2024-11-25
221,613,Classic,116857.82,0.189,22086.13,Blocked,2024-10-25
222,5957,Platinum,610861.83,0.109,66583.94,Active,2022-06-03
223,5768,Signature,947536.79,0.539,510722.33,Closed,2022-05-18
224,4602,Gold,311360.1,0.061,18992.97,Blocked,2022-03-22
225,2345,Gold,222920.99,0.295,65761.69,Closed,2023-09-07
226,5039,Signature,1175321.44,0.239,280901.82,Active,2023-11-04
227,5554,Platinum,436814.17,0.493,215349.39,Blocked,2023-09-15
228,7946,Platinum,504114.92,0.082,41337.42,Blocked,2025-01-14
229,97,Classic,112884.81,0.246,27769.66,Active,2022-07-16
230,8983,Gold,292478.32,0.299,87451.02,Active,2021-08-06
231,4945,Platinum,437312.23,0.285,124633.99,Closed,2021-09-05
232,9657,Signature,1044438.57,0.336,350931.36,Closed,2025-05-14
233,967,Platinum,632226.87,0.264,166907.89,Active,2023-12-08
234,4966,Signature,1233084.93,0.421,519128.76,Active,2023-06-22
235,4034,Classic,98283.76,0.317,31155.95,Active,2024-02-03
236,8405,Gold,310661.78,0.371,115255.52,Blocked,2025-02-15
237,6721,Platinum,356024.35,0.201,71560.89,Active,2023-05-30
238,4447,Platinum,369919.56,0.642,237488.36,Active,2025-05-10
239,4119,Gold,212393.14,0.258,54797.43,Blocked,2021-06-29
240,8834,Classic,78636.66,0.042,3302.74,Active,2023-01-09
241,8652,Signature,1205648.28,0.16,192903.72,Blocked,2021-02-08
242,3355,Platinum,490313.65,0.399,195635.15,Active,2021-06-08
243,5097,Classic,113146.23,0.452,51142.1,Closed,2025-07-27
244,6250,Gold,276418.91,0.299,82649.25,Active,2024-07-15
245,7912,Platinum,530324.9,0.249,132050.9,Closed,2024-08-23
246,558,Platinum,365499.24,0.215,78582.34,Active,2022-03-23
247,4279,Signature,1173525.64,0.301,353231.22,Active,2025-07-19
248,118,Signature,1107857.19,0.537,594919.31,Blocked,2024-05-22
249,846,Classic,70993.04,0.332,23569.69,Active,2023-08-29
250,1627,Signature,1243123.19,0.371,461198.7,Closed,2025-01-16
251,3302,Signature,1110670.52,0.529,587544.71,Active,2023-06-24
252,1402,Gold,208308.76,0.255,53118.73,Active,2023-05-15
253,5280,Signature,1095043.02,0.453,496054.49,Closed,2023-03-22
254,2553,Platinum,456388.42,0.34,155172.06,Closed,2024-06-01
255,925,Platinum,383552.89,0.119,45642.79,Closed,2024-10-05
256,6391,Gold,178196.75,0.075,13364.76,Closed,2025-03-17
257,2402,Platinum,515574.39,0.414,213447.8,Active,2023-11-10
258,9203,Platinum,490755.52,0.165,80974.66,Active,2025-09-08
259,6659,Gold,177980.72,0.322,57309.79,Active,2025-04-28
260,6517,Classic,97766.62,0.114,11145.39,Active,2021-02-10
261,50,Gold,214994.63,0.375,80622.99,Active,2022-09-18
262,7036,Signature,1221837.55,0.158,193050.33,Closed,2022-08-04
263,7639,Signature,890434.14,0.156,138907.73,Active,2023-12-28
264,4648,Classic,127471.1,0.132,16826.19,Active,2024-09-21
265,8787,Signature,765590.37,0.275,210537.35,Active,2024-11-14
266,3213,Gold,275120.62,0.381,104820.96,Active,2024-03-28
267,2630,Gold,266792.35,0.225,60028.28,Active,2025-04-15
268,8394,Gold,313149.08,0.453,141856.53,Blocked,2023-11-30
269,2225,Signature,1134167.94,0.195,221162.75,Active,2024-12-03
270,1248,Platinum,432471.85,0.321,138823.46,Active,2024-12-23
271,1387,Signature,1233356.51,0.272,335472.97,Closed,2023-01-06
272,5896,Platinum,460513.16,0.551,253742.75,Blocked,2025-09-16
273,41,Classic,117471.4,0.21,24668.99,Active,2023-07-20
274,388,Platinum,388199.64,0.06,23291.98,Blocked,2024-12-13
275,5783,Classic,93895.63,0.107,10046.83,Active,2023-09-29
276,1031,Gold,287725.6,0.161,46323.82,Active,2025-05-05
277,9832,Platinum,381738.51,0.087,33211.25,Active,2024-08-29
278,5369,Platinum,497400.86,0.363,180556.51,Active,2022-12-18
279,6405,Platinum,387696.08,0.183,70948.38,Blocked,2025-07-27
280,8443,Gold,270131.24,0.107,28904.04,Closed,2024-07-10
281,402,Signature,1242772.09,0.502,623871.59,Active,2024-09-30
282,9756,Classic,103172.18,0.571,58911.31,Active,2022-03-07
283,6047,Platinum,549079.19,0.213,116953.87,Blocked,2024-11-01
284,3776,Signature,1203373.88,0.217,261132.13,Active,2024-10-18
285,4782,Platinum,383067.93,0.236,90404.03,Blocked,2022-04-20
286,2407,Classic,112146.22,0.29,32522.4,Blocked,2025-04-15
287,928,Gold,209477.76,0.204,42733.46,Blocked,2021-11-12
288,6729,Signature,916790.52,0.201,184274.89,Active,2024-05-11
289,4787,Signature,760321.66,0.185,140659.51,Active,2024-08-28
290,7974,Gold,304793.0,0.126,38403.92,Active,2025-05-16
291,1664,Platinum,647701.58,0.214,138608.14,Closed,2022-03-11
292,2451,Classic,71800.42,0.491,35254.01,Active,2021-12-13
293,113,Signature,991963.56,0.121,120027.59,Blocked,2022-02-23
294,4899,Classic,90081.22,0.277,24952.5,Active,2023-06-06
295,9889,Gold,312840.89,0.516,161425.9,Blocked,2021-01-26
296,1217,Platinum,353341.82,0.093,32860.79,Active,2023-03-21
297,3526,Classic,72756.01,0.193,14041.91,Active,2024-03-24
298,5365,Signature,1045816.91,0.379,396364.61,Active,2024-07-24
299,5110,Gold,304577.44,0.37,112693.65,Active,2021-11-17
300,6855,Signature,1121578.34,0.449,503588.67,Blocked,2025-11-03
301,3906,Classic,125977.05,0.171,21542.08,Active,2023-09-17
302,3219,Signature,1131917.88,0.311,352026.46,Active,2021-10-02
303,3896,Classic,100361.77,0.427,42854.48,Active,2022-01-24
304,3671,Classic,78966.26,0.633,49985.64,Active,2024-11-15
305,1626,Signature,842977.63,0.344,289984.3,Active,2023-11-07
306,5977,Signature,1225252.2,0.439,537885.72,Active,2024-06-21
307,407,Platinum,485856.25,0.136,66076.45,Blocked,2022-11-15
308,3736,Platinum,404786.1,0.127,51407.83,Active,2022-03-25
309,2417,Signature,1129523.06,0.184,207832.24,Blocked,2025-08-17
310,7687,Gold,215024.02,0.233,50100.6,Active,2023-09-27
311,6761,Platinum,407387.32,0.375,152770.24,Active,2025-11-30
312,9088,Signature,763009.25,0.201,153364.86,Closed,2023-04-11
313,8344,Gold,324747.65,0.219,71119.74,Blocked,2025-07-23
314,7942,Platinum,512330.15,0.135,69164.57,Active,2023-04-15
315,8152,Signature,791563.21,0.427,337997.49,Closed,2021-08-07
316,8138,Platinum,426977.75,0.382,163105.5,Closed,2022-04-03
317,5139,Gold,304194.08,0.394,119852.47,Active,2025-06-11
318,6119,Platinum,540383.92,0.274,148065.19,Active,2023-02-25
319,5126,Gold,254529.99,0.189,48106.17,Active,2023-01-23
320,2837,Classic,74315.03,0.361,26827.73,Blocked,2021-10-26
321,7484,Signature,1164182.78,0.267,310836.8,Active,2024-12-22
322,9547,Classic,124203.12,0.064,7949.0,Active,2024-10-30
323,1798,Classic,101622.68,0.054,5487.62,Active,2024-07-14
324,9482,Gold,314086.27,0.63,197874.35,Active,2023-02-24
325,833,Signature,917348.41,0.449,411889.44,Active,2025-05-15
326,3610,Platinum,490770.23,0.407,199743.48,Active,2022-10-14
327,1242,Signature,921541.56,0.122,112428.07,Active,2025-09-21
328,6943,Signature,1173374.44,0.35,410681.05,Active,2021-06-22
329,7005,Gold,320879.41,0.111,35617.61,Active,2021-03-14
330,3526,Classic,92319.54,0.272,25110.91,Active,2023-07-23
331,6257,Signature,1130761.65,0.233,263467.46,Blocked,2024-01-16
332,591,Classic,94297.78,0.232,21877.08,Blocked,2025-05-16
333,47,Classic,109145.63,0.233,25430.93,Active,2024-09-18
334,8519,Gold,287998.18,0.162,46655.71,Active,2025-07-03
335,3128,Platinum,507445.09,0.246,124831.49,Closed,2024-03-14
336,4193,Gold,265362.48,0.127,33701.03,Active,2025-03-10
337,7308,Signature,850639.88,0.361,307081.0,Active,2022-10-25
338,4584,Signature,1194213.54,0.162,193462.59,Closed,2023-01-11
339,3234,Platinum,642683.08,0.199,127893.93,Closed,2022-08-13
340,4495,Classic,100829.4,0.626,63119.2,Active,2022-10-23
341,3815,Platinum,363014.07,0.291,105637.09,Active,2024-12-06
342,697,Gold,281072.83,0.295,82916.48,Active,2025-09-03
343,1363,Gold,181340.3,0.411,74530.86,Active,2021-08-20
344,7041,Signature,827456.39,0.415,343394.4,Active,2022-03-30
345,7713,Platinum,535593.21,0.091,48738.98,Closed,2021-03-07
346,6252,Gold,271496.5,0.325,88236.36,Closed,2024-09-23
347,5915,Signature,1004286.19,0.647,649773.16,Blocked,2025-04-03
348,2883,Platinum,381057.56,0.181,68971.42,Active,2025-07-26
349,7748,Classic,99178.54,0.517,51275.31,Blocked,2024-12-20
350,4332,Platinum,385464.98,0.307,118337.75,Active,2023-07-04
351,2932,Classic,78720.41,0.055,4329.62,Active,2021-04-24
352,9531,Signature,806076.18,0.271,218446.64,Blocked,2023-05-11
353,8497,Platinum,582880.49,0.199,115993.22,Closed,2025-02-20
354,3263,Signature,895157.77,0.121,108314.09,Active,2023-07-19
355,2292,Platinum,451690.65,0.317,143185.94,Active,2025-08-08
356,7759,Classic,104604.42,0.48,50210.12,Active,2022-01-15
357,335,Signature,1026763.35,0.307,315216.35,Closed,2023-09-24
358,7607,Signature,955854.26,0.019,18161.23,Closed,2021-03-04
359,6293,Signature,929065.28,0.168,156082.97,Active,2022-06-15
360,1748,Platinum,413808.54,0.621,256975.1,Blocked,2021-06-07
361,4656,Classic,123576.12,0.455,56227.13,Blocked,2023-04-16
362,2498,Signature,967666.79,0.214,207080.69,Blocked,2024-05-11
363,3549,Platinum,607115.41,0.108,65568.46,Closed,2023-02-11
364,1264,Gold,211141.86,0.465,98180.96,Blocked,2023-01-05
365,5623,Gold,221068.84,0.283,62562.48,Active,2025-07-13
366,6537,Classic,101161.5,0.386,39048.34,Active,2023-08-09
367,9629,Gold,285991.43,0.187,53480.4,Active,2024-02-13
368,5344,Gold,276719.98,0.088,24351.36,Active,2024-12-09
369,8882,Signature,1235094.67,0.154,190204.58,Active,2025-06-30
370,270,Signature,795912.44,0.247,196590.37,Blocked,2021-03-28
371,7820,Platinum,644865.04,0.238,153477.88,Active,2021-06-28
372,736,Platinum,596297.98,0.174,103755.85,Blocked,2022-12-30
373,240,Signature,820023.02,0.29,237806.68,Blocked,2022-12-21
374,8451,Signature,1119022.18,0.167,186876.7,Active,2025-08-30
375,376,Platinum,393457.69,0.519,204204.54,Active,2024-03-27
376,666,Classic,109665.69,0.178,19520.49,Active,2022-07-23
377,9720,Signature,813588.64,0.328,266857.07,Active,2024-12-01
378,5108,Classic,78988.08,0.112,8846.66,Closed,2023-07-28
379,7957,Gold,256100.06,0.444,113708.43,Active,2022-12-21
380,5512,Classic,72850.98,0.138,10053.44,Blocked,2023-10-19
381,5275,Signature,1296680.1,0.148,191908.65,Closed,2021-09-25
382,3847,Gold,286449.02,0.138,39529.96,Active,2024-12-23
383,4500,Gold,244835.11,0.132,32318.23,Active,2022-12-15
384,3032,Signature,763682.28,0.292,222995.23,Active,2025-03-20
385,9119,Signature,720525.3,0.311,224083.37,Active,2022-08-03
386,2729,Classic,101739.21,0.478,48631.34,Active,2021-12-31
387,6054,Gold,189926.01,0.289,54888.62,Active,2023-03-25
388,8322,Gold,235130.65,0.248,58312.4,Closed,2024-04-16
389,9752,Signature,911109.78,0.271,246910.75,Closed,2025-12-06
390,2191,Gold,203157.84,0.431,87561.03,Blocked,2025-02-28
391,3422,Classic,123662.77,0.574,70982.43,Closed,2025-01-21
392,2012,Classic,108045.09,0.284,30684.81,Active,2023-06-05
393,8016,Gold,252171.23,0.215,54216.81,Active,2022-07-17
394,7498,Platinum,506642.57,0.067,33945.05,Blocked,2023-03-18
395,2977,Platinum,633181.2,0.156,98776.27,Blocked,2023-01-10
396,2738,Platinum,479176.24,0.419,200774.84,Active,2024-11-03
397,2484,Platinum,461686.64,0.163,75254.92,Blocked,2024-11-14
398,9185,Gold,304248.3,0.327,99489.19,Active,2024-09-01
399,9143,Classic,113774.19,0.203,23096.16,Closed,2024-07-03
400,7185,Classic,95781.27,0.197,18868.91,Active,2024-09-15
401,8368,Signature,1176757.92,0.296,348320.34,Active,2023-07-05
402,8860,Platinum,350725.72,0.091,31916.04,Active,2023-10-03
403,9020,Platinum,397343.37,0.427,169665.62,Active,2023-10-15
404,5791,Signature,820218.28,0.025,20505.46,Active,2024-01-30
405,6239,Signature,1156850.66,0.139,160802.24,Active,2021-01-23
406,3446,Platinum,505006.98,0.344,173722.4,Closed,2021-10-31
407,9150,Platinum,623555.85,0.595,371015.73,Closed,2025-07-08
408,2915,Signature,1119541.64,0.405,453414.36,Blocked,2023-11-12
409,6638,Signature,833137.47,0.244,203285.54,Active,2025-08-20
410,9942,Platinum,639954.51,0.196,125431.08,Blocked,2024-04-10
411,4482,Classic,118785.65,0.457,54285.04,Active,2024-10-02
412,9921,Signature,1154552.54,0.086,99291.52,Active,2023-06-12
413,1497,Gold,297805.13,0.036,10720.98,Active,2021-06-05
414,3130,Platinum,564241.58,0.303,170965.2,Active,2024-03-06
415,6363,Classic,79302.78,0.342,27121.55,Active,2024-10-18
416,8252,Gold,220486.47,0.479,105613.02,Active,2024-07-14
417,788,Classic,105014.72,0.261,27408.84,Active,2022-04-02
418,2546,Signature,1131630.06,0.404,457178.54,Active,2022-03-27
419,6859,Platinum,581724.44,0.269,156483.87,Active,2024-04-22
420,6450,Classic,124238.13,0.214,26586.96,Active,2024-11-23
421,6990,Gold,304696.0,0.361,109995.26,Active,2024-05-02
422,7542,Platinum,450781.12,0.395,178058.54,Active,2022-06-29
423,1765,Gold,281838.83,0.701,197569.02,Active,2025-04-18
424,8113,Platinum,575515.78,0.213,122584.86,Active,2023-02-07
425,7251,Platinum,449597.9,0.224,100709.93,Closed,2021-03-08
426,5790,Signature,1064842.21,0.52,553717.95,Blocked,2025-07-20
427,1156,Platinum,512429.3,0.179,91724.84,Closed,2024-08-11
428,4818,Gold,215673.18,0.169,36448.77,Blocked,2021-06-07
429,1690,Gold,266139.82,0.118,31404.5,Active,2024-08-24
430,8587,Signature,1126737.79,0.418,470976.4,Active,2022-12-01
431,9949,Signature,791366.28,0.251,198632.94,Active,2021-08-21
432,2746,Signature,932411.98,0.312,290912.54,Active,2021-03-08
433,7445,Platinum,504343.4,0.322,162398.57,Active,2022-02-06
434,5692,Classic,104341.7,0.218,22746.49,Active,2021-06-17
435,7139,Gold,227219.6,0.112,25448.6,Closed,2025-06-22
436,704,Gold,218705.93,0.454,99292.49,Active,2023-02-10
437,3555,Platinum,511284.27,0.303,154919.13,Active,2021-11-13
438,3297,Platinum,363153.91,0.119,43215.32,Closed,2021-03-11
439,8742,Signature,1062363.37,0.105,111548.15,Active,2023-03-21
440,9129,Signature,975679.04,0.338,329779.52,Active,2022-02-20
441,7120,Platinum,424221.19,0.172,72966.04,Active,2025-11-12
442,2198,Platinum,538887.52,0.392,211243.91,Active,2022-03-24
443,8498,Platinum,356741.19,0.304,108449.32,Closed,2025-11-01
444,2383,Gold,275162.49,0.346,95206.22,Active,2023-12-01
445,721,Signature,1087898.1,0.192,208876.44,Active,2021-09-06
446,9627,Signature,951959.44,0.043,40934.26,Active,2021-05-27
447,106,Classic,73081.46,0.18,13154.66,Active,2024-12-25
448,4152,Classic,97066.99,0.317,30770.24,Active,2024-04-06
449,1712,Classic,98018.45,0.168,16467.1,Blocked,2021-10-20
450,4802,Signature,1237756.33,0.078,96544.99,Active,2023-07-06
451,4458,Classic,87191.62,0.072,6277.8,Closed,2022-08-16
452,9735,Gold,190515.39,0.346,65918.32,Active,2025-01-01
453,2801,Classic,83017.3,0.09,7471.56,Blocked,2024-09-20
454,2539,Platinum,645924.31,0.283,182796.58,Active,2021-03-30
455,7539,Signature,958577.12,0.193,185005.38,Active,2022-07-22
456,8120,Signature,1165700.9,0.35,407995.31,Active,2021-09-07
457,5446,Platinum,353276.03,0.169,59703.65,Active,2022-11-26
458,3684,Signature,1059713.71,0.092,97493.66,Active,2023-03-17
459,8198,Signature,1151431.31,0.202,232589.12,Active,2023-08-01
460,8099,Gold,250075.88,0.042,10503.19,Closed,2024-08-22
461,137,Classic,79219.94,0.211,16715.41,Active,2022-07-23
462,8524,Gold,300479.11,0.031,9314.85,Active,2024-06-08
463,6511,Classic,74259.7,0.409,30372.22,Active,2022-01-12
464,7520,Signature,889063.61,0.197,175145.53,Active,2022-03-24
465,5095,Signature,1201634.76,0.067,80509.53,Closed,2022-01-11
466,6547,Classic,116513.59,0.456,53130.2,Closed,2022-11-20
467,7072,Gold,218022.74,0.193,42078.39,Active,2021-11-23
468,4277,Signature,929184.33,0.106,98493.54,Active,2024-10-05
469,6139,Gold,274683.09,0.303,83228.98,Active,2022-05-18
470,3329,Classic,81180.64,0.176,14287.79,Active,2024-11-19
471,7190,Classic,108459.3,0.325,35249.27,Active,2023-07-25
472,4744,Classic,112590.31,0.124,13961.2,Blocked,2022-12-26
473,2228,Signature,1241596.28,0.263,326539.82,Closed,2025-10-02
474,3001,Platinum,401834.87,0.081,32548.62,Active,2022-03-24
475,8996,Signature,839578.5,0.215,180509.38,Blocked,2022-08-12
476,1114,Signature,1135033.08,0.289,328024.56,Active,2025-07-14
477,2688,Classic,106124.01,0.427,45314.95,Active,2022-10-30
478,4606,Platinum,472798.89,0.356,168316.4,Blocked,2023-06-18
479,3624,Platinum,400821.09,0.414,165939.93,Closed,2025-01-05
480,165,Platinum,634426.34,0.631,400323.02,Active,2024-07-19
481,9832,Classic,113533.69,0.175,19868.4,Active,2024-05-24
482,2879,Signature,1285450.31,0.153,196673.9,Closed,2025-11-13
483,2332,Signature,882175.56,0.075,66163.17,Active,2023-10-19
484,2397,Platinum,649284.27,0.155,100639.06,Active,2021-08-27
485,571,Signature,1178196.03,0.147,173194.82,Active,2021-02-19
486,8505,Platinum,555438.56,0.146,81094.03,Active,2021-04-24
487,752,Signature,948906.63,0.424,402336.41,Active,2021-08-30
488,2079,Signature,708788.45,0.537,380619.4,Closed,2024-02-09
489,9145,Classic,127856.96,0.467,59709.2,Closed,2024-10-12
490,5659,Platinum,582116.33,0.344,200248.02,Active,2021-07-30
491,8917,Gold,228654.81,0.247,56477.74,Active,2023-11-16
492,6229,Classic,77597.3,0.518,40195.4,Active,2021-08-19
493,3911,Platinum,566786.08,0.205,116191.15,Active,2025-02-16
494,8765,Classic,91376.44,0.281,25676.78,Active,2024-07-14
495,5492,Gold,293396.57,0.283,83031.23,Active,2023-11-21
496,1400,Signature,1197645.14,0.57,682657.73,Blocked,2025-07-29
497,1076,Platinum,515219.8,0.737,379716.99,Closed,2022-06-01
498,7605,Platinum,614607.66,0.706,433913.01,Active,2023-04-04
499,8062,Signature,745310.9,0.522,389052.29,Blocked,2024-07-05
500,9140,Classic,105316.19,0.395,41599.9,Active,2021-08-22
501,8298,Classic,86540.72,0.156,13500.35,Active,2023-11-08
502,5687,Signature,853647.01,0.428,365360.92,Blocked,2022-07-09
503,2850,Classic,87508.21,0.638,55830.24,Active,2022-01-27
504,2384,Gold,240664.66,0.082,19734.5,Closed,2023-06-27
505,2994,Classic,117589.59,0.072,8466.45,Active,2025-10-08
506,5913,Platinum,417513.31,0.506,211261.73,Active,2023-12-01
507,1777,Signature,1055892.16,0.453,478319.15,Closed,2021-05-19
508,7332,Signature,782006.18,0.261,204103.61,Active,2025-10-05
509,4801,Platinum,619355.0,0.223,138116.17,Active,2022-12-25
510,2841,Gold,267791.83,0.494,132289.16,Closed,2023-05-20
511,8457,Classic,83151.39,0.155,12888.47,Blocked,2022-02-13
512,8677,Signature,1208867.62,0.113,136602.04,Blocked,2023-06-15
513,2067,Signature,797321.24,0.389,310157.96,Active,2023-01-01
514,5107,Classic,91549.26,0.436,39915.48,Blocked,2023-11-25
515,9471,Platinum,585639.57,0.46,269394.2,Active,2025-11-04
516,4143,Classic,102376.09,0.216,22113.24,Closed,2024-02-06
517,9088,Platinum,552677.07,0.389,214991.38,Closed,2022-10-11
518,3000,Classic,101762.86,0.256,26051.29,Blocked,2023-09-07
519,56,Signature,975160.81,0.259,252566.65,Active,2023-09-27
520,1352,Platinum,622695.89,0.622,387316.84,Closed,2025-02-01
521,2751,Gold,205107.76,0.638,130858.75,Blocked,2023-12-29
522,6084,Classic,72959.16,0.607,44286.21,Active,2024-06-24
523,9358,Gold,204563.58,0.357,73029.2,Active,2023-05-22
524,7165,Signature,901774.49,0.591,532948.72,Blocked,2023-08-24
525,5498,Platinum,636997.59,0.277,176448.33,Active,2023-12-02
526,4872,Platinum,638476.1,0.437,279014.06,Blocked,2022-04-16
527,9656,Platinum,634692.61,0.343,217699.57,Closed,2021-01-05
528,8946,Gold,253757.59,0.401,101756.79,Active,2022-12-03
529,7118,Signature,1130943.03,0.174,196784.09,Active,2023-02-20
530,6724,Classic,90748.88,0.076,6896.91,Active,2024-08-15
531,5785,Gold,264343.72,0.258,68200.68,Active,2023-03-03
532,608,Platinum,421046.35,0.323,135997.97,Closed,2023-04-20
533,5288,Gold,272783.26,0.317,86472.29,Closed,2021-08-21
534,9631,Classic,125338.32,0.225,28201.12,Active,2023-07-02
535,35,Signature,923949.46,0.241,222671.82,Active,2021-11-01
536,1444,Platinum,619413.34,0.173,107158.51,Active,2022-12-24
537,4768,Signature,1253540.9,0.088,110311.6,Active,2025-03-02
538,7704,Signature,1153509.04,0.158,182254.43,Closed,2022-12-17
539,3752,Signature,888956.55,0.149,132454.53,Active,2023-06-11
540,4405,Signature,1039635.57,0.451,468875.64,Active,2025-01-19
541,256,Gold,271046.65,0.194,52583.05,Active,2024-03-14
542,8212,Signature,949831.82,0.437,415076.51,Blocked,2025-08-12
543,5839,Classic,95364.16,0.401,38241.03,Active,2021-11-15
544,368,Platinum,515486.82,0.138,71137.18,Active,2021-06-03
545,9512,Classic,73784.16,0.039,2877.58,Active,2025-07-12
546,1949,Gold,301770.43,0.425,128252.43,Active,2021-12-19
547,3046,Classic,80198.48,0.586,46996.31,Active,2025-12-27
548,6533,Signature,1064443.98,0.565,601410.85,Blocked,2022-06-22
549,1852,Platinum,488684.27,0.414,202315.29,Active,2025-05-30
550,5108,Signature,1221865.03,0.427,521736.37,Blocked,2021-05-25
551,5147,Classic,84928.23,0.22,18684.21,Closed,2023-08-13
552,3052,Gold,278802.42,0.457,127412.71,Active,2021-06-02
553,2173,Gold,198772.07,0.377,74937.07,Closed,2021-03-30
554,7473,Gold,274470.76,0.495,135863.03,Active,2024-03-31
555,912,Signature,744295.19,0.276,205425.47,Active,2024-01-31
556,7320,Signature,805452.46,0.263,211834.0,Closed,2022-08-27
557,4653,Gold,223297.07,0.133,29698.51,Active,2021-09-20
558,8507,Classic,91816.36,0.048,4407.19,Closed,2025-04-25
559,7333,Platinum,541062.38,0.038,20560.37,Active,2021-06-10
560,7762,Signature,1175870.45,0.212,249284.54,Active,2022-11-19
561,4835,Platinum,366837.27,0.292,107116.48,Closed,2024-02-17
562,1148,Signature,1231209.21,0.268,329964.07,Active,2021-05-23
563,8093,Platinum,441951.63,0.47,207717.27,Active,2024-01-21
564,1455,Signature,1139367.53,0.353,402196.74,Active,2024-04-08
565,7828,Classic,114159.42,0.446,50915.1,Closed,2023-07-21
566,4652,Platinum,568648.99,0.09,51178.41,Active,2022-01-23
567,7324,Classic,89570.11,0.535,47920.01,Blocked,2021-07-20
568,7756,Gold,255819.07,0.476,121769.88,Closed,2021-06-30
569,527,Signature,1216505.24,0.316,384415.66,Closed,2025-10-03
570,922,Signature,971350.92,0.055,53424.3,Active,2023-01-22
571,4635,Gold,307492.64,0.432,132836.82,Active,2023-08-30
572,8665,Gold,187360.78,0.333,62391.14,Blocked,2025-12-08
573,3765,Platinum,563125.0,0.405,228065.63,Active,2024-07-12
574,971,Signature,790821.66,0.244,192960.49,Active,2024-12-01
575,921,Classic,94821.28,0.379,35937.27,Active,2025-06-23
576,8557,Platinum,403258.41,0.459,185095.61,Active,2025-04-17
577,2502,Signature,760452.19,0.1,76045.22,Blocked,2025-04-02
578,3484,Classic,95436.54,0.1,9543.65,Active,2025-03-12
579,4213,Classic,102378.66,0.197,20168.6,Closed,2024-08-10
580,854,Gold,244559.22,0.191,46710.81,Closed,2023-03-23
581,4376,Gold,236462.93,0.249,58879.27,Active,2021-07-18
582,8935,Classic,87129.22,0.041,3572.3,Closed,2025-01-17
583,6051,Classic,114085.05,0.366,41755.13,Active,2024-04-22
584,5374,Signature,1016605.47,0.362,368011.18,Active,2024-09-15
585,7418,Gold,220126.41,0.047,10345.94,Active,2022-11-22
586,9431,Platinum,539895.28,0.541,292083.35,Active,2024-12-15
587,8901,Signature,1252883.46,0.106,132805.65,Closed,2023-04-28
588,2516,Signature,758716.31,0.431,327006.73,Blocked,2021-06-05
589,5530,Platinum,613434.01,0.167,102443.48,Active,2023-02-22
590,4997,Classic,78904.14,0.34,26827.41,Closed,2024-11-09
591,2806,Signature,1071035.88,0.007,7497.25,Active,2022-10-31
592,5420,Classic,119701.35,0.095,11371.63,Active,2024-10-18
593,4239,Gold,217148.12,0.114,24754.89,Active,2025-03-06
594,7579,Classic,104461.52,0.13,13580.0,Active,2025-09-15
595,7138,Platinum,443406.49,0.175,77596.14,Closed,2025-07-19
596,5518,Platinum,633174.12,0.287,181720.97,Blocked,2022-02-06
597,2250,Classic,124046.16,0.211,26173.74,Active,2023-11-20
598,4105,Signature,1113199.03,0.53,589995.49,Active,2021-07-14
599,8676,Signature,1110604.85,0.547,607500.85,Active,2025-04-26
600,2697,Signature,766987.87,0.493,378125.02,Closed,2022-04-18
601,1284,Platinum,595107.39,0.185,110094.87,Active,2022-05-07
602,4308,Signature,1293571.19,0.143,184980.68,Active,2025-04-08
603,3019,Gold,265124.64,0.229,60713.54,Active,2022-06-02
604,6829,Signature,970833.05,0.141,136887.46,Active,2023-12-04
605,4031,Classic,100563.69,0.685,68886.13,Active,2023-03-24
606,869,Classic,101300.32,0.217,21982.17,Active,2024-01-03
607,2786,Platinum,556062.22,0.179,99535.14,Active,2022-03-01
608,4020,Platinum,513411.89,0.15,77011.78,Active,2021-06-27
609,3124,Gold,310360.85,0.08,24828.87,Active,2025-04-27
610,7301,Classic,125552.69,0.218,27370.49,Blocked,2021-08-12
611,83,Classic,112608.12,0.226,25449.44,Blocked,2022-07-02
612,1970,Classic,97275.36,0.378,36770.09,Active,2025-12-04
613,8460,Platinum,354701.5,0.62,219914.93,Active,2021-03-05
614,2103,Signature,1175576.28,0.411,483161.85,Active,2024-01-17
615,4910,Gold,245817.24,0.197,48426.0,Active,2021-09-09
616,2009,Signature,875215.3,0.145,126906.22,Active,2023-03-28
617,8630,Gold,284097.24,0.383,108809.24,Active,2025-02-08
618,6195,Gold,319101.93,0.378,120620.53,Active,2023-10-27
619,8160,Platinum,634872.47,0.349,221570.49,Active,2023-09-22
620,2770,Platinum,533871.4,0.24,128129.14,Closed,2022-06-22
621,5518,Classic,83569.21,0.123,10279.01,Active,2025-06-11
622,6169,Gold,280510.47,0.495,138852.68,Active,2024-05-26
623,6018,Signature,1201038.88,0.237,284646.21,Active,2021-12-08
624,5386,Signature,1127092.36,0.172,193859.89,Active,2023-08-30
625,3063,Classic,107004.1,0.048,5136.2,Active,2022-07-01
626,171,Signature,1176419.29,0.188,221166.83,Active,2022-04-04
627,9881,Classic,115709.34,0.124,14347.96,Active,2024-09-21
628,106,Gold,298955.54,0.082,24514.35,Closed,2024-02-04
629,70,Platinum,429192.13,0.187,80258.93,Closed,2022-10-29
630,1179,Signature,1200898.55,0.057,68451.22,Blocked,2025-04-09
631,3167,Gold,307024.55,0.089,27325.18,Closed,2025-09-06
632,9085,Signature,1120981.45,0.152,170389.18,Active,2023-09-13
633,5721,Gold,196484.72,0.289,56784.08,Active,2022-03-15
634,627,Platinum,568869.91,0.369,209913.0,Active,2025-01-06
635,7612,Classic,76622.36,0.296,22680.22,Active,2023-03-16
636,4775,Classic,85081.84,0.146,12421.95,Blocked,2025-12-13
637,2864,Platinum,400475.0,0.249,99718.27,Blocked,2024-03-22
638,8457,Gold,249404.54,0.213,53123.17,Active,2024-07-02
639,3345,Gold,276876.68,0.109,30179.56,Closed,2022-10-22
640,3829,Classic,91908.77,0.372,34190.06,Closed,2024-11-04
641,5503,Gold,195441.88,0.377,73681.59,Active,2022-07-11
642,3036,Classic,114591.74,0.581,66577.8,Closed,2022-01-30
643,4173,Platinum,430102.54,0.247,106235.33,Blocked,2024-03-28
644,6591,Classic,79618.43,0.482,38376.08,Closed,2025-08-12
645,8744,Classic,113127.68,0.12,13575.32,Blocked,2024-09-23
646,2687,Classic,81181.22,0.119,9660.57,Closed,2024-11-24
647,9209,Gold,220234.9,0.53,116724.5,Active,2025-10-05
648,4505,Platinum,590980.09,0.262,154836.78,Active,2024-12-15
649,6827,Gold,271792.43,0.21,57076.41,Active,2022-08-07
650,7778,Signature,962074.63,0.511,491620.14,Active,2022-10-15
651,4450,Platinum,510420.59,0.079,40323.23,Active,2023-11-07
652,6380,Platinum,538182.13,0.157,84494.59,Blocked,2023-08-18
653,8353,Platinum,643840.38,0.1,64384.04,Active,2025-09-21
654,250,Signature,869274.59,0.289,251220.36,Blocked,2024-03-28
655,6727,Gold,294649.45,0.36,106073.8,Closed,2021-05-26
656,710,Platinum,490672.59,0.359,176151.46,Active,2025-02-12
657,130,Platinum,444053.38,0.133,59059.1,Active,2022-03-21
658,7064,Gold,324361.39,0.228,73954.4,Active,2024-10-30
659,6180,Gold,291487.63,0.345,100563.23,Active,2023-09-27
660,2244,Gold,277038.97,0.409,113308.94,Active,2022-06-21
661,7670,Classic,128300.91,0.401,51448.66,Active,2024-06-20
662,6959,Platinum,461565.49,0.454,209550.73,Active,2021-02-03
663,9661,Platinum,542093.58,0.111,60172.39,Closed,2025-10-12
664,1061,Classic,74119.42,0.456,33798.46,Blocked,2023-06-10
665,9582,Gold,214130.97,0.254,54389.27,Active,2022-07-14
666,2430,Signature,969135.41,0.139,134709.82,Blocked,2021-03-23
667,1024,Gold,228430.26,0.173,39518.43,Blocked,2024-08-01
668,1703,Gold,211299.15,0.09,19016.92,Active,2021-11-09
669,8258,Gold,208371.39,0.18,37506.85,Active,2025-10-08
670,4177,Signature,769918.9,0.126,97009.78,Blocked,2022-04-30
671,3168,Classic,80411.84,0.193,15519.49,Active,2024-11-25
672,625,Classic,104574.13,0.208,21751.42,Active,2021-09-14
673,1606,Gold,308293.68,0.103,31754.25,Active,2024-09-05
674,7725,Gold,213619.64,0.21,44860.12,Active,2024-05-26
675,482,Gold,238777.5,0.19,45367.72,Active,2022-01-07
676,4276,Classic,126432.15,0.284,35906.73,Active,2025-08-28
677,9141,Gold,289673.76,0.347,100516.79,Blocked,2021-02-03
678,3698,Classic,88704.51,0.3,26611.35,Closed,2022-06-27
679,2296,Gold,176048.66,0.229,40315.14,Closed,2022-05-01
680,9625,Classic,108097.81,0.236,25511.08,Active,2023-07-31
681,5483,Signature,1225115.24,0.403,493721.44,Active,2022-03-23
682,3928,Platinum,551767.92,0.512,282505.18,Active,2023-07-03
683,9168,Gold,224187.93,0.242,54253.48,Active,2021-01-09
684,2367,Gold,250190.91,0.306,76558.42,Active,2022-04-21
685,3746,Gold,324479.59,0.46,149260.61,Closed,2022-04-04
686,139,Gold,298596.85,0.352,105106.09,Active,2021-12-20
687,9414,Gold,270492.08,0.067,18122.97,Active,2025-12-31
688,6712,Platinum,562256.28,0.04,22490.25,Active,2021-03-26
689,8832,Classic,109123.54,0.481,52488.42,Blocked,2025-12-21
690,2120,Classic,117731.9,0.169,19896.69,Blocked,2025-01-04
691,2149,Classic,101362.82,0.242,24529.8,Closed,2021-04-13
692,5383,Classic,118544.83,0.44,52159.73,Active,2021-06-02
693,4853,Classic,104389.57,0.623,65034.7,Active,2021-02-11
694,3957,Platinum,410876.2,0.272,111758.33,Active,2021-03-21
695,9298,Classic,98285.97,0.373,36660.67,Blocked,2025-11-07
696,7124,Signature,851116.8,0.281,239163.82,Active,2024-05-17
697,2501,Classic,88890.39,0.213,18933.65,Closed,2022-08-26
698,1533,Platinum,451761.67,0.343,154954.25,Active,2021-09-24
699,6700,Gold,209645.09,0.352,73795.07,Blocked,2021-12-01
700,4863,Signature,1205919.67,0.395,476338.27,Active,2022-06-12
701,8687,Gold,202893.31,0.159,32260.04,Active,2021-09-13
702,988,Gold,200831.15,0.358,71897.55,Active,2025-02-16
703,14,Signature,765192.15,0.288,220375.34,Active,2024-01-02
704,6076,Gold,218729.06,0.32,69993.3,Active,2024-07-14
705,6489,Gold,320161.65,0.384,122942.07,Active,2022-03-16
706,4434,Gold,301776.14,0.108,32591.82,Closed,2022-09-13
707,3353,Classic,83997.14,0.358,30070.98,Active,2021-01-06
708,7509,Signature,1263981.06,0.103,130190.05,Active,2022-09-24
709,3667,Signature,1056394.32,0.328,346497.34,Active,2022-03-18
710,9785,Platinum,457284.61,0.064,29266.22,Active,2023-10-29
711,4076,Signature,1233930.78,0.201,248020.09,Blocked,2021-02-27
712,7780,Platinum,600024.7,0.45,270011.11,Active,2021-08-27
713,6164,Signature,799706.09,0.301,240711.53,Active,2021-07-27
714,2625,Platinum,558869.19,0.349,195045.35,Active,2023-09-28
715,4726,Signature,868077.25,0.384,333341.66,Active,2023-03-06
716,6762,Gold,226860.85,0.294,66697.09,Active,2025-01-26
717,3941,Platinum,455606.04,0.361,164473.78,Blocked,2022-04-11
718,4862,Classic,105828.09,0.071,7513.79,Active,2025-05-25
719,9654,Classic,93226.42,0.2,18645.28,Active,2025-04-20
720,2914,Classic,116790.17,0.34,39708.66,Active,2023-03-31
721,5124,Classic,120024.7,0.045,5401.11,Active,2024-08-06
722,6047,Gold,201425.31,0.528,106352.56,Blocked,2025-12-20
723,3533,Signature,1293299.12,0.176,227620.65,Active,2021-03-07
724,8843,Platinum,596704.74,0.299,178414.72,Active,2021-01-10
725,2519,Platinum,420617.35,0.078,32808.15,Active,2021-12-13
726,9374,Platinum,368538.07,0.222,81815.45,Blocked,2021-11-10
727,8375,Platinum,488470.89,0.272,132864.08,Closed,2021-12-12
728,1459,Signature,961645.67,0.262,251951.17,Active,2021-01-17
729,7352,Classic,79332.06,0.063,4997.92,Blocked,2023-07-01
730,7621,Gold,263868.72,0.148,39052.57,Closed,2024-05-10
731,8525,Gold,226759.61,0.835,189344.27,Closed,2025-01-25
732,5953,Gold,186933.31,0.34,63557.33,Active,2024-12-04
733,4562,Classic,74055.04,0.131,9701.21,Blocked,2025-07-29
734,1140,Platinum,621871.23,0.355,220764.29,Active,2021-08-01
735,4603,Platinum,382243.46,0.053,20258.9,Closed,2025-06-28
736,8155,Signature,1018658.5,0.292,297448.28,Active,2021-02-01
737,3678,Signature,1093058.87,0.17,185820.01,Blocked,2025-01-16
738,7628,Classic,109155.01,0.246,26852.13,Blocked,2023-06-22
739,2158,Platinum,360053.86,0.368,132499.82,Closed,2021-08-11
740,3431,Gold,262997.55,0.391,102832.04,Active,2024-07-29
741,8137,Platinum,376660.99,0.269,101321.81,Active,2021-12-24
742,4257,Platinum,436929.39,0.228,99619.9,Active,2023-01-19
743,8182,Platinum,499015.01,0.382,190623.73,Closed,2022-02-25
744,2835,Gold,188119.04,0.507,95376.35,Closed,2022-09-28
745,1968,Signature,834620.28,0.186,155239.37,Active,2025-06-08
746,5347,Signature,1122905.29,0.167,187525.18,Closed,2021-04-27
747,1864,Classic,111664.98,0.036,4019.94,Active,2024-10-20
748,6911,Gold,213695.7,0.244,52141.75,Blocked,2024-05-26
749,8477,Classic,126563.18,0.36,45562.74,Active,2024-12-12
750,6480,Gold,205987.57,0.183,37695.73,Active,2022-07-26
751,9530,Classic,72980.38,0.654,47729.17,Active,2022-12-30
752,5098,Gold,250288.93,0.289,72333.5,Blocked,2022-07-18
753,676,Classic,85909.23,0.22,18900.03,Blocked,2024-03-26
754,12,Classic,91201.38,0.113,10305.76,Blocked,2022-04-17
755,1464,Gold,320218.29,0.155,49633.83,Active,2024-06-22
756,9156,Gold,214070.31,0.326,69786.92,Active,2022-06-21
757,498,Classic,115015.66,0.129,14837.02,Blocked,2024-11-20
758,6373,Gold,222981.96,0.116,25865.91,Active,2023-11-07
759,1007,Classic,90412.4,0.327,29564.85,Active,2021-02-25
760,1921,Signature,843993.54,0.207,174706.66,Active,2024-08-27
761,118,Signature,946528.91,0.169,159963.39,Active,2024-01-26
762,8088,Signature,702587.43,0.246,172836.51,Closed,2023-03-07
763,3531,Platinum,387393.19,0.052,20144.45,Blocked,2024-07-26
764,4570,Gold,320824.06,0.122,39140.54,Blocked,2021-03-05
765,529,Signature,879347.04,0.305,268200.85,Active,2025-10-14
766,9798,Gold,193982.33,0.285,55284.96,Active,2024-05-20
767,5012,Signature,758226.0,0.262,198655.21,Active,2021-10-19
768,4444,Classic,78121.14,0.303,23670.71,Closed,2023-04-24
769,2504,Signature,1193128.15,0.206,245784.4,Active,2024-08-07
770,6817,Signature,935280.52,0.409,382529.73,Active,2025-11-13
771,4370,Gold,237321.1,0.245,58143.67,Active,2021-11-02
772,9439,Gold,221029.58,0.678,149858.06,Active,2022-03-10
773,2575,Gold,314354.6,0.143,44952.71,Active,2022-01-12
774,8054,Platinum,598305.53,0.012,7179.67,Active,2021-05-04
775,9252,Signature,1009624.66,0.309,311974.02,Active,2025-04-16
776,9586,Gold,185034.41,0.392,72533.49,Active,2024-04-14
777,4177,Gold,299907.28,0.194,58182.01,Active,2024-05-21
778,566,Signature,717953.08,0.425,305130.06,Active,2023-01-19
779,7142,Signature,961662.4,0.195,187524.17,Closed,2022-09-21
780,8044,Signature,912720.67,0.092,83970.3,Active,2024-03-27
781,1220,Signature,1293259.93,0.175,226320.49,Closed,2023-03-03
782,8513,Classic,83057.94,0.375,31146.73,Active,2025-01-05
783,1691,Gold,192767.96,0.34,65541.11,Active,2024-02-14
784,8013,Platinum,491385.76,0.311,152820.97,Closed,2021-11-26
785,647,Classic,107590.26,0.341,36688.28,Active,2024-07-20
786,7044,Classic,101315.74,0.263,26646.04,Blocked,2023-07-28
787,2544,Classic,73821.69,0.258,19046.0,Active,2023-07-31
788,8787,Platinum,378456.58,0.136,51470.09,Active,2021-01-14
789,5098,Signature,1105855.43,0.19,210112.53,Blocked,2023-01-31
790,1313,Platinum,365186.92,0.051,18624.53,Active,2022-11-13
791,8600,Signature,975882.85,0.283,276174.85,Active,2024-11-04
792,187,Gold,279706.5,0.414,115798.49,Active,2022-10-30
793,7878,Platinum,646013.93,0.538,347555.49,Active,2023-12-17
794,9684,Classic,110744.61,0.492,54486.35,Active,2022-02-02
795,2611,Signature,1240852.29,0.847,1051001.89,Blocked,2021-09-03
796,2685,Signature,1294538.03,0.048,62137.83,Blocked,2022-03-01
797,5736,Platinum,549249.1,0.213,116990.06,Closed,2025-01-09
798,6068,Gold,253554.38,0.436,110549.71,Closed,2023-03-23
799,4817,Gold,222791.04,0.108,24061.43,Active,2023-09-24
800,5854,Platinum,589628.05,0.305,179836.56,Blocked,2022-07-21
801,7269,Signature,985223.78,0.267,263054.75,Active,2021-07-12
802,8540,Platinum,522006.66,0.323,168608.15,Active,2022-07-06
803,392,Platinum,541360.0,0.099,53594.64,Active,2021-12-07
804,3253,Signature,797703.25,0.298,237715.57,Blocked,2024-08-03
805,5266,Classic,97408.3,0.427,41593.34,Closed,2025-01-03
806,500,Gold,178154.48,0.276,49170.64,Active,2022-12-11
807,8719,Gold,195257.93,0.188,36708.49,Active,2025-12-29
808,1627,Platinum,610656.19,0.608,371278.96,Closed,2023-12-25
809,2735,Classic,79347.82,0.365,28961.95,Active,2021-01-26
810,1736,Gold,264452.27,0.248,65584.16,Blocked,2022-07-03
811,1391,Signature,1010417.07,0.455,459739.77,Active,2023-04-08
812,2091,Gold,258687.27,0.116,30007.72,Active,2023-10-15
813,8686,Classic,87401.69,0.596,52091.41,Active,2023-12-23
814,2290,Platinum,539881.52,0.327,176541.26,Active,2025-07-10
815,8465,Classic,117152.03,0.333,39011.63,Closed,2021-11-30
816,9006,Gold,266884.26,0.392,104618.63,Blocked,2024-01-19
817,6979,Classic,99793.99,0.23,22952.62,Active,2021-01-17
818,4993,Classic,127205.74,0.616,78358.74,Active,2024-03-07
819,1455,Gold,198955.61,0.057,11340.47,Active,2021-04-17
820,680,Signature,1138432.93,0.338,384790.33,Active,2023-01-16
821,5564,Gold,178285.75,0.518,92352.02,Active,2024-12-13
822,9234,Signature,908736.38,0.596,541606.88,Active,2024-06-28
823,2743,Gold,307057.98,0.262,80449.19,Blocked,2022-06-09
824,562,Platinum,391590.06,0.279,109253.63,Active,2021-07-30
825,3260,Classic,76915.22,0.152,11691.11,Active,2024-11-07
826,9780,Classic,115096.09,0.162,18645.57,Active,2022-04-10
827,8966,Platinum,587213.9,0.535,314159.44,Active,2025-08-13
828,4618,Signature,923668.09,0.364,336215.18,Closed,2024-05-23
829,6637,Gold,178044.85,0.289,51454.96,Closed,2023-03-19
830,1602,Gold,236347.47,0.127,30016.13,Active,2023-02-04
831,7413,Gold,234582.36,0.263,61695.16,Active,2025-06-16
832,5674,Signature,1052910.16,0.634,667545.04,Closed,2022-03-12
833,6376,Gold,307623.58,0.275,84596.48,Active,2025-11-05
834,3794,Classic,113554.99,0.31,35202.05,Active,2024-01-09
835,217,Classic,79863.64,0.151,12059.41,Active,2021-11-05
836,8807,Classic,114461.2,0.363,41549.42,Active,2021-05-26
837,703,Gold,305606.23,0.311,95043.54,Blocked,2025-01-28
838,5657,Classic,124296.05,0.276,34305.71,Blocked,2025-01-03
839,5207,Signature,1236363.08,0.215,265818.06,Active,2022-08-11
840,3242,Signature,885492.16,0.188,166472.53,Active,2024-02-13
841,2224,Gold,272910.93,0.285,77779.62,Active,2021-09-21
842,7123,Signature,1219723.0,0.184,224429.03,Closed,2023-07-22
843,6508,Platinum,440590.1,0.377,166102.47,Active,2023-04-04
844,7427,Platinum,450797.75,0.418,188433.46,Active,2022-07-26
845,581,Signature,722479.38,0.167,120654.06,Active,2024-03-28
846,8152,Gold,247529.37,0.108,26733.17,Active,2024-10-01
847,3013,Gold,268104.16,0.098,26274.21,Closed,2025-03-29
848,5588,Gold,254529.33,0.101,25707.46,Active,2023-06-08
849,6017,Classic,91418.35,0.379,34647.55,Active,2025-11-30
850,2951,Classic,77578.74,0.023,1784.31,Active,2023-03-03
851,7173,Classic,76699.38,0.176,13499.09,Closed,2022-01-18
852,9904,Gold,221506.6,0.131,29017.36,Active,2021-11-01
853,9995,Signature,1044677.58,0.396,413692.32,Active,2021-04-03
854,5780,Platinum,486225.77,0.522,253809.85,Closed,2022-10-24
855,4374,Platinum,560111.53,0.32,179235.69,Blocked,2022-10-28
856,6721,Signature,1168977.66,0.557,651120.56,Blocked,2022-04-27
857,7584,Classic,100847.7,0.356,35901.78,Active,2021-03-02
858,1696,Classic,86635.1,0.193,16720.57,Active,2024-06-21
859,698,Signature,739821.17,0.196,145004.95,Blocked,2023-06-09
860,4347,Gold,306254.32,0.352,107801.52,Active,2024-10-22
861,2288,Gold,208312.17,0.281,58535.72,Closed,2022-07-03
862,5746,Classic,101174.53,0.283,28632.39,Blocked,2025-12-21
863,3291,Platinum,635325.97,0.462,293520.6,Blocked,2024-01-31
864,8229,Signature,922212.3,0.172,158620.52,Closed,2021-07-16
865,3366,Platinum,404265.49,0.156,63065.42,Active,2022-02-19
866,7564,Platinum,525841.65,0.098,51532.48,Active,2021-06-03
867,2081,Signature,1136138.99,0.145,164740.15,Closed,2025-07-13
868,188,Platinum,608172.5,0.175,106430.19,Closed,2025-05-16
869,284,Signature,908150.6,0.812,737418.29,Active,2023-05-19
870,8976,Classic,80832.94,0.24,19399.91,Active,2024-07-21
871,3267,Signature,986244.31,0.037,36491.04,Blocked,2024-09-02
872,9888,Platinum,621090.81,0.111,68941.08,Active,2025-01-19
873,403,Platinum,633330.97,0.194,122866.21,Closed,2025-09-07
874,6539,Classic,87895.78,0.257,22589.22,Active,2021-06-09
875,3239,Platinum,636393.17,0.523,332833.63,Active,2024-10-06
876,9805,Platinum,503362.76,0.227,114263.35,Active,2023-05-05
877,4590,Platinum,610256.36,0.514,313671.77,Active,2022-05-28
878,3614,Signature,820626.02,0.097,79600.72,Blocked,2024-08-28
879,5404,Signature,967062.09,0.486,469992.18,Active,2024-06-01
880,3211,Gold,252976.62,0.123,31116.12,Active,2023-12-06
881,2449,Gold,246931.93,0.194,47904.79,Active,2023-04-19
882,5977,Signature,860659.51,0.156,134262.88,Blocked,2021-06-25
883,9903,Gold,303006.08,0.061,18483.37,Active,2025-06-23
884,6498,Classic,109430.29,0.185,20244.6,Closed,2025-07-14
885,5829,Classic,83210.8,0.201,16725.37,Active,2024-11-10
886,4094,Gold,233445.66,0.351,81939.43,Active,2022-06-20
887,9331,Gold,239878.66,0.168,40299.61,Blocked,2022-07-22
888,9138,Classic,79114.22,0.159,12579.16,Blocked,2023-10-04
889,9030,Platinum,534564.2,0.139,74304.42,Blocked,2022-05-06
890,5731,Platinum,579800.66,0.604,350199.6,Closed,2022-07-23
891,7707,Classic,99900.84,0.618,61738.72,Closed,2021-07-17
892,7398,Platinum,432336.43,0.434,187634.01,Active,2024-05-27
893,5964,Gold,201818.74,0.285,57518.34,Active,2024-09-22
894,9703,Signature,773671.35,0.395,305600.18,Active,2021-09-09
895,4234,Platinum,493226.28,0.383,188905.67,Active,2025-12-21
896,7158,Classic,86642.45,0.342,29631.72,Closed,2023-10-29
897,3105,Gold,318871.77,0.268,85457.63,Active,2021-01-21
898,257,Platinum,409707.28,0.221,90545.31,Closed,2024-11-23
899,4909,Gold,310949.8,0.152,47264.37,Active,2025-06-22
900,715,Gold,178478.12,0.17,30341.28,Active,2025-04-01
901,3442,Platinum,546916.81,0.162,88600.52,Active,2024-09-29
902,8702,Signature,876628.56,0.461,404125.77,Active,2023-05-21
903,5668,Signature,773172.83,0.443,342515.56,Blocked,2025-11-21
904,5866,Classic,125842.46,0.276,34732.52,Active,2025-06-23
905,1890,Platinum,537016.56,0.482,258841.98,Active,2021-05-27
906,7259,Signature,1071822.03,0.353,378353.18,Active,2024-12-20
907,6942,Signature,1127790.37,0.304,342848.27,Active,2024-10-04
908,4242,Gold,268949.16,0.339,91173.77,Active,2021-04-28
909,8635,Signature,1140237.24,0.608,693264.24,Closed,2022-11-27
910,2526,Platinum,411111.65,0.033,13566.68,Active,2022-12-15
911,182,Platinum,527993.45,0.564,297788.31,Active,2022-09-18
912,1197,Signature,1215386.19,0.357,433892.87,Active,2023-02-11
913,3074,Signature,972573.92,0.573,557284.86,Active,2023-08-23
914,8104,Classic,121246.25,0.292,35403.9,Blocked,2022-11-22
915,3255,Signature,1154439.18,0.208,240123.35,Active,2024-04-06
916,9368,Classic,106373.77,0.637,67760.09,Active,2022-08-26
917,704,Gold,230084.66,0.38,87432.17,Active,2024-02-17
918,3230,Classic,85913.9,0.32,27492.45,Active,2021-12-25
919,2864,Classic,86318.2,0.263,22701.69,Blocked,2025-02-06
920,4285,Classic,102177.52,0.545,55686.75,Active,2021-05-21
921,5483,Platinum,402809.54,0.154,62032.67,Blocked,2025-04-25
922,4250,Platinum,485625.87,0.018,8741.27,Active,2025-09-09
923,2741,Gold,271609.26,0.425,115433.94,Active,2021-07-21
924,6101,Platinum,407272.9,0.08,32581.83,Blocked,2023-04-15
925,55,Signature,853548.79,0.351,299595.63,Active,2024-12-12
926,9152,Gold,254647.14,0.27,68754.73,Blocked,2021-11-08
927,7413,Signature,944947.73,0.4,377979.09,Closed,2025-03-28
928,7013,Platinum,527687.56,0.18,94983.76,Active,2023-06-04
929,4800,Classic,71520.44,0.238,17021.86,Active,2025-03-11
930,2730,Platinum,427499.37,0.069,29497.46,Blocked,2024-04-15
931,2411,Gold,190046.33,0.616,117068.54,Active,2024-07-12
932,5423,Classic,95653.37,0.046,4400.06,Closed,2021-08-03
933,3937,Classic,106621.16,0.594,63332.97,Active,2025-07-26
934,6706,Platinum,514244.17,0.259,133189.24,Blocked,2025-08-23
935,2416,Gold,233882.79,0.441,103142.31,Closed,2021-10-11
936,4343,Classic,76761.4,0.234,17962.17,Active,2021-02-01
937,7458,Gold,308263.95,0.323,99569.26,Blocked,2022-10-23
938,5092,Platinum,515577.84,0.135,69603.01,Closed,2022-10-28
939,9254,Gold,276165.66,0.185,51090.65,Active,2025-11-11
940,630,Platinum,369208.62,0.293,108178.13,Active,2025-01-21
941,6715,Classic,107433.6,0.084,9024.42,Closed,2022-07-18
942,9591,Classic,99251.67,0.022,2183.54,Active,2025-09-03
943,5222,Classic,72903.55,0.224,16330.4,Active,2021-12-06
944,3015,Signature,776909.16,0.115,89344.55,Active,2021-03-09
945,1548,Gold,323161.36,0.306,98887.38,Blocked,2021-03-13
946,1394,Platinum,604102.96,0.215,129882.14,Active,2023-07-23
947,3144,Signature,890316.85,0.167,148682.91,Closed,2022-05-14
948,171,Classic,70971.45,0.146,10361.83,Closed,2024-10-03
949,3175,Signature,1189128.72,0.606,720612.0,Blocked,2021-02-14
950,2836,Platinum,391255.65,0.342,133809.43,Active,2021-08-20
951,7960,Gold,230601.89,0.205,47273.39,Closed,2023-04-08
952,8266,Signature,990924.16,0.392,388442.27,Active,2023-10-25
953,8828,Gold,220120.14,0.77,169492.51,Active,2024-06-03
954,6318,Platinum,494465.66,0.195,96420.8,Closed,2025-03-12
955,7909,Gold,208889.37,0.188,39271.2,Active,2023-04-12
956,5070,Signature,767706.73,0.308,236453.67,Closed,2021-02-23
957,6440,Signature,867501.88,0.108,93690.2,Active,2023-05-08
958,5732,Classic,108646.73,0.316,34332.37,Blocked,2022-04-27
959,7035,Classic,83311.99,0.386,32158.43,Active,2022-07-16
960,3549,Signature,1041383.5,0.02,20827.67,Active,2024-11-03
961,107,Classic,79112.17,0.213,16850.89,Active,2025-01-21
962,4080,Platinum,383483.54,0.107,41032.74,Active,2025-11-11
963,2505,Classic,86472.03,0.571,49375.53,Blocked,2022-09-14
964,1217,Classic,118020.16,0.106,12510.14,Closed,2021-08-14
965,8015,Signature,991347.24,0.154,152667.47,Active,2025-01-23
966,2052,Signature,1054516.57,0.238,250974.94,Blocked,2025-04-11
967,9958,Classic,117508.13,0.038,4465.31,Active,2025-03-27
968,6902,Platinum,409078.93,0.561,229493.28,Closed,2024-12-09
969,9219,Classic,103711.91,0.135,14001.11,Closed,2022-11-16
970,5209,Classic,120172.19,0.132,15862.73,Active,2022-08-25
971,5880,Platinum,555815.99,0.267,148402.87,Active,2025-04-17
972,2296,Gold,317106.95,0.223,70714.85,Active,2024-04-18
973,5982,Platinum,583030.15,0.456,265861.75,Active,2021-02-26
974,1998,Classic,115310.14,0.159,18334.31,Active,2021-01-30
975,5062,Platinum,629117.3,0.201,126452.58,Blocked,2025-06-04
976,8604,Platinum,467580.46,0.691,323098.1,Blocked,2021-01-21
977,5744,Platinum,492933.09,0.236,116332.21,Active,2024-03-17
978,6330,Platinum,376175.44,0.307,115485.86,Active,2023-08-17
979,3188,Platinum,512813.02,0.44,225637.73,Blocked,2025-01-23
980,4943,Platinum,408751.35,0.555,226857.0,Active,2024-09-21
981,9542,Signature,767412.33,0.509,390612.88,Active,2024-01-13
982,6178,Classic,121376.67,0.214,25974.61,Active,2022-11-25
983,9536,Signature,987845.57,0.365,360563.63,Active,2024-02-26
984,4948,Platinum,568437.62,0.189,107434.71,Blocked,2021-12-27
985,3360,Gold,184141.42,0.089,16388.59,Blocked,2022-04-07
986,3752,Signature,986411.53,0.115,113437.33,Closed,2024-08-07
987,2820,Platinum,540789.8,0.15,81118.47,Blocked,2021-07-01
988,6852,Signature,792787.26,0.061,48360.02,Blocked,2021-11-16
989,1188,Platinum,616540.55,0.23,141804.33,Closed,2022-04-20
990,1194,Gold,285252.32,0.019,5419.79,Blocked,2022-09-17
991,4066,Classic,127759.6,0.229,29256.95,Closed,2022-06-19
992,8586,Signature,1173096.07,0.418,490354.16,Blocked,2022-03-21
993,6745,Signature,701099.0,0.196,137415.4,Active,2023-08-04
994,5936,Classic,84873.0,0.338,28687.07,Active,2022-02-07
995,7906,Gold,178167.7,0.392,69841.74,Blocked,2024-02-17
996,6205,Signature,1196151.55,0.184,220091.89,Blocked,2021-05-24
997,6760,Classic,119586.09,0.467,55846.7,Closed,2023-01-13
998,1384,Gold,176751.15,0.488,86254.56,Blocked,2022-07-25
999,1640,Platinum,478137.36,0.302,144397.48,Active,2025-04-17
1000,9128,Gold,192001.16,0.053,10176.06,Blocked,2025-01-21
1001,9343,Platinum,536066.06,0.143,76657.45,Active,2021-02-28
1002,2110,Platinum,575620.99,0.154,88645.63,Closed,2022-07-15
1003,2126,Platinum,541813.0,0.628,340258.56,Closed,2021-11-26
1004,6838,Classic,87634.36,0.456,39961.27,Closed,2023-12-15
1005,4876,Platinum,452863.76,0.42,190202.78,Blocked,2021-04-23
1006,4938,Classic,114174.21,0.291,33224.7,Closed,2021-01-17
1007,1380,Classic,120667.35,0.518,62505.69,Active,2022-03-19
1008,6066,Classic,100440.21,0.244,24507.41,Closed,2021-05-04
1009,5998,Gold,312025.28,0.076,23713.92,Blocked,2023-04-08
1010,8463,Gold,284760.59,0.185,52680.71,Closed,2023-07-28
1011,3065,Classic,71673.96,0.13,9317.61,Active,2022-04-05
1012,1373,Platinum,483818.67,0.076,36770.22,Active,2023-09-05
1013,9267,Signature,1295059.0,0.327,423484.29,Active,2023-10-01
1014,3693,Gold,177295.53,0.22,39005.02,Active,2023-06-22
1015,6343,Gold,324503.33,0.312,101245.04,Active,2024-02-10
1016,2785,Signature,1104458.69,0.178,196593.65,Active,2023-02-14
1017,442,Gold,314186.07,0.66,207362.81,Blocked,2023-09-07
1018,9361,Classic,86145.58,0.32,27566.59,Blocked,2025-04-10
1019,8362,Classic,106920.85,0.254,27157.9,Active,2024-04-07
1020,1208,Signature,1232735.26,0.445,548567.19,Closed,2021-08-15
1021,2500,Signature,775302.81,0.652,505497.43,Active,2021-06-03
1022,7565,Platinum,479540.48,0.337,161605.14,Active,2024-01-24
1023,8644,Platinum,388167.17,0.381,147891.69,Closed,2022-10-20
1024,5426,Platinum,432419.96,0.204,88213.67,Active,2023-04-16
1025,3649,Platinum,645672.63,0.229,147859.03,Active,2022-09-29
1026,7272,Classic,71251.73,0.237,16886.66,Active,2025-05-17
1027,9901,Platinum,354058.22,0.235,83203.68,Active,2024-06-06
1028,5450,Gold,318485.97,0.17,54142.61,Active,2022-12-23
1029,3836,Signature,721066.71,0.556,400913.09,Blocked,2024-04-10
1030,77,Platinum,536344.79,0.222,119068.54,Active,2024-05-16
1031,6409,Classic,98680.07,0.17,16775.61,Active,2021-04-07
1032,382,Signature,940732.49,0.309,290686.34,Active,2022-05-12
1033,2288,Signature,1102859.4,0.203,223880.46,Closed,2025-01-11
1034,822,Gold,307945.87,0.165,50811.07,Closed,2021-03-30
1035,8287,Gold,212066.17,0.653,138479.21,Active,2024-05-10
1036,3643,Classic,117149.1,0.367,42993.72,Active,2023-06-12
1037,1345,Signature,1179614.74,0.278,327932.9,Active,2022-05-15
1038,670,Gold,292622.88,0.397,116171.28,Closed,2024-01-23
1039,4208,Classic,129903.75,0.55,71447.06,Active,2025-12-04
1040,4885,Gold,269106.24,0.162,43595.21,Closed,2021-03-08
1041,7099,Platinum,612757.0,0.245,150125.46,Active,2025-11-30
1042,2977,Gold,233847.68,0.243,56824.99,Closed,2024-08-02
1043,400,Platinum,522272.81,0.108,56405.46,Active,2023-05-02
1044,2788,Classic,78928.93,0.262,20679.38,Active,2023-08-24
1045,2670,Classic,94412.06,0.361,34082.75,Active,2024-07-21
1046,2487,Classic,90317.41,0.588,53106.64,Blocked,2025-07-16
1047,4641,Gold,275031.21,0.269,73983.4,Active,2025-03-13
1048,4029,Platinum,529350.31,0.237,125456.02,Active,2022-09-13
1049,1897,Signature,979792.18,0.018,17636.26,Blocked,2021-08-14
1050,9750,Gold,274684.19,0.29,79658.42,Active,2022-08-17
1051,9326,Classic,119689.35,0.091,10891.73,Closed,2025-12-26
1052,2712,Platinum,425229.63,0.413,175619.84,Active,2024-12-28
1053,9034,Signature,711604.54,0.411,292469.47,Active,2023-03-24
1054,5139,Platinum,438987.41,0.351,154084.58,Blocked,2025-04-24
1055,7865,Classic,74621.14,0.443,33057.17,Blocked,2025-09-11
1056,9695,Gold,240703.4,0.108,25995.97,Active,2022-06-05
1057,201,Gold,205229.16,0.313,64236.73,Blocked,2022-10-13
1058,9822,Gold,209247.74,0.419,87674.8,Active,2025-03-11
1059,3598,Signature,828252.77,0.466,385965.79,Closed,2021-05-28
1060,6123,Platinum,523793.44,0.288,150852.51,Blocked,2023-11-23
1061,9475,Platinum,611403.89,0.272,166301.86,Active,2023-06-10
1062,7826,Gold,176128.96,0.422,74326.42,Active,2021-01-31
1063,2028,Gold,307561.52,0.112,34446.89,Blocked,2023-07-29
1064,146,Signature,1183128.74,0.26,307613.47,Blocked,2022-09-02
1065,9528,Platinum,563702.03,0.239,134724.79,Active,2024-04-21
1066,3824,Gold,241297.53,0.557,134402.72,Active,2024-07-21
1067,6807,Gold,271277.11,0.26,70532.05,Blocked,2025-03-26
1068,5237,Signature,1010979.15,0.276,279030.25,Active,2022-01-30
1069,5398,Classic,109947.06,0.408,44858.4,Active,2025-06-22
1070,3441,Signature,1096228.33,0.425,465897.04,Active,2021-10-10
1071,5466,Classic,71112.59,0.291,20693.76,Active,2024-11-18
1072,9611,Platinum,380179.51,0.268,101888.11,Active,2021-02-25
1073,9852,Classic,88896.19,0.395,35114.0,Active,2022-01-14
1074,8374,Platinum,362435.96,0.134,48566.42,Active,2025-05-17
1075,4375,Platinum,508564.79,0.236,120021.29,Active,2025-05-07
1076,6667,Signature,925913.04,0.267,247218.78,Closed,2023-12-23
1077,9377,Gold,305911.44,0.415,126953.25,Blocked,2022-01-23
1078,2204,Gold,185823.6,0.354,65781.55,Active,2023-04-29
1079,2316,Platinum,423629.24,0.128,54224.54,Blocked,2024-05-27
1080,1569,Platinum,512968.89,0.546,280081.01,Active,2022-01-18
1081,1392,Signature,1074658.25,0.189,203110.41,Blocked,2025-03-15
1082,4827,Platinum,610061.05,0.276,168376.85,Closed,2025-07-31
1083,6716,Platinum,485641.64,0.497,241363.9,Active,2024-07-29
1084,4462,Classic,109620.76,0.144,15785.39,Active,2023-08-11
1085,5597,Platinum,355041.16,0.279,99056.48,Active,2023-02-13
1086,3672,Gold,226503.19,0.239,54134.26,Active,2025-05-06
1087,9483,Gold,203870.57,0.382,77878.56,Blocked,2023-07-17
1088,7021,Signature,1294243.33,0.342,442631.22,Closed,2023-07-07
1089,4330,Gold,199264.92,0.415,82694.94,Closed,2023-04-05
1090,1706,Gold,321399.52,0.302,97062.66,Blocked,2023-08-18
1091,5226,Gold,252155.31,0.113,28493.55,Closed,2021-09-12
1092,143,Signature,897805.94,0.412,369896.05,Active,2024-01-06
1093,8275,Gold,313925.2,0.322,101083.91,Active,2023-03-24
1094,7035,Gold,184059.0,0.373,68654.01,Closed,2025-06-11
1095,7535,Platinum,432722.75,0.143,61879.35,Active,2023-08-03
1096,9472,Classic,92542.11,0.252,23320.61,Active,2025-04-13
1097,2882,Platinum,502537.35,0.083,41710.6,Active,2021-12-15
1098,1207,Gold,220056.02,0.246,54133.78,Closed,2022-08-15
1099,7305,Gold,229894.22,0.552,126901.61,Active,2023-05-11
1100,2337,Classic,86188.03,0.228,19650.87,Closed,2023-08-29
1101,8474,Gold,258018.65,0.256,66052.77,Blocked,2023-03-28
1102,6661,Classic,77334.78,0.342,26448.49,Active,2022-03-14
1103,6030,Classic,85530.0,0.078,6671.34,Closed,2024-07-10
1104,8844,Signature,1085482.41,0.175,189959.42,Blocked,2025-10-25
1105,5901,Classic,86282.65,0.207,17860.51,Closed,2024-04-04
1106,8568,Platinum,593322.64,0.207,122817.79,Blocked,2021-08-04
1107,7575,Platinum,611738.9,0.263,160887.33,Blocked,2025-03-23
1108,9712,Gold,196074.35,0.22,43136.36,Active,2023-08-14
1109,5090,Signature,1193315.63,0.529,631263.97,Active,2025-09-17
1110,8039,Signature,995725.09,0.541,538687.27,Blocked,2022-12-07
1111,7104,Classic,126885.89,0.117,14845.65,Blocked,2022-01-17
1112,6579,Classic,100947.18,0.344,34725.83,Closed,2023-09-28
1113,8261,Classic,123081.95,0.334,41109.37,Closed,2023-02-23
1114,2283,Classic,123588.89,0.297,36705.9,Active,2021-01-05
1115,5112,Signature,805362.23,0.025,20134.06,Blocked,2024-08-03
1116,9183,Platinum,371003.02,0.334,123915.01,Closed,2023-08-26
1117,2774,Signature,927603.92,0.145,134502.57,Closed,2025-02-11
1118,8862,Signature,1151676.9,0.132,152021.35,Active,2021-08-06
1119,5658,Gold,271004.72,0.319,86450.51,Active,2022-12-10
1120,8560,Platinum,354260.32,0.298,105569.58,Active,2021-03-14
1121,5799,Gold,201026.5,0.476,95688.61,Closed,2024-03-03
1122,2342,Classic,92038.29,0.042,3865.61,Closed,2025-07-15
1123,8057,Classic,76212.91,0.282,21492.04,Active,2024-02-26
1124,2520,Classic,90568.86,0.362,32785.93,Closed,2025-06-21
1125,8618,Classic,71863.88,0.481,34566.53,Active,2023-04-14
1126,1736,Platinum,635725.08,0.13,82644.26,Closed,2022-04-10
1127,2896,Classic,106564.96,0.241,25682.16,Active,2023-08-23
1128,6380,Platinum,452705.42,0.29,131284.57,Active,2022-04-24
1129,1469,Gold,202240.04,0.423,85547.54,Active,2022-10-02
1130,3966,Signature,746018.09,0.393,293185.11,Active,2025-07-23
1131,1147,Classic,82221.0,0.269,22117.45,Active,2023-01-17
1132,4696,Platinum,363140.0,0.221,80253.94,Active,2022-05-02
1133,4382,Classic,118289.06,0.226,26733.33,Active,2025-05-28
1134,1211,Gold,257174.54,0.11,28289.2,Active,2024-05-01
1135,8333,Signature,1298750.37,0.125,162343.8,Blocked,2025-08-16
1136,7986,Classic,91358.47,0.276,25214.94,Blocked,2023-01-02
1137,8420,Platinum,494005.93,0.315,155611.87,Active,2022-03-11
1138,2412,Signature,718738.18,0.263,189028.14,Blocked,2023-06-17
1139,8649,Signature,1046750.95,0.348,364269.33,Active,2025-01-17
1140,9436,Classic,119645.73,0.214,25604.19,Closed,2024-04-16
1141,392,Signature,1002823.86,0.517,518459.94,Closed,2023-02-16
1142,7469,Gold,224892.57,0.329,73989.66,Active,2021-11-29
1143,644,Signature,1153356.37,0.567,653953.06,Closed,2022-02-21
1144,8571,Platinum,632199.88,0.479,302823.74,Active,2023-06-05
1145,5492,Classic,114464.68,0.274,31363.32,Closed,2024-04-10
1146,5831,Classic,82477.03,0.029,2391.83,Blocked,2021-02-06
1147,4604,Classic,82567.16,0.066,5449.43,Active,2022-07-19
1148,2214,Signature,1268732.45,0.331,419950.44,Active,2024-02-14
1149,3492,Gold,236290.28,0.197,46549.19,Active,2022-02-25
1150,43,Signature,1210507.77,0.154,186418.2,Active,2021-10-20
1151,1942,Platinum,417616.17,0.383,159946.99,Active,2023-12-25
1152,5226,Platinum,458308.66,0.462,211738.6,Active,2021-03-22
1153,2194,Classic,75159.72,0.33,24802.71,Active,2023-07-07
1154,4352,Gold,268902.83,0.152,40873.23,Closed,2024-01-16
1155,9132,Classic,120373.59,0.646,77761.34,Closed,2025-05-12
1156,1567,Platinum,513616.43,0.44,225991.23,Blocked,2022-02-22
1157,2687,Platinum,601461.76,0.304,182844.38,Closed,2021-01-26
1158,454,Platinum,386501.45,0.348,134502.5,Active,2023-07-26
1159,1788,Gold,273928.11,0.307,84095.93,Active,2024-07-11
1160,6799,Signature,711602.17,0.554,394227.6,Active,2024-02-11
1161,7774,Gold,308018.2,0.219,67455.99,Blocked,2024-12-28
1162,1609,Platinum,590876.64,0.685,404750.5,Active,2023-02-09
1163,4376,Signature,1087866.36,0.238,258912.19,Active,2022-06-21
1164,562,Platinum,477604.4,0.293,139938.09,Active,2023-08-05
1165,6334,Signature,843143.31,0.376,317021.88,Active,2025-07-04
1166,5328,Gold,296832.13,0.005,1484.16,Active,2025-07-11
1167,7576,Platinum,531542.48,0.198,105245.41,Active,2024-12-02
1168,3107,Signature,1227699.15,0.418,513178.24,Closed,2021-09-05
1169,4554,Classic,77132.31,0.384,29618.81,Active,2021-11-20
1170,1104,Classic,87080.1,0.37,32219.64,Active,2023-06-11
1171,1389,Signature,1285010.81,0.307,394498.32,Active,2023-07-26
1172,6463,Signature,1198308.81,0.354,424201.32,Active,2022-06-15
1173,3930,Gold,268838.63,0.267,71779.91,Blocked,2025-12-23
1174,189,Classic,77412.36,0.228,17650.02,Active,2023-11-07
1175,5733,Signature,944004.71,0.229,216177.08,Blocked,2022-07-13
1176,1975,Gold,214373.94,0.565,121121.28,Active,2025-02-12
1177,1524,Classic,80844.05,0.211,17058.09,Active,2021-04-01
1178,8411,Signature,1186355.79,0.419,497083.08,Active,2025-03-02
1179,4164,Classic,116018.94,0.094,10905.78,Closed,2022-07-23
1180,4831,Platinum,496038.85,0.261,129466.14,Active,2024-05-30
1181,7344,Platinum,492793.21,0.406,200074.04,Active,2025-12-04
1182,8264,Classic,126658.66,0.386,48890.24,Closed,2025-05-09
1183,2864,Classic,108432.38,0.167,18108.21,Active,2024-08-27
1184,6032,Platinum,607862.07,0.246,149534.07,Active,2024-01-08
1185,4456,Classic,113460.73,0.479,54347.69,Active,2024-07-29
1186,7845,Signature,968408.6,0.21,203365.81,Active,2023-04-15
1187,2667,Gold,277625.58,0.055,15269.41,Active,2023-08-17
1188,9706,Platinum,636736.97,0.196,124800.45,Blocked,2024-04-07
1189,4690,Signature,885629.22,0.261,231149.23,Blocked,2023-03-04
1190,3820,Platinum,501069.64,0.48,240513.43,Blocked,2024-04-28
1191,4200,Classic,120201.54,0.49,58898.75,Active,2024-04-24
1192,5137,Classic,109241.92,0.22,24033.22,Active,2025-02-23
1193,2764,Signature,1017024.39,0.06,61021.46,Closed,2025-12-25
1194,5623,Gold,216388.18,0.186,40248.2,Active,2022-07-08
1195,6922,Gold,288936.21,0.137,39584.26,Blocked,2025-08-05
1196,9291,Platinum,500911.0,0.327,163797.9,Active,2024-11-04
1197,6003,Signature,1128783.07,0.67,756284.66,Active,2022-12-17
1198,9054,Signature,997071.23,0.103,102698.34,Closed,2024-04-21
1199,9896,Platinum,490616.35,0.026,12756.03,Active,2023-02-15
1200,2700,Gold,227959.18,0.073,16641.02,Active,2021-04-09
1201,4463,Platinum,516790.04,0.717,370538.46,Active,2022-06-20
1202,6490,Signature,1115321.01,0.187,208565.03,Closed,2021-10-22
1203,7415,Gold,250602.95,0.63,157879.86,Closed,2024-10-20
1204,4010,Classic,104808.2,0.31,32490.54,Active,2023-01-11
1205,6213,Platinum,416916.22,0.473,197201.37,Active,2024-06-09
1206,5633,Signature,1007048.12,0.28,281973.47,Active,2024-12-24
1207,5896,Gold,301402.81,0.223,67212.83,Active,2025-11-04
1208,3148,Gold,264924.43,0.499,132197.29,Active,2022-03-02
1209,1381,Signature,1105801.23,0.038,42020.45,Active,2021-04-27
1210,4444,Gold,313518.66,0.151,47341.32,Active,2023-01-14
1211,2210,Classic,91073.18,0.159,14480.64,Active,2025-04-14
1212,4116,Signature,1049667.91,0.202,212032.92,Blocked,2023-06-15
1213,6367,Platinum,417473.43,0.217,90591.73,Closed,2023-11-28
1214,6446,Gold,205325.04,0.238,48867.36,Blocked,2021-07-31
1215,9802,Platinum,500789.43,0.477,238876.56,Active,2025-12-13
1216,7847,Classic,122750.13,0.122,14975.52,Active,2022-06-11
1217,2838,Gold,200322.64,0.308,61699.37,Active,2025-08-06
1218,7171,Signature,897544.67,0.509,456850.24,Blocked,2021-11-29
1219,3759,Gold,178653.14,0.313,55918.43,Active,2024-01-09
1220,652,Platinum,472783.2,0.341,161219.07,Active,2025-01-20
1221,4484,Gold,252761.01,0.299,75575.54,Blocked,2025-05-17
1222,7242,Gold,310609.19,0.049,15219.85,Active,2024-11-15
1223,2332,Gold,240401.75,0.627,150731.9,Active,2023-09-28
1224,2689,Signature,1128747.63,0.159,179470.87,Active,2024-08-24
1225,849,Platinum,492718.62,0.043,21186.9,Active,2021-10-06
1226,4268,Signature,1083418.53,0.192,208016.36,Active,2024-09-18
1227,2359,Signature,1001625.22,0.342,342555.83,Active,2024-04-27
1228,5722,Gold,251577.54,0.648,163022.25,Closed,2022-05-20
1229,5098,Classic,111350.78,0.304,33850.64,Active,2025-12-20
1230,5616,Classic,101865.08,0.146,14872.3,Active,2023-01-26
1231,3484,Signature,1056875.77,0.193,203977.02,Active,2023-02-14
1232,9276,Gold,177687.57,0.523,92930.6,Active,2025-05-08
1233,6700,Gold,187425.67,0.251,47043.84,Active,2022-02-19
1234,5000,Signature,907045.48,0.248,224947.28,Active,2023-06-24
1235,2635,Signature,1129648.72,0.216,244004.12,Closed,2025-07-18
1236,4398,Signature,959174.1,0.212,203344.91,Blocked,2021-04-04
1237,73,Platinum,539294.71,0.161,86826.45,Blocked,2025-08-14
1238,7321,Gold,192813.29,0.283,54566.16,Active,2021-11-07
1239,899,Gold,209736.69,0.194,40688.92,Active,2025-03-06
1240,7240,Platinum,420260.88,0.236,99181.57,Active,2025-06-20
1241,4585,Signature,766334.48,0.421,322626.82,Active,2023-06-06
1242,6839,Classic,79044.91,0.069,5454.1,Active,2022-06-11
1243,6971,Classic,114348.6,0.539,61633.9,Closed,2021-06-08
1244,4944,Platinum,592011.5,0.312,184707.59,Active,2025-04-23
1245,7985,Platinum,559078.01,0.405,226426.59,Blocked,2025-01-12
1246,757,Gold,195704.98,0.168,32878.44,Closed,2024-09-05
1247,3332,Gold,259524.88,0.154,39966.83,Active,2021-05-21
1248,3396,Platinum,504359.66,0.283,142733.78,Blocked,2021-08-16
1249,2289,Classic,92972.25,0.143,13295.03,Closed,2024-07-31
1250,5929,Classic,91791.64,0.093,8536.62,Active,2022-05-16
1251,9217,Classic,74001.4,0.41,30340.57,Closed,2023-06-04
1252,7265,Classic,114375.14,0.711,81320.72,Closed,2024-07-07
1253,678,Gold,302400.75,0.253,76507.39,Closed,2023-03-01
1254,2119,Platinum,489171.74,0.455,222573.14,Active,2021-08-02
1255,2863,Classic,96922.71,0.176,17058.4,Closed,2025-08-06
1256,3770,Platinum,458326.34,0.117,53624.18,Active,2025-05-24
1257,8680,Gold,299129.58,0.337,100806.67,Active,2022-01-17
1258,2242,Signature,1057080.02,0.292,308667.37,Blocked,2025-01-26
1259,4285,Classic,111177.83,0.145,16120.79,Closed,2025-02-17
1260,3841,Platinum,507053.64,0.062,31437.33,Closed,2022-05-12
1261,5510,Classic,72267.42,0.259,18717.26,Closed,2024-02-18
1262,389,Gold,230216.32,0.237,54561.27,Active,2024-07-23
1263,7212,Signature,1080083.2,0.257,277581.38,Closed,2022-05-29
1264,6237,Signature,1223932.54,0.307,375747.29,Active,2021-01-21
1265,6968,Platinum,465486.22,0.098,45617.65,Closed,2022-12-09
1266,6747,Signature,823172.19,0.1,82317.22,Active,2022-10-01
1267,6187,Platinum,555095.02,0.564,313073.59,Active,2022-11-16
1268,7016,Platinum,396560.7,0.379,150296.51,Active,2023-05-14
1269,4548,Platinum,356522.36,0.242,86278.41,Closed,2024-08-27
1270,6394,Gold,264128.82,0.324,85577.74,Closed,2021-04-20
1271,6664,Signature,1263767.13,0.372,470121.37,Active,2024-07-01
1272,8467,Signature,1239243.01,0.342,423821.11,Blocked,2021-09-30
1273,6578,Signature,864028.19,0.348,300681.81,Active,2023-01-22
1274,2150,Platinum,543562.06,0.374,203292.21,Active,2021-04-24
1275,4918,Gold,190639.91,0.395,75302.76,Closed,2025-09-16
1276,3280,Signature,1269033.36,0.363,460659.11,Active,2022-12-22
1277,6473,Gold,176303.43,0.221,38963.06,Active,2021-07-23
1278,6090,Signature,1296324.48,0.092,119261.85,Blocked,2024-02-21
1279,9809,Platinum,539756.58,0.14,75565.92,Active,2021-07-18
1280,1840,Signature,949564.38,0.106,100653.82,Closed,2021-08-30
1281,6172,Gold,186625.23,0.456,85101.1,Active,2022-01-09
1282,1075,Gold,292337.11,0.131,38296.16,Active,2025-01-24
1283,4639,Gold,244147.85,0.434,105960.17,Active,2023-12-06
1284,6252,Signature,719859.27,0.248,178525.1,Blocked,2021-01-22
1285,2706,Signature,1031321.81,0.251,258861.77,Closed,2025-08-22
1286,8745,Gold,284339.87,0.021,5971.14,Closed,2021-06-25
1287,6332,Gold,185603.19,0.198,36749.43,Active,2021-05-01
1288,359,Signature,1293943.97,0.172,222558.36,Active,2021-07-16
1289,9824,Platinum,576705.87,0.33,190312.94,Closed,2024-12-21
1290,6461,Classic,101178.6,0.369,37334.9,Active,2025-08-25
1291,5953,Gold,249246.05,0.18,44864.29,Blocked,2022-01-30
1292,9823,Classic,110706.06,0.411,45500.19,Blocked,2022-07-29
1293,9522,Gold,242694.64,0.754,182991.76,Active,2023-04-06
1294,9631,Signature,1222464.66,0.13,158920.41,Active,2022-01-07
1295,959,Platinum,414303.79,0.536,222066.83,Closed,2022-02-20
1296,5234,Signature,783185.81,0.268,209893.8,Active,2021-02-27
1297,2912,Platinum,398636.73,0.145,57802.33,Active,2024-02-07
1298,9578,Platinum,397422.18,0.35,139097.76,Active,2022-11-22
1299,4861,Platinum,481931.21,0.271,130603.36,Closed,2024-05-22
1300,9466,Platinum,562343.9,0.455,255866.47,Active,2024-07-17
1301,18,Signature,1240289.52,0.079,97982.87,Active,2022-11-17
1302,9301,Platinum,432981.98,0.102,44164.16,Active,2022-01-31
1303,802,Signature,1172795.95,0.359,421033.75,Closed,2022-11-20
1304,1137,Signature,1016708.24,0.192,195207.98,Active,2023-12-02
1305,3970,Signature,868527.43,0.399,346542.44,Active,2023-10-20
1306,2431,Signature,767216.25,0.425,326066.91,Active,2024-03-02
1307,9888,Signature,1286093.78,0.231,297087.66,Active,2023-03-08
1308,4055,Gold,249884.47,0.044,10994.92,Blocked,2025-05-13
1309,8146,Platinum,477107.13,0.205,97806.96,Active,2024-11-30
1310,4374,Platinum,463048.45,0.467,216243.63,Active,2021-11-18
1311,5508,Platinum,442972.53,0.235,104098.54,Blocked,2021-08-06
1312,3826,Platinum,450240.34,0.517,232774.26,Blocked,2025-03-28
1313,9148,Gold,294727.8,0.206,60713.93,Active,2025-11-15
1314,8768,Gold,322847.71,0.301,97177.16,Active,2021-05-20
1315,2571,Platinum,502234.58,0.124,62277.09,Active,2023-11-29
1316,2322,Classic,106415.14,0.371,39480.02,Active,2025-11-02
1317,3018,Classic,117653.71,0.512,60238.7,Active,2022-05-28
1318,994,Platinum,583653.6,0.388,226457.6,Active,2024-02-10
1319,7417,Platinum,540561.83,0.134,72435.29,Active,2023-06-17
1320,3788,Gold,225416.58,0.547,123302.87,Active,2024-01-15
1321,8122,Platinum,572053.88,0.371,212231.99,Active,2024-04-25
1322,1496,Platinum,409528.73,0.016,6552.46,Blocked,2024-04-13
1323,837,Platinum,583990.95,0.4,233596.38,Blocked,2024-09-07
1324,8697,Platinum,609899.36,0.604,368379.21,Active,2023-11-09
1325,1326,Classic,72690.61,0.665,48339.26,Closed,2021-05-01
1326,3291,Platinum,384694.51,0.27,103867.52,Active,2023-08-25
1327,7802,Gold,264642.83,0.469,124117.49,Blocked,2023-12-24
1328,5666,Classic,91396.65,0.254,23214.75,Active,2023-12-28
1329,6122,Gold,224305.15,0.137,30729.81,Active,2022-07-04
1330,4580,Gold,188020.39,0.122,22938.49,Active,2021-11-12
1331,6607,Gold,228602.24,0.182,41605.61,Closed,2025-08-21
1332,3366,Signature,1253875.17,0.362,453902.81,Active,2024-12-21
1333,9063,Signature,983200.54,0.738,725602.0,Blocked,2021-09-15
1334,2272,Classic,109488.03,0.234,25620.2,Active,2024-07-28
1335,2893,Signature,1120005.79,0.381,426722.21,Closed,2022-02-02
1336,3012,Platinum,600300.75,0.582,349375.04,Active,2022-01-22
1337,7901,Gold,295764.75,0.383,113277.9,Active,2021-02-21
1338,372,Platinum,622529.51,0.257,159990.08,Active,2025-11-08
1339,6182,Signature,762209.91,0.374,285066.51,Closed,2022-02-22
1340,9899,Classic,106709.33,0.221,23582.76,Active,2022-07-11
1341,1856,Gold,317089.87,0.262,83077.55,Closed,2022-09-11
1342,5073,Platinum,530573.37,0.037,19631.21,Closed,2025-06-19
1343,3751,Gold,209386.17,0.103,21566.78,Active,2023-09-06
1344,3196,Classic,78459.95,0.261,20478.05,Closed,2024-10-23
1345,7687,Gold,311625.24,0.152,47367.04,Active,2021-06-20
1346,4572,Signature,1032302.26,0.099,102197.92,Active,2022-03-09
1347,7103,Classic,129786.34,0.142,18429.66,Blocked,2024-05-13
1348,2806,Platinum,456436.08,0.519,236890.33,Active,2025-01-29
1349,5694,Classic,89768.67,0.262,23519.39,Blocked,2025-02-26
1350,1404,Signature,1133577.73,0.184,208578.3,Active,2025-09-07
1351,580,Signature,852735.31,0.133,113413.8,Closed,2023-11-13
1352,7706,Signature,711245.47,0.456,324327.93,Active,2021-11-04
1353,2107,Signature,1055386.8,0.267,281788.28,Blocked,2024-09-16
1354,2273,Signature,1208814.0,0.13,157145.82,Closed,2024-09-22
1355,7879,Gold,287502.58,0.54,155251.39,Active,2025-01-29
1356,1995,Platinum,593356.96,0.574,340586.9,Blocked,2023-08-26
1357,1433,Signature,721974.12,0.204,147282.72,Active,2021-04-04
1358,9694,Signature,773379.47,0.018,13920.83,Active,2022-12-21
1359,96,Signature,1277043.9,0.4,510817.56,Active,2023-02-09
1360,9929,Classic,129795.47,0.052,6749.36,Blocked,2024-11-29
1361,2638,Signature,819953.18,0.406,332900.99,Blocked,2025-12-31
1362,825,Platinum,383603.11,0.225,86310.7,Closed,2023-06-01
1363,4224,Classic,101489.41,0.093,9438.52,Active,2024-11-18
1364,8213,Platinum,540387.14,0.564,304778.35,Active,2023-10-15
1365,599,Gold,303467.21,0.65,197253.69,Blocked,2021-01-23
1366,4862,Platinum,602779.62,0.068,40989.01,Active,2022-08-04
1367,424,Classic,83487.57,0.186,15528.69,Blocked,2024-04-02
1368,1843,Gold,237353.28,0.089,21124.44,Closed,2022-09-21
1369,4149,Classic,128394.23,0.491,63041.57,Active,2022-01-11
1370,1657,Platinum,617673.03,0.144,88944.92,Active,2025-03-28
1371,3491,Signature,820995.24,0.137,112476.35,Active,2024-02-28
1372,7019,Gold,213875.78,0.321,68654.13,Active,2025-09-25
1373,1965,Gold,239686.02,0.108,25886.09,Active,2022-12-06
1374,7355,Signature,1296293.71,0.105,136110.84,Blocked,2022-10-04
1375,9849,Classic,109345.1,0.21,22962.47,Active,2023-09-29
1376,3374,Classic,87681.29,0.543,47610.94,Closed,2023-10-11
1377,6836,Classic,80865.34,0.146,11806.34,Active,2021-06-07
1378,9488,Gold,212189.14,0.344,72993.06,Closed,2022-07-11
1379,3582,Signature,1201526.58,0.274,329218.28,Closed,2025-05-10
1380,9522,Signature,1067939.37,0.078,83299.27,Closed,2023-03-07
1381,6056,Gold,223735.81,0.375,83900.93,Active,2022-08-22
1382,6678,Platinum,353523.73,0.323,114188.16,Active,2022-02-17
1383,2794,Signature,1237329.61,0.268,331604.34,Blocked,2025-04-29
1384,4937,Platinum,479689.98,0.152,72912.88,Active,2024-07-10
1385,7358,Gold,320780.21,0.216,69288.53,Closed,2023-03-23
1386,4200,Signature,1058803.11,0.35,370581.09,Blocked,2024-04-29
1387,2347,Gold,188974.3,0.387,73133.05,Closed,2025-01-27
1388,419,Platinum,353894.9,0.166,58746.55,Active,2024-10-05
1389,2763,Gold,252384.34,0.237,59815.09,Active,2025-06-09
1390,2860,Signature,806913.42,0.476,384090.79,Active,2023-04-15
1391,6903,Classic,123718.72,0.119,14722.53,Active,2025-07-10
1392,8443,Platinum,396430.76,0.226,89593.35,Active,2024-02-26
1393,4961,Platinum,449382.69,0.366,164474.06,Active,2021-04-13
1394,665,Classic,92543.42,0.253,23413.49,Active,2022-01-26
1395,6371,Classic,111599.39,0.117,13057.13,Blocked,2025-08-31
1396,4451,Platinum,366412.54,0.274,100397.04,Blocked,2021-02-28
1397,5097,Gold,297833.47,0.313,93221.88,Active,2024-03-11
1398,3593,Signature,1143685.33,0.49,560405.81,Active,2025-01-27
1399,8736,Signature,710192.15,0.495,351545.11,Active,2023-04-29
1400,4985,Classic,86469.5,0.369,31907.25,Active,2023-08-21
1401,33,Signature,890191.79,0.136,121066.08,Closed,2021-10-02
1402,5264,Signature,1299203.64,0.177,229959.04,Active,2022-03-04
1403,9391,Platinum,557144.1,0.238,132600.3,Active,2022-04-15
1404,771,Platinum,472872.41,0.091,43031.39,Closed,2022-01-25
1405,914,Platinum,377232.32,0.243,91667.45,Active,2021-03-29
1406,2937,Platinum,485151.61,0.076,36871.52,Blocked,2021-05-14
1407,1655,Classic,82279.97,0.196,16126.87,Blocked,2025-10-16
1408,8851,Signature,1291303.08,0.272,351234.44,Blocked,2025-09-28
1409,3078,Classic,116777.0,0.377,44024.93,Active,2024-02-05
1410,2740,Classic,77829.24,0.154,11985.7,Active,2022-05-17
1411,7811,Platinum,590526.37,0.125,73815.8,Active,2025-08-13
1412,1057,Signature,1069645.58,0.355,379724.18,Closed,2021-05-03
1413,1588,Signature,1261860.95,0.043,54260.02,Active,2023-08-07
1414,1317,Classic,107692.98,0.392,42215.65,Active,2025-09-11
1415,4277,Signature,1179502.18,0.117,138001.76,Active,2023-11-08
1416,9505,Platinum,451861.01,0.128,57838.21,Active,2022-07-04
1417,7148,Classic,80522.23,0.223,17956.46,Active,2025-07-19
1418,5669,Platinum,494713.41,0.368,182054.53,Active,2022-07-16
1419,6400,Signature,960200.34,0.478,458975.76,Active,2023-01-13
1420,1623,Signature,1156438.62,0.514,594409.45,Active,2023-03-23
1421,2295,Platinum,413931.83,0.154,63745.5,Active,2021-12-06
1422,7079,Platinum,581968.29,0.288,167606.87,Active,2024-02-15
1423,9907,Signature,1096525.98,0.259,284000.23,Closed,2025-09-07
1424,5134,Gold,307246.23,0.358,109994.15,Active,2022-07-07
1425,6073,Gold,295410.82,0.204,60263.81,Active,2025-02-23
1426,6226,Gold,319494.07,0.625,199683.79,Blocked,2021-07-06
1427,3668,Classic,117680.2,0.359,42247.19,Active,2023-01-01
1428,9210,Classic,124270.83,0.379,47098.64,Active,2022-09-18
1429,3334,Gold,175793.94,0.701,123231.55,Active,2025-11-01
1430,3462,Gold,249426.18,0.147,36665.65,Active,2023-01-06
1431,4013,Platinum,632731.05,0.231,146160.87,Active,2024-08-05
1432,3599,Platinum,586082.71,0.138,80879.41,Closed,2022-01-20
1433,6448,Classic,111758.0,0.455,50849.89,Active,2025-01-07
1434,5384,Signature,714474.1,0.324,231489.61,Active,2024-04-28
1435,8303,Gold,277402.31,0.473,131211.29,Active,2022-01-14
1436,5780,Classic,80919.93,0.227,18368.82,Active,2021-10-04
1437,1166,Signature,1047609.89,0.63,659994.23,Active,2024-10-30
1438,9703,Platinum,618129.03,0.498,307828.26,Blocked,2025-04-24
1439,6958,Gold,192276.1,0.314,60374.7,Active,2022-09-24
1440,9808,Classic,78599.5,0.323,25387.64,Active,2022-03-13
1441,1713,Platinum,648582.53,0.165,107016.12,Active,2023-03-10
1442,6825,Classic,79864.02,0.179,14295.66,Active,2021-04-28
1443,9449,Classic,123821.99,0.462,57205.76,Active,2023-06-10
1444,4471,Signature,1013677.67,0.332,336540.99,Blocked,2024-03-21
1445,623,Signature,937757.66,0.279,261634.39,Active,2023-04-12
1446,3067,Classic,77327.0,0.247,19099.77,Active,2022-12-31
1447,326,Platinum,606061.6,0.204,123636.57,Active,2023-05-19
1448,7570,Platinum,587627.61,0.584,343174.52,Blocked,2023-11-01
1449,8887,Signature,947649.47,0.353,334520.26,Active,2021-12-27
1450,6985,Classic,119767.69,0.054,6467.46,Closed,2023-04-29
1451,4333,Gold,183256.32,0.376,68904.38,Active,2025-11-10
1452,6624,Classic,96773.62,0.122,11806.38,Active,2025-06-09
1453,2477,Gold,288718.26,0.32,92389.84,Active,2022-11-20
1454,8695,Gold,242028.71,0.429,103830.32,Blocked,2025-04-15
1455,1583,Platinum,449146.29,0.206,92524.14,Active,2023-05-26
1456,3295,Gold,261550.14,0.449,117436.01,Active,2022-04-03
1457,7023,Classic,96763.24,0.656,63476.69,Active,2023-07-04
1458,6194,Signature,1147049.28,0.103,118146.08,Blocked,2022-03-16
1459,6766,Gold,203008.0,0.232,47097.86,Active,2025-12-24
1460,919,Platinum,608215.17,0.063,38317.56,Active,2023-01-04
1461,4234,Classic,89838.42,0.074,6648.04,Closed,2024-01-22
1462,7067,Classic,126525.29,0.376,47573.51,Blocked,2025-03-17
1463,221,Gold,228499.57,0.279,63751.38,Active,2023-07-18
1464,7982,Signature,1277145.82,0.437,558112.72,Active,2024-10-28
1465,2695,Signature,974646.25,0.409,398630.32,Active,2022-12-20
1466,4874,Gold,231861.74,0.336,77905.54,Active,2023-02-25
1467,8895,Gold,269974.58,0.345,93141.23,Active,2021-04-25
1468,8120,Classic,85911.16,0.213,18299.08,Blocked,2024-03-10
1469,1291,Gold,253963.44,0.012,3047.56,Blocked,2024-02-25
1470,4555,Platinum,589494.28,0.222,130867.73,Blocked,2023-11-23
1471,1962,Classic,111112.37,0.425,47222.76,Active,2021-02-13
1472,9209,Signature,1144801.07,0.227,259869.84,Active,2025-11-23
1473,3157,Platinum,453097.29,0.478,216580.5,Blocked,2025-11-02
1474,9967,Signature,1238655.53,0.237,293561.36,Active,2022-07-11
1475,8142,Platinum,644593.36,0.087,56079.62,Active,2022-07-30
1476,6185,Gold,255825.61,0.281,71887.0,Active,2023-07-10
1477,4555,Signature,1167121.97,0.311,362974.93,Active,2025-04-03
1478,8685,Platinum,431985.1,0.304,131323.47,Active,2022-08-11
1479,2140,Platinum,484762.94,0.307,148822.22,Blocked,2022-07-02
1480,2635,Classic,82639.32,0.298,24626.52,Closed,2022-02-19
1481,494,Platinum,552467.03,0.109,60218.91,Closed,2025-08-20
1482,7088,Gold,320468.89,0.362,116009.74,Blocked,2025-08-10
1483,722,Classic,129929.77,0.226,29364.13,Active,2025-03-20
1484,4704,Gold,238629.14,0.307,73259.15,Closed,2025-04-25
1485,645,Gold,231471.02,0.027,6249.72,Active,2023-10-04
1486,8532,Classic,96135.75,0.219,21053.73,Active,2024-08-23
1487,5274,Classic,101740.94,0.489,49751.32,Active,2023-11-19
1488,6518,Signature,763807.11,0.402,307050.46,Active,2025-05-09
1489,9503,Gold,200740.69,0.323,64839.24,Active,2024-11-12
1490,7823,Classic,75991.07,0.108,8207.04,Active,2023-01-26
1491,6259,Signature,948186.36,0.149,141279.77,Active,2022-09-04
1492,4974,Platinum,373883.81,0.121,45239.94,Blocked,2023-09-30
1493,2621,Platinum,493261.15,0.481,237258.61,Closed,2025-03-13
1494,492,Signature,1206502.47,0.448,540513.11,Blocked,2022-10-06
1495,3873,Signature,1044545.41,0.196,204730.9,Active,2025-03-04
1496,7260,Signature,1022484.83,0.103,105315.94,Active,2022-09-24
1497,6122,Signature,1230399.55,0.272,334668.68,Active,2024-02-10
1498,2764,Classic,127895.58,0.31,39647.63,Blocked,2023-11-26
1499,378,Gold,307700.56,0.196,60309.31,Blocked,2025-03-31
1500,745,Gold,290600.37,0.251,72940.69,Blocked,2024-04-02
1501,9898,Classic,109718.56,0.464,50909.41,Active,2023-04-29
1502,3381,Platinum,355656.08,0.418,148664.24,Blocked,2024-06-16
1503,2829,Platinum,505698.6,0.556,281168.42,Closed,2024-11-10
1504,1352,Signature,723129.31,0.402,290697.98,Active,2021-03-25
1505,7699,Classic,122926.43,0.569,69945.14,Active,2024-03-28
1506,8395,Signature,849941.68,0.205,174238.04,Active,2024-02-02
1507,4885,Signature,1038962.93,0.403,418702.06,Blocked,2022-10-19
1508,3702,Signature,1229381.51,0.411,505275.8,Active,2022-12-19
1509,2292,Platinum,613271.14,0.158,96896.84,Active,2021-11-12
1510,7262,Platinum,425298.83,0.351,149279.89,Blocked,2022-09-30
1511,657,Gold,205872.16,0.067,13793.43,Blocked,2024-08-09
1512,9156,Gold,305783.83,0.184,56264.22,Closed,2021-08-04
1513,9586,Signature,742991.31,0.099,73556.14,Blocked,2024-12-16
1514,7676,Classic,100830.26,0.123,12402.12,Active,2025-04-02
1515,5865,Classic,71195.92,0.271,19294.09,Closed,2023-09-23
1516,1898,Gold,299086.81,0.478,142963.5,Closed,2021-11-21
1517,7115,Gold,298080.22,0.226,67366.13,Active,2023-04-13
1518,1366,Signature,1070091.83,0.243,260032.31,Closed,2025-06-10
1519,5141,Platinum,408283.08,0.239,97579.66,Active,2025-09-26
1520,5786,Platinum,588277.19,0.423,248841.25,Closed,2021-03-27
1521,9318,Gold,234076.49,0.559,130848.76,Active,2021-11-18
1522,4936,Signature,1177144.25,0.311,366091.86,Blocked,2021-06-05
1523,9519,Signature,908160.89,0.586,532182.28,Active,2023-12-30
1524,3973,Signature,1237137.71,0.204,252376.09,Active,2023-10-31
1525,3245,Classic,78534.65,0.37,29057.82,Active,2025-04-03
1526,3408,Gold,244494.26,0.279,68213.9,Closed,2022-11-02
1527,38,Signature,1245084.7,0.708,881519.97,Closed,2021-07-07
1528,6377,Classic,120754.87,0.21,25358.52,Closed,2024-10-25
1529,4605,Signature,886721.91,0.153,135668.45,Active,2025-03-05
1530,679,Signature,1043886.55,0.218,227567.27,Active,2024-09-02
1531,825,Classic,85310.21,0.736,62788.31,Active,2025-09-03
1532,3576,Classic,110058.45,0.105,11556.14,Blocked,2025-06-30
1533,7307,Signature,1077815.58,0.227,244664.14,Active,2021-09-24
1534,461,Platinum,520051.18,0.155,80607.93,Closed,2024-08-27
1535,516,Platinum,566503.21,0.094,53251.3,Closed,2025-06-28
1536,8049,Classic,121428.07,0.681,82692.52,Active,2022-06-08
1537,9970,Classic,83003.42,0.606,50300.07,Active,2023-04-17
1538,7560,Classic,101678.3,0.193,19623.91,Active,2021-08-30
1539,2273,Gold,307970.3,0.062,19094.16,Blocked,2024-03-26
1540,6390,Gold,239885.15,0.096,23028.97,Active,2023-09-17
1541,7501,Gold,256764.59,0.448,115030.54,Active,2024-05-09
1542,7717,Gold,198901.14,0.324,64443.97,Closed,2021-05-27
1543,1035,Signature,721302.31,0.233,168063.44,Active,2024-12-20
1544,5394,Classic,70228.0,0.748,52530.54,Active,2024-01-02
1545,4066,Classic,75661.82,0.637,48196.58,Active,2025-05-25
1546,5403,Signature,1127206.35,0.223,251367.02,Closed,2024-11-05
1547,7897,Gold,254338.44,0.088,22381.78,Active,2024-12-31
1548,500,Signature,797451.02,0.363,289474.72,Active,2023-05-16
1549,6686,Classic,87360.85,0.007,611.53,Active,2022-04-05
1550,3362,Platinum,405116.08,0.173,70085.08,Active,2022-03-11
1551,3812,Classic,98585.96,0.246,24252.15,Active,2024-08-09
1552,8934,Classic,106664.38,0.283,30186.02,Blocked,2023-02-08
1553,265,Signature,876227.58,0.224,196274.98,Active,2022-01-17
1554,38,Platinum,640297.44,0.497,318227.83,Active,2023-01-30
1555,8176,Signature,1019320.89,0.194,197748.25,Blocked,2023-04-20
1556,493,Gold,229296.19,0.194,44483.46,Active,2024-10-18
1557,1780,Classic,126793.65,0.113,14327.68,Closed,2024-12-13
1558,4220,Signature,957691.2,0.532,509491.72,Active,2023-01-23
1559,4303,Platinum,649314.46,0.101,65580.76,Closed,2025-02-07
1560,4880,Signature,1055008.89,0.225,237377.0,Blocked,2022-12-24
1561,1077,Signature,1224145.53,0.113,138328.44,Active,2021-02-22
1562,3054,Gold,241415.89,0.173,41764.95,Active,2024-10-15
1563,1426,Signature,786089.49,0.283,222463.33,Blocked,2022-03-25
1564,8064,Platinum,560622.9,0.185,103715.24,Active,2021-11-01
1565,7919,Signature,856764.01,0.633,542331.62,Active,2022-12-15
1566,799,Classic,118383.15,0.622,73634.32,Active,2023-01-07
1567,9439,Gold,319650.77,0.43,137449.83,Active,2021-02-10
1568,4861,Classic,108923.95,0.251,27339.91,Active,2021-09-29
1569,8674,Classic,97429.79,0.583,56801.57,Active,2022-08-28
1570,3207,Signature,971417.88,0.42,407995.51,Active,2024-07-22
1571,612,Classic,129269.05,0.408,52741.77,Active,2025-04-06
1572,267,Platinum,513603.98,0.083,42629.13,Closed,2021-08-16
1573,5034,Signature,1221660.7,0.175,213790.62,Blocked,2021-08-23
1574,5469,Signature,1156562.25,0.408,471877.4,Blocked,2025-04-18
1575,1172,Gold,207674.52,0.24,49841.88,Active,2024-12-28
1576,3357,Classic,81117.15,0.183,14844.44,Active,2022-11-22
1577,3355,Classic,108140.9,0.202,21844.46,Active,2025-10-06
1578,3490,Platinum,505904.52,0.215,108769.47,Closed,2021-01-24
1579,2091,Platinum,563346.91,0.132,74361.79,Active,2021-11-05
1580,564,Signature,980662.79,0.265,259875.64,Active,2024-01-31
1581,7945,Signature,1034948.17,0.496,513334.29,Blocked,2024-07-21
1582,6958,Platinum,528453.77,0.365,192885.63,Blocked,2021-09-15
1583,8920,Classic,72075.61,0.303,21838.91,Blocked,2024-06-23
1584,4737,Classic,124240.58,0.355,44105.41,Active,2024-04-10
1585,1141,Signature,1232859.93,0.262,323009.3,Blocked,2025-08-15
1586,9128,Classic,112652.94,0.354,39879.14,Closed,2024-05-24
1587,8644,Gold,191012.53,0.086,16427.08,Active,2023-06-21
1588,3642,Signature,1021409.05,0.228,232881.26,Blocked,2024-07-30
1589,8901,Classic,89083.7,0.273,24319.85,Active,2025-06-14
1590,6204,Platinum,362950.87,0.425,154254.12,Closed,2022-10-08
1591,4208,Signature,807690.64,0.383,309345.52,Active,2025-12-15
1592,8511,Gold,189710.79,0.1,18971.08,Blocked,2021-05-09
1593,1730,Gold,273575.15,0.133,36385.49,Active,2021-09-09
1594,9059,Gold,278174.94,0.329,91519.56,Closed,2021-06-11
1595,1865,Gold,287624.57,0.03,8628.74,Active,2024-05-31
1596,5071,Platinum,403591.69,0.065,26233.46,Blocked,2022-11-03
1597,9019,Platinum,525503.22,0.229,120340.24,Active,2025-02-17
1598,9647,Platinum,556765.53,0.435,242193.01,Active,2022-08-09
1599,6339,Gold,286706.74,0.433,124144.02,Active,2024-11-09
1600,3592,Gold,314731.8,0.086,27066.93,Active,2024-01-22
1601,7107,Signature,1093490.42,0.317,346636.46,Blocked,2023-10-10
1602,5801,Signature,1203329.42,0.358,430791.93,Blocked,2022-08-04
1603,5453,Platinum,458113.48,0.198,90706.47,Active,2025-09-15
1604,9882,Platinum,596059.6,0.226,134709.47,Active,2021-11-07
1605,6017,Platinum,495306.09,0.268,132742.03,Active,2021-08-13
1606,2454,Signature,811576.72,0.315,255646.67,Active,2022-01-20
1607,4659,Gold,223668.14,0.111,24827.16,Active,2023-11-24
1608,2328,Signature,985041.67,0.349,343779.54,Blocked,2025-09-10
1609,7570,Classic,99449.49,0.133,13226.78,Active,2022-03-15
1610,4246,Gold,230412.68,0.179,41243.87,Active,2025-05-09
1611,7293,Gold,185918.19,0.247,45921.79,Blocked,2022-01-24
1612,3993,Platinum,391834.83,0.477,186905.21,Closed,2024-07-05
1613,798,Signature,1205909.27,0.267,321977.78,Closed,2025-02-08
1614,1617,Gold,245039.66,0.508,124480.15,Active,2025-05-07
1615,6721,Platinum,481384.47,0.504,242617.77,Closed,2023-04-28
1616,3482,Gold,190749.03,0.368,70195.64,Active,2024-06-06
1617,8568,Platinum,477704.62,0.337,160986.46,Active,2023-06-09
1618,4094,Signature,1198422.69,0.395,473376.96,Active,2025-04-04
1619,6043,Classic,112976.76,0.155,17511.4,Active,2021-05-17
1620,7691,Signature,1223388.24,0.6,734032.94,Active,2024-12-29
1621,4525,Signature,1019412.14,0.247,251794.8,Active,2025-03-05
1622,5009,Classic,126374.51,0.353,44610.2,Active,2023-06-19
1623,1447,Gold,255753.41,0.496,126853.69,Active,2023-05-12
1624,8655,Platinum,481362.89,0.395,190138.34,Blocked,2025-07-13
1625,481,Signature,1261048.0,0.231,291302.09,Active,2025-01-17
1626,7261,Classic,124047.81,0.362,44905.31,Active,2025-11-11
1627,4510,Classic,125688.6,0.355,44619.45,Active,2024-04-20
1628,7302,Classic,82554.93,0.272,22454.94,Blocked,2024-02-01
1629,5896,Platinum,363087.71,0.266,96581.33,Closed,2024-09-10
1630,3117,Classic,125217.64,0.065,8139.15,Active,2024-12-02
1631,3498,Signature,1004939.85,0.488,490410.65,Active,2022-11-17
1632,8157,Gold,205137.49,0.1,20513.75,Active,2023-07-20
1633,6679,Gold,243572.17,0.346,84275.97,Blocked,2023-07-22
1634,7986,Classic,92425.04,0.284,26248.71,Active,2022-12-27
1635,9528,Classic,80750.42,0.415,33511.42,Blocked,2023-12-14
1636,4123,Classic,105273.21,0.19,20001.91,Active,2024-09-25
1637,5834,Classic,118702.81,0.159,18873.75,Active,2022-07-21
1638,8941,Platinum,433869.01,0.418,181357.25,Closed,2024-11-09
1639,7029,Gold,267086.14,0.313,83597.96,Blocked,2024-05-04
1640,7146,Classic,74856.98,0.576,43117.62,Blocked,2025-02-09
1641,667,Gold,281332.49,0.27,75959.77,Active,2023-03-24
1642,4249,Signature,852182.16,0.175,149131.88,Blocked,2022-08-14
1643,487,Classic,77354.1,0.718,55540.24,Active,2024-02-27
1644,2987,Signature,846418.08,0.102,86334.64,Active,2024-07-23
1645,2641,Platinum,382576.42,0.113,43231.14,Blocked,2025-06-14
1646,2050,Classic,119556.87,0.128,15303.28,Blocked,2024-12-14
1647,956,Gold,186449.87,0.204,38035.77,Active,2022-03-01
1648,594,Platinum,473243.01,0.708,335056.05,Blocked,2024-01-16
1649,4085,Classic,70414.29,0.256,18026.06,Closed,2022-06-30
1650,2262,Signature,929766.3,0.171,158990.04,Active,2022-09-11
1651,7246,Classic,125721.16,0.225,28287.26,Active,2023-02-08
1652,6887,Signature,1148251.6,0.286,328399.96,Active,2024-03-02
1653,1141,Signature,1095872.92,0.152,166572.68,Active,2021-10-17
1654,7602,Gold,187606.63,0.061,11444.0,Active,2025-12-30
1655,5338,Platinum,615213.25,0.057,35067.16,Active,2024-08-23
1656,8797,Classic,113950.69,0.185,21080.88,Active,2025-06-20
1657,6368,Platinum,402015.12,0.227,91257.43,Active,2025-05-02
1658,3352,Platinum,639320.6,0.382,244220.47,Active,2025-11-13
1659,8552,Gold,199022.81,0.375,74633.55,Blocked,2021-10-09
1660,2946,Platinum,505016.52,0.214,108073.54,Active,2023-10-21
1661,7510,Classic,119985.45,0.351,42114.89,Active,2024-12-01
1662,6139,Gold,197587.6,0.313,61844.92,Closed,2022-03-14
1663,6468,Gold,306463.38,0.154,47195.36,Active,2021-07-26
1664,390,Platinum,418061.46,0.413,172659.38,Closed,2023-02-09
1665,8885,Signature,1240885.25,0.056,69489.57,Active,2021-11-29
1666,1715,Platinum,641713.5,0.144,92406.74,Closed,2021-08-30
1667,9315,Gold,215165.16,0.293,63043.39,Active,2021-01-16
1668,7428,Signature,743362.63,0.601,446760.94,Closed,2025-07-23
1669,4964,Signature,1064147.92,0.196,208572.99,Closed,2024-07-15
1670,2220,Platinum,449227.52,0.415,186429.42,Active,2024-06-04
1671,7420,Gold,271655.31,0.412,111921.99,Blocked,2022-12-05
1672,9664,Signature,712929.91,0.442,315115.02,Active,2023-08-28
1673,4372,Platinum,445161.67,0.497,221245.35,Active,2021-08-25
1674,5315,Signature,1298048.4,0.153,198601.41,Active,2024-04-20
1675,2904,Classic,123027.62,0.301,37031.31,Active,2021-02-25
1676,2810,Platinum,648597.53,0.074,47996.22,Active,2025-07-24
1677,8629,Classic,128961.3,0.184,23728.88,Active,2025-01-07
1678,4087,Signature,1259062.69,0.19,239221.91,Active,2024-05-26
1679,7607,Gold,249663.95,0.092,22969.08,Active,2021-12-02
1680,1958,Gold,182327.87,0.107,19509.08,Active,2024-11-30
1681,3367,Gold,276544.1,0.331,91536.1,Active,2022-01-14
1682,1437,Classic,110217.08,0.217,23917.11,Active,2021-07-05
1683,2345,Gold,224808.22,0.425,95543.49,Closed,2022-01-09
1684,6881,Platinum,412300.33,0.232,95653.68,Closed,2024-06-22
1685,4525,Signature,955505.57,0.446,426155.48,Closed,2024-01-17
1686,7130,Platinum,447094.0,0.217,97019.4,Blocked,2024-10-05
1687,4814,Signature,997791.2,0.149,148670.89,Closed,2024-03-02
1688,951,Gold,308858.61,0.293,90495.57,Blocked,2025-02-24
1689,990,Gold,316510.45,0.436,137998.56,Active,2023-04-02
1690,4166,Gold,283474.67,0.548,155344.12,Active,2024-12-01
1691,7355,Signature,1192960.03,0.225,268416.01,Active,2022-03-01
1692,8760,Classic,79880.45,0.098,7828.28,Active,2022-01-18
1693,217,Signature,1107332.6,0.079,87479.28,Active,2022-05-16
1694,4470,Classic,100401.61,0.179,17971.89,Active,2021-04-28
1695,7186,Classic,95816.91,0.303,29032.52,Closed,2023-11-14
1696,8306,Platinum,469070.47,0.138,64731.72,Active,2025-08-18
1697,3320,Signature,1082141.4,0.516,558384.96,Active,2022-03-28
1698,2709,Classic,70108.28,0.12,8412.99,Active,2024-04-24
1699,2652,Signature,918389.72,0.066,60613.72,Closed,2023-02-10
1700,6532,Classic,120926.38,0.28,33859.39,Active,2022-10-14
1701,7569,Signature,973217.05,0.304,295857.98,Active,2022-06-06
1702,7161,Platinum,396143.96,0.666,263831.88,Blocked,2025-04-18
1703,5374,Gold,213012.65,0.117,24922.48,Active,2025-06-26
1704,4693,Signature,1122261.61,0.229,256997.91,Closed,2023-10-05
1705,103,Platinum,388102.61,0.26,100906.68,Active,2021-09-21
1706,2229,Signature,1110317.35,0.189,209849.98,Active,2021-12-11
1707,3017,Signature,805471.81,0.281,226337.58,Active,2021-07-09
1708,4667,Signature,846760.95,0.389,329390.01,Closed,2025-02-09
1709,746,Gold,271439.79,0.162,43973.25,Closed,2025-07-21
1710,8454,Platinum,367918.36,0.351,129139.34,Blocked,2025-05-26
1711,9505,Platinum,425245.71,0.184,78245.21,Active,2023-12-29
1712,5966,Classic,85354.41,0.145,12376.39,Blocked,2023-07-27
1713,3143,Classic,112777.54,0.325,36652.7,Active,2021-09-18
1714,206,Classic,81800.9,0.483,39509.83,Blocked,2022-06-10
1715,1187,Classic,101380.53,0.123,12469.81,Blocked,2024-05-31
1716,6529,Classic,87637.99,0.133,11655.85,Blocked,2021-11-03
1717,9279,Classic,117257.66,0.282,33066.66,Blocked,2024-04-28
1718,6770,Classic,76565.39,0.361,27640.11,Active,2022-10-05
1719,4874,Platinum,599056.41,0.082,49122.63,Active,2022-10-04
1720,9015,Gold,176432.25,0.212,37403.64,Blocked,2022-08-10
1721,869,Classic,127635.09,0.206,26292.83,Closed,2021-12-13
1722,6647,Classic,105882.29,0.208,22023.52,Active,2023-04-21
1723,232,Gold,219678.99,0.166,36466.71,Active,2021-06-07
1724,6603,Platinum,383274.17,0.255,97734.91,Closed,2024-12-12
1725,388,Gold,216058.1,0.029,6265.68,Blocked,2021-12-05
1726,7917,Classic,119291.5,0.283,33759.49,Active,2022-11-14
1727,3549,Platinum,592065.8,0.077,45589.07,Active,2023-04-28
1728,1358,Platinum,563402.44,0.271,152682.06,Active,2025-08-09
1729,7162,Platinum,356626.0,0.263,93792.64,Active,2022-06-14
1730,845,Gold,234895.32,0.65,152681.96,Active,2023-01-16
1731,9926,Platinum,372688.12,0.107,39877.63,Active,2022-07-11
1732,612,Classic,125387.28,0.339,42506.29,Active,2024-12-08
1733,6406,Platinum,431444.15,0.223,96212.05,Active,2022-11-18
1734,7942,Signature,1108645.42,0.417,462305.14,Active,2024-03-09
1735,511,Platinum,393527.34,0.242,95233.62,Blocked,2021-06-18
1736,3077,Platinum,388689.34,0.341,132543.06,Active,2025-12-27
1737,4858,Signature,1059378.21,0.132,139837.92,Blocked,2021-04-11
1738,9917,Signature,858674.06,0.257,220679.23,Active,2024-04-22
1739,3682,Classic,72785.98,0.6,43671.59,Active,2024-03-01
1740,8989,Signature,1250767.69,0.314,392741.05,Active,2022-10-08
1741,377,Classic,79820.57,0.081,6465.47,Blocked,2023-04-22
1742,4977,Gold,261317.24,0.047,12281.91,Closed,2022-01-20
1743,3824,Gold,323144.26,0.434,140244.61,Blocked,2025-03-11
1744,223,Classic,113725.79,0.58,65960.96,Active,2024-10-18
1745,1819,Platinum,389297.39,0.225,87591.91,Active,2021-07-25
1746,844,Platinum,530940.53,0.14,74331.67,Blocked,2021-08-05
1747,4737,Classic,111731.51,0.073,8156.4,Active,2024-09-24
1748,8916,Gold,274208.51,0.451,123668.04,Blocked,2023-01-23
1749,8325,Classic,129994.96,0.131,17029.34,Active,2022-05-05
1750,292,Signature,1247817.74,0.305,380584.41,Closed,2021-02-06
1751,9050,Signature,1186186.52,0.547,648844.03,Active,2023-10-04
1752,4545,Gold,244383.34,0.376,91888.14,Active,2021-01-07
1753,9816,Signature,877920.05,0.07,61454.4,Active,2024-08-30
1754,1589,Gold,219390.04,0.25,54847.51,Active,2021-10-23
1755,7358,Platinum,455265.18,0.219,99703.07,Active,2022-06-30
1756,456,Gold,267049.45,0.334,89194.52,Closed,2021-02-23
1757,6691,Platinum,572702.14,0.52,297805.11,Active,2022-02-16
1758,2970,Signature,1202300.17,0.433,520595.97,Active,2023-11-15
1759,2278,Classic,112410.87,0.52,58453.65,Active,2025-01-22
1760,7006,Platinum,561485.55,0.239,134195.05,Active,2021-09-15
1761,3142,Classic,77301.52,0.2,15460.3,Active,2023-08-05
1762,3371,Classic,86359.29,0.39,33680.12,Active,2022-02-19
1763,5443,Classic,85864.48,0.247,21208.53,Active,2021-05-17
1764,6246,Signature,751656.84,0.158,118761.78,Closed,2021-01-03
1765,6879,Gold,223765.14,0.122,27299.35,Closed,2024-06-06
1766,4055,Gold,288898.46,0.51,147338.21,Closed,2025-02-26
1767,1324,Gold,213466.93,0.354,75567.29,Active,2024-08-16
1768,7814,Signature,1236450.76,0.376,464905.49,Active,2022-02-04
1769,8904,Classic,127661.32,0.092,11744.84,Active,2021-06-25
1770,1796,Platinum,363777.74,0.513,186617.98,Active,2025-12-21
1771,3170,Gold,282880.57,0.161,45543.77,Closed,2022-09-01
1772,6620,Platinum,456527.07,0.424,193567.48,Blocked,2021-09-02
1773,4650,Classic,75206.35,0.488,36700.7,Active,2021-03-24
1774,8558,Classic,85343.47,0.39,33283.95,Active,2023-11-08
1775,1263,Classic,81527.61,0.256,20871.07,Closed,2022-08-07
1776,9183,Classic,106604.45,0.088,9381.19,Closed,2025-03-18
1777,4657,Signature,1105902.92,0.13,143767.38,Closed,2025-03-24
1778,7381,Gold,241822.29,0.142,34338.77,Active,2023-05-28
1779,1735,Signature,896748.88,0.169,151550.56,Blocked,2024-09-24
1780,3057,Platinum,486430.84,0.07,34050.16,Active,2024-07-14
1781,4382,Classic,99474.37,0.129,12832.19,Closed,2022-09-28
1782,1272,Gold,234498.08,0.35,82074.33,Active,2021-07-04
1783,5733,Signature,901738.28,0.482,434637.85,Active,2024-02-19
1784,7305,Classic,128196.05,0.102,13076.0,Blocked,2024-12-03
1785,3240,Platinum,361840.5,0.338,122302.09,Active,2024-05-02
1786,8903,Gold,317630.88,0.166,52726.73,Closed,2023-06-09
1787,6470,Classic,85427.53,0.151,12899.56,Closed,2025-03-10
1788,8454,Signature,1277069.67,0.376,480178.2,Blocked,2024-11-25
1789,9860,Signature,795894.44,0.177,140873.32,Active,2025-08-09
1790,9624,Platinum,592723.32,0.129,76461.31,Active,2024-10-30
1791,9490,Gold,207244.22,0.357,73986.19,Active,2024-02-27
1792,9969,Signature,965363.48,0.362,349461.58,Active,2022-03-07
1793,7812,Platinum,526264.94,0.567,298392.22,Closed,2025-01-26
1794,9761,Platinum,373930.57,0.137,51228.49,Active,2021-11-30
1795,4875,Signature,1063899.24,0.274,291508.39,Closed,2025-04-05
1796,3718,Signature,1232543.82,0.289,356205.16,Blocked,2025-12-02
1797,4182,Signature,1159643.11,0.376,436025.81,Active,2024-06-03
1798,2679,Signature,828977.01,0.558,462569.17,Blocked,2021-08-30
1799,6342,Platinum,569946.04,0.203,115699.05,Blocked,2022-09-26
1800,82,Classic,84101.8,0.076,6391.74,Active,2022-07-07
1801,9068,Platinum,550107.26,0.182,100119.52,Closed,2024-06-28
1802,9664,Signature,1116272.54,0.524,584926.81,Active,2024-09-08
1803,9161,Platinum,484261.24,0.184,89104.07,Active,2023-02-19
1804,1280,Signature,883786.21,0.424,374725.35,Active,2021-06-01
1805,9947,Signature,994871.76,0.199,197979.48,Active,2023-10-28
1806,8863,Classic,123161.97,0.099,12193.04,Active,2025-10-12
1807,5088,Signature,897730.42,0.259,232512.18,Blocked,2024-07-24
1808,79,Gold,281561.58,0.003,844.68,Active,2023-09-03
1809,8716,Gold,227571.92,0.044,10013.16,Blocked,2021-03-10
1810,4237,Platinum,487042.0,0.064,31170.69,Active,2025-01-23
1811,7026,Classic,78807.55,0.528,41610.39,Active,2024-08-11
1812,9650,Signature,950288.07,0.153,145394.07,Active,2025-04-22
1813,4761,Gold,261766.98,0.502,131407.02,Blocked,2021-04-19
1814,8942,Gold,291201.46,0.039,11356.86,Closed,2023-02-03
1815,882,Gold,239679.75,0.288,69027.77,Active,2025-10-28
1816,7488,Classic,126690.29,0.068,8614.94,Active,2023-03-18
1817,3051,Platinum,427796.46,0.295,126199.96,Closed,2021-01-29
1818,9829,Classic,121382.64,0.122,14808.68,Closed,2022-03-03
1819,4287,Platinum,379307.09,0.229,86861.32,Closed,2025-10-25
1820,3402,Classic,101795.06,0.52,52933.43,Blocked,2023-08-03
1821,4394,Signature,1037457.37,0.301,312274.67,Closed,2023-09-14
1822,8278,Gold,224746.71,0.324,72817.93,Active,2024-09-18
1823,1707,Signature,1227232.56,0.278,341170.65,Active,2024-06-26
1824,4554,Signature,706662.51,0.156,110239.35,Blocked,2025-10-05
1825,9074,Gold,305587.78,0.26,79452.82,Closed,2022-09-11
1826,8549,Platinum,646753.03,0.372,240592.13,Closed,2022-02-04
1827,3821,Signature,1107655.64,0.543,601457.01,Active,2021-04-23
1828,8393,Classic,103123.02,0.253,26090.12,Active,2022-09-10
1829,260,Classic,75375.98,0.555,41833.67,Closed,2022-04-02
1830,54,Signature,771470.94,0.269,207525.68,Active,2024-05-15
1831,5236,Signature,917091.81,0.127,116470.66,Blocked,2024-03-28
1832,8127,Classic,89532.08,0.12,10743.85,Blocked,2022-09-19
1833,2363,Gold,238681.01,0.318,75900.56,Blocked,2023-03-08
1834,3338,Classic,92963.7,0.247,22962.03,Closed,2024-06-11
1835,9705,Platinum,576588.53,0.443,255428.72,Active,2021-08-10
1836,4291,Signature,1263418.11,0.25,315854.53,Blocked,2025-02-24
1837,3254,Classic,88727.82,0.289,25642.34,Active,2025-10-14
1838,4291,Platinum,475441.72,0.035,16640.46,Active,2025-04-29
1839,345,Gold,285063.35,0.24,68415.2,Active,2023-01-02
1840,2330,Signature,766720.76,0.253,193980.35,Active,2025-09-23
1841,4653,Classic,85898.88,0.177,15204.1,Active,2023-01-17
1842,4844,Signature,757030.94,0.335,253605.36,Active,2021-04-05
1843,9467,Signature,741858.35,0.524,388733.78,Blocked,2022-12-22
1844,1956,Signature,1231353.16,0.264,325077.23,Active,2023-05-15
1845,7165,Platinum,536538.56,0.17,91211.56,Closed,2023-02-04
1846,9696,Gold,305169.07,0.368,112302.22,Active,2021-08-22
1847,5350,Gold,275243.32,0.357,98261.87,Closed,2024-04-24
1848,1988,Gold,270554.74,0.346,93611.94,Closed,2021-01-21
1849,8880,Platinum,472194.85,0.029,13693.65,Active,2025-02-15
1850,7037,Platinum,405410.74,0.225,91217.42,Active,2023-12-08
1851,9028,Signature,1209099.47,0.072,87055.16,Active,2022-03-05
1852,856,Signature,958975.81,0.354,339477.44,Active,2022-07-07
1853,2201,Signature,814131.76,0.125,101766.47,Active,2021-09-06
1854,2965,Classic,93641.53,0.319,29871.65,Active,2021-12-28
1855,3801,Signature,976050.15,0.574,560252.79,Blocked,2023-10-29
1856,9517,Gold,284700.5,0.186,52954.29,Active,2024-02-10
1857,5164,Platinum,408549.87,0.39,159334.45,Closed,2022-09-22
1858,5931,Platinum,534767.29,0.013,6951.97,Active,2025-04-05
1859,738,Classic,86487.21,0.181,15654.19,Blocked,2025-02-12
1860,1608,Platinum,394840.46,0.225,88839.1,Active,2021-12-02
1861,1027,Gold,307870.18,0.131,40330.99,Active,2022-05-23
1862,2526,Classic,101582.7,0.108,10970.93,Active,2023-04-15
1863,6733,Platinum,351514.68,0.42,147636.17,Closed,2021-03-27
1864,7732,Platinum,629053.18,0.27,169844.36,Active,2022-01-16
1865,7021,Signature,755421.86,0.338,255332.59,Active,2024-01-13
1866,5066,Signature,1177057.87,0.4,470823.15,Closed,2021-02-11
1867,6221,Signature,1178885.47,0.437,515172.95,Active,2021-10-14
1868,5071,Classic,100840.62,0.422,42554.74,Active,2022-12-07
1869,5604,Signature,859554.42,0.355,305141.82,Active,2022-06-11
1870,6997,Classic,117896.06,0.034,4008.47,Active,2022-07-05
1871,9545,Signature,854635.97,0.268,229042.44,Active,2025-02-11
1872,1941,Signature,724216.04,0.505,365729.1,Active,2024-04-29
1873,3941,Signature,1044042.71,0.571,596148.39,Closed,2023-08-11
1874,9130,Gold,289779.36,0.042,12170.73,Active,2022-12-13
1875,9011,Signature,771673.28,0.189,145846.25,Blocked,2021-10-23
1876,8698,Classic,81241.61,0.183,14867.21,Active,2024-05-14
1877,5772,Platinum,368122.96,0.377,138782.36,Closed,2023-10-16
1878,9852,Platinum,618158.33,0.521,322060.49,Blocked,2023-05-27
1879,6893,Classic,111244.72,0.147,16352.97,Active,2025-06-07
1880,3747,Classic,85923.74,0.199,17098.82,Blocked,2021-06-01
1881,5741,Platinum,385830.48,0.345,133111.52,Blocked,2024-12-07
1882,8223,Gold,224546.3,0.164,36825.59,Active,2021-10-29
1883,3424,Classic,115254.93,0.21,24203.54,Active,2022-12-22
1884,972,Signature,1055679.73,0.475,501447.87,Blocked,2023-03-15
1885,5456,Platinum,602045.09,0.284,170980.81,Closed,2024-11-13
1886,4788,Platinum,605739.22,0.407,246535.86,Active,2023-11-22
1887,9413,Gold,251218.68,0.394,98980.16,Closed,2021-09-11
1888,6688,Platinum,503477.36,0.036,18125.18,Active,2023-09-20
1889,8511,Classic,74480.77,0.34,25323.46,Blocked,2024-09-09
1890,4951,Signature,1162490.56,0.28,325497.36,Closed,2023-04-01
1891,1106,Platinum,634916.1,0.527,334600.78,Active,2021-06-03
1892,4924,Signature,1272578.36,0.496,631198.87,Active,2025-04-05
1893,7247,Platinum,478960.07,0.383,183441.71,Active,2021-02-24
1894,4490,Classic,112339.25,0.003,337.02,Active,2025-03-22
1895,8874,Platinum,427839.26,0.806,344838.44,Active,2024-09-08
1896,2875,Platinum,407601.44,0.101,41167.75,Active,2023-04-25
1897,7334,Gold,251846.61,0.159,40043.61,Blocked,2022-07-20
1898,3447,Platinum,554632.2,0.234,129783.93,Blocked,2024-02-10
1899,1668,Platinum,587603.85,0.156,91666.2,Active,2021-12-21
1900,6896,Platinum,555490.14,0.396,219974.1,Blocked,2024-01-10
1901,5062,Classic,78136.76,0.29,22659.66,Active,2021-03-01
1902,8564,Classic,94465.75,0.3,28339.72,Closed,2024-09-03
1903,173,Signature,792773.4,0.153,121294.33,Closed,2024-08-08
1904,6094,Classic,120162.6,0.331,39773.82,Closed,2022-02-27
1905,4432,Signature,1254253.79,0.331,415158.0,Blocked,2023-03-13
1906,4696,Gold,218911.14,0.177,38747.27,Active,2024-06-10
1907,9423,Platinum,453883.69,0.201,91230.62,Blocked,2023-01-27
1908,5470,Gold,232731.66,0.24,55855.6,Active,2022-08-31
1909,3648,Platinum,553885.86,0.457,253125.84,Active,2023-03-05
1910,9877,Signature,1068397.57,0.092,98292.58,Active,2023-07-03
1911,7814,Platinum,482185.63,0.223,107527.4,Blocked,2024-11-21
1912,8097,Signature,1287467.63,0.39,502112.38,Active,2024-01-11
1913,9821,Signature,829765.32,0.207,171761.42,Blocked,2024-09-03
1914,5637,Gold,193058.66,0.318,61392.65,Active,2023-10-21
1915,3422,Signature,1118464.42,0.235,262839.14,Active,2023-11-16
1916,8100,Platinum,374815.28,0.4,149926.11,Closed,2021-02-03
1917,2757,Signature,849385.61,0.105,89185.49,Active,2023-05-21
1918,4979,Classic,72126.44,0.729,52580.17,Active,2025-01-08
1919,3633,Platinum,398793.28,0.065,25921.56,Active,2024-06-23
1920,1280,Signature,1250375.1,0.255,318845.65,Closed,2023-03-20
1921,5502,Gold,264570.89,0.57,150805.41,Active,2025-08-23
1922,1762,Gold,184209.04,0.327,60236.36,Active,2023-06-20
1923,8466,Gold,205721.23,0.341,70150.94,Active,2021-09-16
1924,2427,Gold,307071.23,0.335,102868.86,Blocked,2025-05-05
1925,596,Classic,125818.26,0.1,12581.83,Closed,2021-08-14
1926,9395,Classic,83451.71,0.343,28623.94,Blocked,2023-09-29
1927,9584,Signature,796339.03,0.196,156082.45,Active,2023-08-21
1928,7677,Platinum,508265.89,0.125,63533.24,Active,2023-09-06
1929,740,Signature,935058.36,0.26,243115.17,Active,2022-01-04
1930,2882,Classic,81543.05,0.649,52921.44,Closed,2021-01-28
1931,532,Platinum,619948.29,0.221,137008.57,Active,2024-03-22
1932,6829,Signature,1080431.02,0.06,64825.86,Blocked,2025-06-25
1933,8879,Signature,977407.03,0.394,385098.37,Active,2024-09-18
1934,1943,Platinum,464067.83,0.356,165208.15,Active,2024-10-26
1935,3488,Classic,101520.1,0.404,41014.12,Closed,2023-04-08
1936,7548,Classic,74962.88,0.317,23763.23,Active,2024-03-26
1937,9817,Classic,97674.91,0.263,25688.5,Active,2022-05-29
1938,9063,Signature,739445.17,0.152,112395.67,Active,2023-06-08
1939,7112,Classic,107003.07,0.186,19902.57,Active,2021-01-01
1940,3963,Classic,109225.35,0.148,16165.35,Active,2023-11-05
1941,6213,Gold,263687.65,0.245,64603.47,Active,2025-06-29
1942,7731,Classic,77186.4,0.061,4708.37,Active,2021-05-07
1943,4217,Gold,271184.74,0.521,141287.25,Blocked,2024-05-17
1944,5575,Gold,252424.86,0.133,33572.51,Active,2023-09-11
1945,2942,Signature,750313.36,0.357,267861.87,Blocked,2025-09-02
1946,5720,Signature,1186378.98,0.114,135247.2,Active,2021-03-12
1947,4715,Classic,98168.63,0.267,26211.02,Blocked,2022-10-05
1948,2676,Classic,81981.11,0.23,18855.66,Active,2023-01-05
1949,6893,Classic,100872.29,0.232,23402.37,Blocked,2023-05-27
1950,703,Classic,105966.28,0.472,50016.08,Active,2021-03-17
1951,3574,Classic,82907.15,0.582,48251.96,Blocked,2023-09-21
1952,5769,Signature,776523.55,0.21,163069.95,Active,2023-12-13
1953,6839,Platinum,359143.15,0.237,85116.93,Active,2025-05-07
1954,686,Classic,112415.46,0.452,50811.79,Closed,2023-01-05
1955,7969,Classic,89272.08,0.285,25442.54,Closed,2021-05-29
1956,9184,Signature,1165411.04,0.35,407893.86,Blocked,2025-04-16
1957,4764,Gold,270237.77,0.385,104041.54,Blocked,2022-07-25
1958,5371,Gold,260123.77,0.185,48122.9,Active,2025-03-28
1959,825,Gold,305567.95,0.259,79142.1,Active,2024-04-02
1960,7109,Platinum,462637.48,0.37,171175.87,Closed,2025-04-24
1961,5796,Gold,242561.51,0.156,37839.6,Closed,2022-08-02
1962,8942,Gold,291742.11,0.327,95399.67,Active,2021-02-05
1963,1337,Signature,1116732.89,0.076,84871.7,Active,2021-11-28
1964,5755,Classic,108184.85,0.548,59285.3,Closed,2023-04-28
1965,2364,Gold,277997.15,0.333,92573.05,Active,2023-11-05
1966,9826,Classic,101182.34,0.265,26813.32,Active,2025-05-27
1967,4479,Gold,256914.8,0.323,82983.48,Closed,2021-08-28
1968,3208,Signature,732878.34,0.122,89411.16,Closed,2021-09-05
1969,3915,Platinum,647535.45,0.26,168359.22,Active,2021-09-30
1970,4202,Classic,111156.28,0.238,26455.19,Active,2021-10-30
1971,5282,Classic,125930.63,0.093,11711.55,Blocked,2023-10-01
1972,5389,Platinum,559114.95,0.428,239301.2,Active,2023-07-03
1973,1570,Classic,83255.27,0.075,6244.15,Active,2021-04-07
1974,7666,Platinum,482987.54,0.095,45883.82,Active,2023-05-17
1975,3903,Signature,1019327.64,0.101,102952.09,Closed,2021-09-07
1976,8297,Signature,1187384.63,0.28,332467.7,Active,2023-10-08
1977,7805,Gold,182527.38,0.184,33585.04,Closed,2022-10-08
1978,5163,Gold,192864.1,0.448,86403.12,Active,2022-01-27
1979,4674,Platinum,641607.4,0.516,331069.42,Active,2022-07-24
1980,4952,Platinum,397275.64,0.201,79852.4,Active,2025-07-28
1981,8838,Gold,205457.01,0.324,66568.07,Blocked,2024-06-27
1982,6357,Platinum,426273.95,0.156,66498.74,Blocked,2022-08-31
1983,3618,Classic,128118.69,0.131,16783.55,Closed,2025-07-07
1984,6140,Gold,215048.84,0.249,53547.16,Active,2025-01-13
1985,6387,Platinum,399516.68,0.669,267276.66,Blocked,2022-07-21
1986,5428,Gold,261513.98,0.503,131541.53,Active,2022-03-06
1987,2830,Signature,1210356.85,0.521,630595.92,Active,2024-06-14
1988,2305,Classic,107312.72,0.409,43890.9,Blocked,2023-05-16
1989,6804,Classic,84641.08,0.452,38257.77,Blocked,2021-01-09
1990,8891,Gold,307212.02,0.222,68201.07,Blocked,2023-12-03
1991,6969,Classic,99213.3,0.246,24406.47,Active,2023-06-25
1992,5170,Classic,125248.01,0.059,7389.63,Active,2025-10-10
1993,9751,Gold,266785.65,0.281,74966.77,Active,2023-08-10
1994,9458,Signature,703636.6,0.55,387000.13,Closed,2022-06-18
1995,6486,Signature,1095286.42,0.229,250820.59,Closed,2025-10-08
1996,1291,Gold,236255.78,0.106,25043.11,Closed,2024-08-15
1997,5070,Platinum,434339.65,0.339,147241.14,Active,2024-12-11
1998,3086,Gold,248771.95,0.27,67168.43,Active,2023-04-06
1999,7003,Classic,95862.64,0.058,5560.03,Closed,2023-05-01
2000,2705,Signature,1273708.29,0.127,161760.95,Active,2024-10-12
2001,6145,Signature,932808.13,0.219,204284.98,Blocked,2024-09-24
2002,8462,Signature,1123387.37,0.082,92117.76,Active,2025-06-29
2003,9481,Signature,1049265.35,0.089,93384.62,Active,2025-06-12
2004,5914,Classic,86570.17,0.225,19478.29,Active,2021-08-10
2005,5844,Signature,1081373.5,0.613,662881.96,Closed,2023-02-04
2006,8890,Gold,274907.14,0.188,51682.54,Active,2021-10-02
2007,2599,Platinum,583481.78,0.19,110861.54,Blocked,2024-12-06
2008,1109,Platinum,424525.62,0.088,37358.25,Active,2024-05-12
2009,4351,Classic,72286.19,0.198,14312.67,Blocked,2025-06-13
2010,3115,Classic,105293.62,0.325,34220.43,Blocked,2023-09-17
2011,6878,Platinum,575979.52,0.146,84093.01,Closed,2025-09-05
2012,9649,Platinum,351135.75,0.5,175567.88,Closed,2024-02-21
2013,2480,Signature,1044643.86,0.533,556795.18,Blocked,2024-04-09
2014,1144,Platinum,445065.74,0.482,214521.69,Active,2022-02-16
2015,1306,Classic,103447.98,0.413,42724.02,Active,2024-01-15
2016,1127,Classic,90015.81,0.283,25474.47,Active,2022-01-03
2017,2099,Classic,128626.14,0.384,49392.44,Active,2022-09-01
2018,6595,Signature,1278809.78,0.343,438631.75,Closed,2025-03-10
2019,8670,Classic,96352.04,0.322,31025.36,Active,2023-03-20
2020,8824,Classic,114189.65,0.437,49900.88,Blocked,2023-07-22
2021,3865,Gold,210434.91,0.376,79123.53,Active,2022-12-06
2022,4815,Classic,103194.93,0.123,12692.98,Active,2025-06-04
2023,2606,Platinum,367103.71,0.316,116004.77,Blocked,2022-04-10
2024,3477,Classic,114161.21,0.414,47262.74,Active,2022-01-03
2025,3809,Signature,1095710.64,0.27,295841.87,Blocked,2022-04-14
2026,9641,Signature,986922.33,0.167,164816.03,Closed,2025-10-13
2027,8246,Signature,952420.32,0.101,96194.45,Active,2023-12-09
2028,3888,Classic,81017.49,0.161,13043.82,Blocked,2021-05-30
2029,873,Signature,1106729.54,0.312,345299.62,Closed,2025-02-23
2030,3970,Signature,825588.7,0.266,219606.59,Active,2025-05-03
2031,1448,Signature,1057701.24,0.355,375483.94,Active,2021-02-01
2032,4329,Gold,239904.79,0.173,41503.53,Blocked,2024-09-10
2033,8668,Platinum,560710.41,0.13,72892.35,Closed,2023-09-01
2034,2829,Gold,280394.37,0.572,160385.58,Active,2025-07-10
2035,9174,Platinum,498140.51,0.379,188795.25,Closed,2024-02-11
2036,4468,Platinum,427429.3,0.442,188923.75,Blocked,2021-02-26
2037,8251,Gold,271174.87,0.38,103046.45,Active,2023-03-29
2038,3277,Gold,214607.88,0.414,88847.66,Closed,2021-04-18
2039,3842,Signature,739702.09,0.311,230047.35,Active,2021-12-27
2040,8537,Gold,231901.12,0.364,84412.01,Closed,2023-06-26
2041,1351,Platinum,542387.92,0.218,118240.57,Active,2024-01-04
2042,2228,Signature,853274.44,0.256,218438.26,Active,2022-03-09
2043,8812,Signature,870404.14,0.148,128819.81,Active,2022-02-02
2044,4611,Gold,242773.51,0.145,35202.16,Active,2025-08-04
2045,8460,Gold,246256.7,0.311,76585.83,Blocked,2024-11-29
2046,7492,Classic,96826.26,0.343,33211.41,Active,2023-10-13
2047,1478,Signature,911547.5,0.131,119412.72,Blocked,2022-12-15
2048,730,Signature,1073661.86,0.388,416580.8,Active,2024-02-03
2049,8520,Gold,272854.88,0.175,47749.6,Active,2023-04-23
2050,2108,Gold,252040.94,0.382,96279.64,Blocked,2025-10-11
2051,7370,Platinum,419085.75,0.036,15087.09,Active,2024-07-22
2052,9941,Gold,212370.6,0.244,51818.43,Active,2022-06-08
2053,9886,Gold,243044.48,0.177,43018.87,Active,2021-05-29
2054,8803,Classic,91453.42,0.135,12346.21,Active,2023-05-10
2055,4571,Platinum,460939.79,0.346,159485.17,Active,2025-08-31
2056,5432,Platinum,645025.26,0.463,298646.7,Active,2024-05-07
2057,6008,Classic,93203.69,0.647,60302.79,Closed,2025-01-20
2058,4861,Gold,277587.46,0.593,164609.36,Active,2025-06-29
2059,8403,Platinum,422980.78,0.584,247020.78,Active,2025-06-07
2060,7681,Platinum,454576.35,0.206,93642.73,Active,2024-11-17
2061,1748,Platinum,419201.58,0.25,104800.4,Blocked,2023-06-08
2062,8011,Signature,1284263.59,0.238,305654.73,Active,2021-07-11
2063,9615,Platinum,421461.15,0.424,178699.53,Blocked,2022-02-03
2064,9261,Signature,1107267.66,0.459,508235.86,Blocked,2022-04-18
2065,4158,Classic,120292.94,0.641,77107.77,Active,2022-02-25
2066,9023,Platinum,593012.85,0.191,113265.45,Blocked,2023-01-11
2067,9251,Signature,1025782.05,0.477,489298.04,Closed,2023-11-11
2068,7370,Classic,95196.37,0.083,7901.3,Active,2023-12-19
2069,4945,Signature,903741.84,0.44,397646.41,Closed,2021-05-12
2070,3506,Classic,123294.29,0.538,66332.33,Active,2022-02-25
2071,7395,Signature,701236.09,0.441,309245.12,Active,2023-09-08
2072,2548,Gold,316837.78,0.07,22178.64,Blocked,2022-03-15
2073,949,Platinum,630995.2,0.176,111055.16,Blocked,2021-04-09
2074,1631,Classic,100574.91,0.251,25244.3,Blocked,2025-08-14
2075,1818,Classic,129190.7,0.671,86686.96,Active,2024-07-19
2076,9062,Platinum,441291.05,0.102,45011.69,Active,2023-02-21
2077,6322,Gold,237426.01,0.099,23505.17,Closed,2025-02-11
2078,5336,Signature,868195.8,0.298,258722.35,Closed,2024-10-17
2079,5560,Classic,99310.93,0.148,14698.02,Active,2022-02-11
2080,6801,Gold,215904.35,0.343,74055.19,Blocked,2022-06-11
2081,4199,Classic,123362.06,0.388,47864.48,Closed,2023-05-31
2082,5265,Classic,123137.56,0.244,30045.56,Active,2025-11-09
2083,6164,Platinum,408185.05,0.535,218379.0,Closed,2023-03-25
2084,1014,Signature,839121.13,0.143,119994.32,Active,2021-11-23
2085,3447,Signature,788927.95,0.302,238256.24,Active,2023-10-08
2086,2921,Signature,908675.34,0.186,169013.61,Closed,2022-06-07
2087,9935,Gold,259796.46,0.377,97943.27,Active,2024-08-04
2088,8013,Signature,1169180.22,0.208,243189.49,Blocked,2025-08-14
2089,989,Classic,94081.84,0.104,9784.51,Active,2022-11-25
2090,7355,Platinum,478934.59,0.279,133622.75,Active,2021-08-14
2091,3835,Signature,938062.3,0.191,179169.9,Active,2021-03-02
2092,54,Gold,252612.22,0.488,123274.76,Closed,2023-11-24
2093,6218,Signature,972784.25,0.328,319073.23,Active,2022-03-15
2094,9412,Classic,113854.42,0.102,11613.15,Closed,2025-06-21
2095,2579,Classic,110488.18,0.57,62978.26,Active,2025-01-08
2096,5112,Gold,194143.92,0.34,66008.93,Active,2025-03-18
2097,7271,Signature,774222.14,0.604,467630.17,Blocked,2023-07-30
2098,6402,Classic,111211.82,0.154,17126.62,Blocked,2025-12-15
2099,1345,Gold,260661.68,0.226,58909.54,Closed,2021-09-17
2100,1436,Gold,294123.71,0.365,107355.15,Blocked,2024-03-27
2101,9027,Gold,262206.75,0.399,104620.49,Active,2021-09-30
2102,1210,Platinum,475545.9,0.514,244430.59,Active,2021-09-22
2103,181,Classic,76503.58,0.426,32590.53,Closed,2025-08-25
2104,1261,Gold,201481.19,0.296,59638.43,Blocked,2021-07-18
2105,2064,Classic,112209.45,0.278,31194.23,Active,2021-02-19
2106,4120,Classic,102691.72,0.103,10577.25,Active,2025-01-06
2107,8540,Classic,123534.01,0.234,28906.96,Blocked,2024-04-15
2108,9584,Signature,796566.16,0.239,190379.31,Blocked,2023-08-19
2109,7731,Classic,80587.6,0.413,33282.68,Blocked,2023-03-26
2110,2703,Classic,96065.84,0.239,22959.74,Closed,2025-06-02
2111,1099,Platinum,601281.27,0.143,85983.22,Active,2021-11-13
2112,1223,Gold,296121.21,0.356,105419.15,Active,2022-06-09
2113,5404,Signature,1001308.7,0.12,120157.04,Blocked,2021-08-01
2114,4976,Signature,1179053.69,0.093,109651.99,Closed,2025-11-15
2115,1002,Signature,1172772.55,0.341,399915.44,Active,2024-10-16
2116,2197,Classic,116192.66,0.32,37181.65,Active,2024-06-28
2117,1521,Signature,1087911.84,0.449,488472.42,Blocked,2024-04-15
2118,5847,Signature,943359.93,0.207,195275.51,Closed,2025-12-05
2119,8590,Gold,269057.27,0.317,85291.15,Blocked,2022-07-06
2120,2375,Platinum,641532.37,0.154,98795.98,Active,2021-01-16
2121,721,Gold,308175.32,0.324,99848.8,Blocked,2023-11-13
2122,3413,Signature,1001596.46,0.224,224357.61,Blocked,2022-12-21
2123,9976,Platinum,495720.12,0.6,297432.07,Blocked,2022-10-01
2124,6276,Classic,111980.53,0.458,51287.08,Active,2023-03-08
2125,8259,Platinum,493987.27,0.094,46434.8,Active,2024-07-15
2126,8397,Platinum,416608.21,0.184,76655.91,Active,2021-08-10
2127,5238,Classic,74479.34,0.087,6479.7,Active,2022-03-25
2128,7829,Signature,1202121.4,0.125,150265.17,Active,2022-01-16
2129,943,Signature,978436.96,0.469,458886.93,Closed,2021-03-03
2130,3538,Signature,1295020.77,0.229,296559.76,Active,2021-12-22
2131,3667,Signature,1021259.44,0.496,506544.68,Closed,2024-09-15
2132,3155,Signature,1094970.7,0.186,203664.55,Blocked,2021-09-22
2133,5415,Platinum,475253.54,0.202,96001.22,Active,2024-01-19
2134,9288,Gold,266424.56,0.226,60211.95,Active,2023-10-11
2135,5813,Gold,255765.18,0.201,51408.8,Closed,2022-05-07
2136,4212,Classic,126545.13,0.247,31256.65,Active,2024-01-09
2137,2028,Gold,220929.62,0.207,45732.43,Blocked,2023-10-06
2138,6792,Gold,183878.46,0.111,20410.51,Blocked,2023-08-06
2139,3539,Classic,90675.21,0.307,27837.29,Active,2025-08-19
2140,8504,Classic,77501.16,0.62,48050.72,Active,2023-05-02
2141,3621,Platinum,615950.71,0.214,131813.45,Closed,2021-05-03
2142,6032,Classic,126455.16,0.226,28578.87,Closed,2021-06-20
2143,206,Classic,126257.62,0.095,11994.47,Active,2021-06-10
2144,2799,Gold,257174.05,0.534,137330.94,Blocked,2023-12-15
2145,2019,Platinum,626697.85,0.406,254439.33,Active,2021-11-01
2146,5492,Classic,87770.21,0.386,33879.3,Blocked,2021-03-16
2147,5790,Classic,79094.04,0.826,65331.68,Blocked,2025-09-13
2148,2661,Gold,284951.87,0.108,30774.8,Active,2025-11-20
2149,4118,Gold,312871.41,0.186,58194.08,Closed,2021-01-17
2150,4676,Platinum,480054.62,0.188,90250.27,Blocked,2021-04-11
2151,2132,Classic,81244.48,0.509,41353.44,Blocked,2021-06-17
2152,9417,Gold,249911.15,0.333,83220.41,Active,2025-08-22
2153,7862,Gold,271656.85,0.536,145608.07,Active,2021-08-09
2154,8225,Classic,124865.1,0.302,37709.26,Active,2022-12-07
2155,9271,Platinum,355844.46,0.314,111735.16,Active,2025-12-18
2156,1905,Classic,94049.81,0.175,16458.72,Closed,2025-09-16
2157,4022,Signature,1077829.77,0.335,361072.97,Active,2024-11-01
2158,3519,Classic,88077.72,0.186,16382.46,Active,2023-07-24
2159,3405,Platinum,423687.72,0.145,61434.72,Active,2021-09-20
2160,2131,Platinum,401666.49,0.28,112466.62,Active,2021-04-19
2161,6971,Platinum,501602.35,0.465,233245.09,Active,2021-11-17
2162,5752,Classic,87602.98,0.196,17170.18,Active,2023-01-03
2163,8540,Gold,306723.63,0.268,82201.93,Active,2022-09-07
2164,9491,Gold,238841.63,0.2,47768.33,Closed,2022-01-22
2165,3595,Platinum,358826.54,0.168,60282.86,Active,2023-09-08
2166,8323,Signature,1290902.28,0.365,471179.33,Active,2021-07-26
2167,3326,Platinum,378583.52,0.075,28393.76,Blocked,2021-01-16
2168,4520,Signature,1178760.66,0.176,207461.88,Blocked,2023-07-08
2169,7368,Signature,1160517.8,0.097,112570.23,Blocked,2024-11-08
2170,2114,Signature,1075998.86,0.234,251783.73,Blocked,2024-10-21
2171,566,Gold,252636.01,0.112,28295.23,Active,2021-12-07
2172,5115,Gold,230782.47,0.203,46848.84,Closed,2022-01-19
2173,1543,Gold,176621.87,0.245,43272.36,Active,2022-12-22
2174,9822,Classic,81560.76,0.354,28872.51,Active,2022-11-18
2175,7565,Signature,808087.87,0.394,318386.62,Active,2021-08-13
2176,1030,Platinum,374671.15,0.336,125889.51,Closed,2023-06-26
2177,8060,Signature,702899.99,0.165,115978.5,Closed,2022-12-06
2178,9127,Platinum,507039.84,0.227,115098.04,Closed,2022-05-19
2179,5540,Gold,255365.96,0.363,92697.84,Active,2022-08-18
2180,3155,Gold,191644.54,0.035,6707.56,Closed,2025-07-05
2181,1882,Gold,287626.66,0.201,57812.96,Active,2025-03-06
2182,3624,Signature,1230120.25,0.253,311220.42,Closed,2023-04-03
2183,2926,Gold,318117.59,0.613,195006.08,Active,2023-01-02
2184,2747,Classic,99143.06,0.1,9914.31,Active,2022-08-19
2185,1222,Signature,1020625.89,0.286,291899.0,Active,2025-09-19
2186,4931,Signature,751989.02,0.39,293275.72,Blocked,2024-06-09
2187,680,Classic,112950.41,0.33,37273.64,Blocked,2024-02-15
2188,240,Platinum,590850.44,0.15,88627.57,Active,2023-11-06
2189,6959,Gold,230774.68,0.208,48001.13,Closed,2022-09-04
2190,66,Platinum,369064.41,0.079,29156.09,Closed,2025-09-24
2191,6673,Signature,1208295.61,0.498,601731.21,Closed,2021-05-08
2192,5818,Gold,309065.88,0.368,113736.24,Active,2023-10-23
2193,5704,Gold,182534.03,0.412,75204.02,Closed,2025-07-03
2194,5424,Signature,710456.52,0.32,227346.09,Closed,2024-11-03
2195,332,Gold,181684.28,0.318,57775.6,Active,2022-03-11
2196,3021,Platinum,370216.53,0.108,39983.39,Active,2022-01-22
2197,8737,Platinum,566517.5,0.366,207345.4,Active,2022-11-07
2198,3531,Classic,89667.17,0.255,22865.13,Active,2024-08-19
2199,9450,Classic,92359.99,0.29,26784.4,Active,2025-12-22
2200,3165,Signature,1273113.11,0.341,434131.57,Blocked,2025-07-25
2201,5582,Classic,79980.1,0.138,11037.25,Active,2022-11-29
2202,5239,Gold,295415.48,0.404,119347.85,Closed,2022-11-26
2203,7678,Platinum,387901.79,0.423,164082.46,Blocked,2024-03-16
2204,9237,Signature,925173.26,0.138,127673.91,Active,2023-12-08
2205,5111,Classic,83847.07,0.062,5198.52,Active,2025-01-12
2206,8518,Classic,98514.69,0.396,39011.82,Active,2025-03-15
2207,5816,Classic,101378.16,0.732,74208.81,Active,2024-07-18
2208,3469,Classic,80361.13,0.448,36001.79,Active,2025-10-21
2209,9473,Classic,120613.4,0.116,13991.15,Active,2021-10-24
2210,5758,Platinum,633970.13,0.215,136303.58,Active,2025-01-05
2211,9033,Signature,715706.05,0.178,127395.68,Active,2022-11-19
2212,1023,Classic,74348.9,0.164,12193.22,Active,2025-08-13
2213,2567,Gold,210883.77,0.404,85197.04,Blocked,2021-12-05
2214,3313,Platinum,634716.61,0.426,270389.28,Active,2022-07-04
2215,5636,Platinum,378393.01,0.175,66218.78,Blocked,2021-08-30
2216,9208,Platinum,378250.09,0.028,10591.0,Active,2022-10-12
2217,7490,Platinum,528939.52,0.148,78283.05,Active,2023-01-16
2218,3988,Platinum,592987.95,0.686,406789.73,Active,2021-04-13
2219,7656,Classic,82564.65,0.353,29145.32,Active,2022-01-29
2220,2690,Platinum,529152.35,0.359,189965.69,Blocked,2024-07-04
2221,9486,Gold,296521.01,0.572,169610.02,Closed,2023-11-20
2222,1152,Classic,85177.17,0.236,20101.81,Active,2024-08-04
2223,1118,Signature,1197995.83,0.62,742757.41,Blocked,2024-02-22
2224,1461,Classic,78670.99,0.335,26354.78,Active,2024-02-20
2225,5399,Signature,979407.79,0.351,343772.13,Active,2022-03-13
2226,6874,Platinum,411025.27,0.026,10686.66,Active,2022-10-06
2227,3685,Gold,248555.8,0.159,39520.37,Active,2025-10-15
2228,9308,Gold,208867.64,0.083,17336.01,Blocked,2025-09-07
2229,630,Classic,72433.7,0.181,13110.5,Active,2022-03-06
2230,6108,Gold,189665.25,0.771,146231.91,Active,2023-12-21
2231,8878,Signature,955386.2,0.234,223560.37,Active,2023-02-24
2232,5784,Platinum,377785.83,0.418,157914.48,Active,2023-05-08
2233,1048,Platinum,617359.51,0.359,221632.06,Closed,2025-07-12
2234,5007,Gold,275744.17,0.163,44946.3,Active,2021-12-22
2235,3295,Gold,235396.43,0.36,84742.71,Active,2023-09-01
2236,168,Classic,120451.48,0.189,22765.33,Active,2021-10-09
2237,3152,Gold,267250.77,0.7,187075.54,Active,2023-11-15
2238,4409,Gold,255968.33,0.561,143598.23,Active,2025-09-06
2239,3477,Platinum,397099.75,0.363,144147.21,Closed,2024-10-27
2240,6532,Platinum,491093.69,0.438,215099.04,Closed,2024-06-22
2241,5311,Signature,1004732.31,0.444,446101.15,Active,2021-08-05
2242,9534,Classic,94729.36,0.293,27755.7,Blocked,2023-07-16
2243,7905,Gold,202832.52,0.226,45840.15,Active,2024-01-25
2244,7499,Signature,764582.89,0.153,116981.18,Active,2024-06-15
2245,7286,Platinum,405822.67,0.109,44234.67,Active,2024-08-02
2246,4670,Platinum,445925.84,0.536,239016.25,Active,2022-01-22
2247,2339,Classic,76890.42,0.315,24220.48,Blocked,2022-08-24
2248,4311,Platinum,537403.01,0.218,117153.86,Blocked,2021-09-02
2249,6837,Classic,73590.45,0.562,41357.83,Blocked,2022-04-06
2250,5634,Platinum,468327.15,0.201,94133.76,Closed,2025-02-26
2251,1431,Platinum,495649.55,0.258,127877.58,Active,2021-03-14
2252,1269,Classic,81444.73,0.262,21338.52,Closed,2022-02-03
2253,8509,Platinum,364473.25,0.151,55035.46,Closed,2025-10-18
2254,3969,Classic,79893.83,0.173,13821.63,Closed,2022-09-24
2255,539,Classic,97582.16,0.507,49474.16,Active,2024-01-06
2256,69,Gold,298529.09,0.335,100007.25,Active,2025-02-07
2257,3699,Gold,266915.5,0.014,3736.82,Active,2023-07-30
2258,7042,Classic,73167.7,0.077,5633.91,Active,2021-02-28
2259,695,Signature,911668.96,0.182,165923.75,Active,2022-04-12
2260,1280,Classic,109972.31,0.355,39040.17,Active,2025-02-09
2261,2985,Signature,914635.39,0.44,402439.57,Active,2023-03-12
2262,8218,Signature,798197.12,0.094,75030.53,Active,2022-07-14
2263,5056,Gold,317886.35,0.353,112213.88,Active,2021-03-06
2264,7609,Gold,278518.45,0.005,1392.59,Blocked,2022-11-05
2265,9291,Signature,1279560.39,0.374,478555.59,Active,2025-03-03
2266,6933,Platinum,431307.58,0.337,145350.65,Active,2022-04-19
2267,3893,Classic,74381.38,0.223,16587.05,Active,2022-10-21
2268,73,Gold,231562.58,0.193,44691.58,Active,2025-04-29
2269,7670,Signature,903005.3,0.247,223042.31,Active,2024-10-05
2270,378,Classic,122848.75,0.256,31449.28,Active,2021-02-17
2271,3300,Classic,94354.99,0.161,15191.15,Active,2025-06-04
2272,6846,Classic,100074.55,0.478,47835.63,Closed,2023-10-18
2273,795,Gold,234922.59,0.715,167969.65,Active,2022-07-29
2274,2499,Signature,1213683.16,0.051,61897.84,Active,2024-10-12
2275,5773,Signature,824110.1,0.376,309865.4,Active,2023-08-18
2276,5332,Signature,1108002.71,0.186,206088.5,Closed,2023-10-21
2277,5980,Gold,313514.44,0.252,79005.64,Active,2024-06-09
2278,5444,Signature,892353.57,0.208,185609.54,Blocked,2024-12-07
2279,2344,Gold,223725.21,0.186,41612.89,Active,2022-04-29
2280,1681,Signature,1277107.14,0.271,346096.03,Active,2023-03-30
2281,1546,Gold,239030.56,0.132,31552.03,Active,2023-06-24
2282,5427,Platinum,353905.89,0.112,39637.46,Active,2025-01-31
2283,4373,Platinum,461280.77,0.331,152683.93,Active,2021-09-23
2284,258,Classic,113201.45,0.15,16980.22,Active,2024-10-24
2285,2913,Classic,127618.25,0.32,40837.84,Active,2023-04-26
2286,4381,Signature,1221375.81,0.14,170992.61,Active,2022-09-09
2287,3627,Signature,1210757.35,0.138,167084.51,Blocked,2021-01-31
2288,7943,Platinum,516155.65,0.185,95488.8,Active,2021-05-21
2289,945,Gold,226571.15,0.284,64346.21,Active,2021-11-07
2290,1559,Signature,1100359.65,0.047,51716.9,Active,2025-10-07
2291,6869,Platinum,524417.61,0.177,92821.92,Active,2024-08-22
2292,5401,Platinum,532817.76,0.431,229644.45,Closed,2023-01-16
2293,7167,Platinum,588978.93,0.44,259150.73,Active,2023-07-28
2294,3937,Platinum,616690.13,0.519,320062.18,Active,2022-12-25
2295,2016,Classic,103371.58,0.323,33389.02,Active,2021-07-30
2296,3422,Signature,1237579.21,0.492,608888.97,Blocked,2022-08-06
2297,2501,Platinum,590069.81,0.177,104442.36,Active,2025-10-08
2298,3410,Platinum,544348.21,0.408,222094.07,Active,2025-03-17
2299,5162,Gold,267678.48,0.235,62904.44,Active,2021-06-06
2300,4647,Platinum,519738.57,0.323,167875.56,Active,2023-06-17
2301,5626,Platinum,405488.74,0.105,42576.32,Active,2021-08-06
2302,9233,Gold,182992.84,0.072,13175.48,Active,2021-08-30
2303,8909,Gold,321667.21,0.36,115800.2,Closed,2021-05-31
2304,6914,Classic,83779.86,0.186,15583.05,Closed,2022-03-03
2305,734,Platinum,417934.49,0.424,177204.22,Active,2021-08-23
2306,7534,Platinum,443624.03,0.308,136636.2,Active,2024-04-23
2307,2872,Signature,1204951.93,0.399,480775.82,Closed,2021-11-22
2308,6854,Gold,319780.68,0.228,72910.0,Active,2025-12-20
2309,2555,Gold,277544.99,0.188,52178.46,Blocked,2023-12-25
2310,3370,Platinum,467534.98,0.162,75740.67,Active,2025-07-31
2311,434,Platinum,586179.51,0.19,111374.11,Active,2021-01-28
2312,632,Signature,1151452.65,0.472,543485.65,Active,2025-04-16
2313,6992,Signature,963424.4,0.218,210026.52,Active,2024-09-15
2314,8268,Signature,1019246.45,0.06,61154.79,Active,2022-01-15
2315,1542,Gold,199155.19,0.23,45805.69,Active,2022-03-28
2316,7936,Signature,1080106.75,0.094,101530.03,Active,2024-12-01
2317,4783,Gold,200075.25,0.231,46217.38,Closed,2024-05-29
2318,7426,Classic,79037.91,0.113,8931.28,Active,2024-11-30
2319,8425,Signature,842251.27,0.203,170977.01,Blocked,2024-12-06
2320,6438,Gold,235113.22,0.121,28448.7,Active,2023-01-28
2321,6195,Classic,101853.26,0.183,18639.15,Active,2022-03-10
2322,6445,Gold,280863.28,0.41,115153.94,Closed,2024-11-25
2323,7429,Platinum,574569.67,0.35,201099.38,Active,2024-11-04
2324,9986,Classic,105215.3,0.241,25356.89,Closed,2022-05-23
2325,7307,Gold,321510.23,0.075,24113.27,Blocked,2022-11-03
2326,2889,Signature,775908.18,0.03,23277.25,Closed,2022-07-25
2327,9371,Signature,726867.58,0.592,430305.61,Active,2023-08-19
2328,2712,Signature,731367.17,0.391,285964.56,Closed,2023-04-25
2329,8796,Gold,302743.6,0.748,226452.21,Blocked,2024-12-21
2330,9629,Signature,1107269.37,0.165,182699.45,Active,2024-02-12
2331,9018,Classic,75759.74,0.407,30834.21,Active,2022-05-07
2332,2903,Platinum,438530.85,0.533,233736.94,Active,2021-01-21
2333,6893,Gold,276666.9,0.333,92130.08,Blocked,2025-08-19
2334,5488,Classic,91715.87,0.14,12840.22,Active,2023-02-19
2335,5022,Gold,281599.42,0.373,105036.58,Active,2022-04-19
2336,4474,Classic,84509.34,0.574,48508.36,Blocked,2023-01-12
2337,5118,Platinum,509312.64,0.254,129365.41,Active,2022-02-16
2338,9414,Gold,188213.64,0.364,68509.76,Active,2024-01-11
2339,8104,Platinum,487127.78,0.224,109116.62,Active,2024-09-17
2340,4568,Platinum,385154.49,0.215,82808.22,Closed,2021-06-16
2341,6156,Signature,711776.17,0.526,374394.27,Active,2022-10-22
2342,3411,Platinum,559438.74,0.345,193006.37,Closed,2021-10-23
2343,9242,Platinum,353214.34,0.417,147290.38,Active,2023-04-10
2344,5920,Classic,100948.14,0.479,48354.16,Active,2025-02-27
2345,1096,Gold,256121.16,0.171,43796.72,Active,2025-09-12
2346,4019,Gold,220621.18,0.187,41256.16,Closed,2025-12-07
2347,2196,Classic,84103.62,0.273,22960.29,Blocked,2024-06-27
2348,8266,Platinum,445002.79,0.034,15130.09,Active,2025-07-18
2349,4882,Classic,120625.01,0.066,7961.25,Active,2022-07-07
2350,2265,Signature,1074408.7,0.143,153640.44,Active,2024-07-04
2351,5295,Classic,124711.33,0.455,56743.66,Blocked,2025-02-12
2352,9826,Classic,113678.88,0.157,17847.58,Active,2023-05-04
2353,3910,Gold,190208.06,0.257,48883.47,Active,2022-11-01
2354,2470,Platinum,639099.24,0.258,164887.6,Blocked,2025-07-03
2355,6165,Gold,239170.07,0.381,91123.8,Blocked,2024-03-24
2356,143,Gold,280376.44,0.425,119159.99,Active,2025-08-08
2357,677,Classic,97564.28,0.34,33171.86,Active,2022-03-20
2358,3131,Platinum,468490.8,0.222,104004.96,Active,2022-11-25
2359,6664,Gold,301886.31,0.21,63396.13,Active,2022-04-23
2360,7988,Signature,717072.42,0.239,171380.31,Active,2022-02-11
2361,5879,Signature,1286514.8,0.094,120932.39,Active,2025-01-31
2362,9136,Platinum,389660.26,0.352,137160.41,Closed,2023-02-10
2363,623,Classic,113115.43,0.22,24885.39,Active,2021-03-24
2364,1160,Gold,175107.7,0.377,66015.6,Closed,2023-07-12
2365,45,Signature,1174475.67,0.183,214929.05,Active,2023-07-17
2366,9860,Signature,1008355.74,0.255,257130.71,Active,2021-11-11
2367,1217,Signature,1162668.89,0.48,558081.07,Closed,2022-05-16
2368,2849,Classic,96933.66,0.218,21131.54,Blocked,2021-07-08
2369,6672,Classic,90700.97,0.521,47255.21,Active,2024-05-13
2370,9311,Gold,301913.76,0.269,81214.8,Blocked,2022-01-25
2371,5661,Gold,237895.04,0.139,33067.41,Closed,2024-02-07
2372,7890,Platinum,516793.23,0.564,291471.38,Blocked,2025-11-19
2373,1868,Classic,77957.38,0.237,18475.9,Active,2023-02-03
2374,7271,Signature,873467.08,0.115,100448.71,Active,2021-05-30
2375,9053,Platinum,647729.24,0.525,340057.85,Active,2023-08-23
2376,1961,Platinum,639338.0,0.207,132342.97,Active,2022-10-05
2377,1573,Signature,725394.77,0.393,285080.14,Active,2023-03-22
2378,1240,Gold,189098.69,0.304,57486.0,Active,2022-04-01
2379,2991,Gold,202610.9,0.351,71116.43,Blocked,2024-08-02
2380,5969,Signature,704508.55,0.336,236714.87,Closed,2024-11-15
2381,32,Classic,94819.23,0.645,61158.4,Blocked,2024-08-27
2382,6720,Classic,117918.26,0.482,56836.6,Active,2021-12-27
2383,6753,Classic,99288.54,0.31,30779.45,Active,2022-04-05
2384,2577,Classic,105458.22,0.305,32164.76,Blocked,2025-01-09
2385,5205,Platinum,475524.06,0.183,87020.9,Active,2023-07-07
2386,2675,Signature,1200424.27,0.281,337319.22,Active,2025-08-15
2387,7268,Platinum,405044.28,0.299,121108.24,Blocked,2024-06-27
2388,4783,Classic,121685.58,0.132,16062.5,Blocked,2023-10-14
2389,1525,Platinum,401969.45,0.386,155160.21,Active,2023-12-30
2390,8307,Classic,123777.76,0.222,27478.66,Active,2024-09-29
2391,1105,Classic,128858.8,0.179,23065.73,Active,2022-02-06
2392,3861,Gold,314448.04,0.126,39620.45,Active,2025-06-17
2393,6317,Gold,280590.32,0.03,8417.71,Active,2025-12-23
2394,1796,Classic,87141.04,0.007,609.99,Closed,2022-09-23
2395,1596,Signature,957259.26,0.181,173263.93,Active,2022-01-29
2396,3726,Classic,74599.79,0.227,16934.15,Blocked,2021-11-11
2397,4903,Gold,207680.58,0.356,73934.29,Blocked,2022-01-02
2398,6110,Classic,72107.81,0.387,27905.72,Blocked,2024-06-12
2399,2457,Classic,80740.59,0.134,10819.24,Active,2022-10-11
2400,35,Platinum,416367.49,0.163,67867.9,Active,2021-06-13
2401,2788,Classic,116349.39,0.178,20710.19,Blocked,2022-06-10
2402,1787,Platinum,482470.95,0.462,222901.58,Closed,2024-07-06
2403,8864,Platinum,520404.24,0.397,206600.48,Closed,2023-10-27
2404,8488,Classic,97674.45,0.576,56260.48,Active,2024-12-15
2405,5400,Gold,210044.54,0.171,35917.62,Closed,2024-04-22
2406,6006,Classic,93814.57,0.175,16417.55,Active,2021-07-15
2407,2512,Classic,86876.9,0.375,32578.84,Active,2024-04-27
2408,4040,Signature,1184081.77,0.438,518627.82,Active,2025-11-11
2409,8194,Platinum,429296.29,0.38,163132.59,Active,2025-03-08
2410,980,Platinum,477826.98,0.189,90309.3,Closed,2025-12-14
2411,9475,Platinum,563129.28,0.192,108120.82,Active,2022-10-21
2412,6151,Signature,882748.42,0.535,472270.4,Closed,2022-06-10
2413,1412,Platinum,410995.92,0.294,120832.8,Active,2021-06-02
2414,2150,Classic,95210.0,0.139,13234.19,Active,2024-09-02
2415,3759,Platinum,477879.89,0.525,250886.94,Active,2021-04-09
2416,3752,Signature,1233518.33,0.101,124585.35,Active,2021-09-27
2417,2579,Gold,267756.49,0.442,118348.37,Active,2025-10-12
2418,9179,Signature,738113.48,0.456,336579.75,Active,2024-03-18
2419,3174,Signature,779988.19,0.064,49919.24,Closed,2025-06-22
2420,1750,Signature,1173884.31,0.173,203081.99,Closed,2022-11-13
2421,1285,Signature,802968.88,0.323,259358.95,Active,2024-02-02
2422,4509,Classic,73616.9,0.496,36513.98,Active,2021-11-08
2423,4399,Platinum,448224.92,0.448,200804.76,Closed,2022-08-18
2424,7091,Classic,115516.08,0.401,46321.95,Active,2021-11-20
2425,6519,Signature,819888.97,0.127,104125.9,Blocked,2024-03-10
2426,8713,Platinum,496319.19,0.198,98271.2,Active,2023-10-30
2427,641,Gold,213240.09,0.28,59707.23,Active,2023-11-17
2428,6461,Classic,119526.34,0.344,41117.06,Active,2021-07-30
2429,7665,Classic,84861.2,0.43,36490.32,Active,2021-10-29
2430,339,Classic,115411.3,0.294,33930.92,Active,2023-05-07
2431,3012,Gold,309544.52,0.121,37454.89,Blocked,2022-05-16
2432,5071,Gold,215605.79,0.303,65328.55,Active,2025-04-27
2433,749,Signature,886468.53,0.33,292534.61,Active,2022-04-27
2434,4091,Signature,747118.51,0.154,115056.25,Active,2021-10-27
2435,4824,Platinum,423645.4,0.468,198266.05,Active,2021-05-22
2436,5487,Signature,823917.6,0.242,199388.06,Active,2024-11-26
2437,1301,Gold,243576.36,0.225,54804.68,Blocked,2022-02-15
2438,9879,Classic,108085.01,0.81,87548.86,Closed,2025-09-22
2439,5892,Platinum,564809.11,0.264,149109.61,Blocked,2022-06-20
2440,7162,Signature,897412.66,0.589,528576.06,Active,2025-08-04
2441,1176,Platinum,371243.75,0.184,68308.85,Closed,2024-01-12
2442,5760,Classic,72153.93,0.206,14863.71,Active,2021-11-26
2443,7175,Signature,1222196.93,0.489,597654.3,Active,2022-01-05
2444,3220,Classic,81743.18,0.128,10463.13,Active,2021-02-10
2445,1017,Platinum,460131.24,0.312,143560.95,Active,2024-09-07
2446,9404,Gold,203514.02,0.34,69194.77,Active,2025-07-23
2447,1771,Platinum,565573.05,0.332,187770.25,Active,2025-07-13
2448,6080,Classic,118328.59,0.237,28043.88,Blocked,2025-12-22
2449,1984,Signature,955859.33,0.326,311610.14,Closed,2024-12-11
2450,6298,Classic,129273.57,0.404,52226.52,Active,2022-10-21
2451,4311,Signature,1284019.72,0.29,372365.72,Active,2024-06-28
2452,2593,Classic,91454.43,0.613,56061.57,Closed,2023-07-13
2453,4203,Gold,204179.0,0.211,43081.77,Active,2021-12-31
2454,2282,Signature,937586.7,0.231,216582.53,Active,2023-11-12
2455,1859,Signature,1166352.53,0.491,572679.09,Blocked,2025-11-06
2456,7614,Platinum,381638.58,0.249,95028.01,Active,2025-01-26
2457,2350,Signature,1210623.22,0.14,169487.25,Active,2024-07-20
2458,3617,Gold,199398.37,0.213,42471.85,Active,2025-10-19
2459,3594,Classic,97417.14,0.105,10228.8,Active,2022-10-06
2460,47,Classic,107449.77,0.056,6017.19,Active,2025-02-01
2461,6227,Platinum,649476.86,0.232,150678.63,Active,2022-08-07
2462,4659,Platinum,390386.76,0.275,107356.36,Closed,2024-09-29
2463,3099,Signature,733997.03,0.147,107897.56,Blocked,2025-11-17
2464,5336,Signature,1147024.88,0.239,274138.95,Blocked,2025-07-22
2465,3697,Classic,103614.31,0.129,13366.25,Active,2024-09-06
2466,437,Platinum,453334.52,0.077,34906.76,Blocked,2021-12-04
2467,4017,Classic,73916.73,0.166,12270.18,Active,2024-04-27
2468,8762,Platinum,509861.39,0.552,281443.49,Closed,2021-08-16
2469,371,Gold,298081.12,0.246,73327.96,Closed,2022-09-18
2470,7995,Signature,736159.09,0.143,105270.75,Active,2023-07-08
2471,7400,Gold,318376.58,0.211,67177.46,Closed,2025-03-08
2472,9090,Gold,194465.67,0.168,32670.23,Active,2024-07-07
2473,3042,Gold,191299.89,0.231,44190.27,Active,2022-04-16
2474,2442,Classic,90318.44,0.284,25650.44,Active,2024-01-28
2475,1490,Platinum,386075.25,0.343,132423.81,Active,2024-05-19
2476,1946,Gold,269305.42,0.653,175856.44,Active,2022-02-08
2477,6482,Signature,1185530.51,0.166,196798.06,Active,2021-05-17
2478,3605,Signature,1012975.69,0.094,95219.71,Closed,2023-06-26
2479,7734,Platinum,452249.98,0.175,79143.75,Closed,2024-09-23
2480,2286,Signature,1053950.54,0.079,83262.09,Blocked,2024-10-04
2481,4633,Classic,75111.54,0.079,5933.81,Active,2023-01-11
2482,9410,Classic,86172.17,0.291,25076.1,Active,2022-12-12
2483,483,Platinum,458317.04,0.373,170952.26,Closed,2023-05-10
2484,9917,Signature,1242178.47,0.105,130428.74,Active,2022-10-31
2485,6937,Classic,94337.99,0.395,37263.51,Closed,2021-02-19
2486,6866,Signature,1076475.64,0.301,324019.17,Closed,2021-06-06
2487,4927,Gold,296999.09,0.246,73061.78,Closed,2021-04-16
2488,5137,Classic,111507.74,0.163,18175.76,Active,2023-08-24
2489,9267,Gold,244517.26,0.104,25429.8,Active,2025-10-16
2490,8905,Signature,952409.19,0.318,302866.12,Active,2022-09-05
2491,3171,Platinum,603396.95,0.417,251616.53,Closed,2021-09-04
2492,1189,Signature,863657.32,0.293,253051.59,Active,2023-11-10
2493,2722,Platinum,350750.15,0.251,88038.29,Active,2022-07-05
2494,831,Classic,84322.74,0.121,10203.05,Closed,2025-01-29
2495,9439,Signature,1263799.79,0.254,321005.15,Active,2024-04-05
2496,5382,Platinum,432409.91,0.067,28971.46,Active,2024-12-03
2497,9376,Signature,922518.15,0.299,275832.93,Active,2023-09-09
2498,995,Platinum,402370.75,0.061,24544.62,Active,2021-04-18
2499,9214,Gold,316138.58,0.604,190947.7,Blocked,2025-06-26
2500,8938,Platinum,639574.16,0.053,33897.43,Active,2023-10-22
2501,6430,Classic,120395.02,0.019,2287.51,Active,2023-01-07
2502,3347,Signature,987210.6,0.341,336638.81,Active,2021-06-23
2503,4377,Gold,178679.48,0.185,33055.7,Active,2025-04-06
2504,1870,Platinum,519904.68,0.117,60828.85,Active,2023-01-17
2505,4211,Signature,755594.22,0.389,293926.15,Closed,2021-11-22
2506,864,Gold,299684.81,0.21,62933.81,Closed,2023-06-30
2507,2414,Classic,117404.73,0.179,21015.45,Active,2022-12-17
2508,4440,Signature,1147636.73,0.358,410853.95,Active,2025-06-04
2509,7392,Platinum,361948.66,0.093,33661.23,Blocked,2022-01-30
2510,3968,Gold,200060.85,0.342,68420.81,Blocked,2024-06-26
2511,7072,Platinum,429715.55,0.196,84224.25,Active,2022-08-30
2512,4622,Platinum,465354.71,0.245,114011.9,Active,2022-11-09
2513,7296,Classic,117192.42,0.416,48752.05,Blocked,2025-09-18
2514,3857,Signature,1181256.57,0.111,131119.48,Closed,2024-10-17
2515,1921,Signature,1292450.3,0.098,126660.13,Active,2023-12-22
2516,6643,Platinum,513498.9,0.187,96024.29,Active,2021-07-25
2517,253,Platinum,459061.55,0.234,107420.4,Closed,2022-02-12
2518,2521,Signature,1173708.43,0.107,125586.8,Closed,2021-03-12
2519,6880,Platinum,564890.67,0.236,133314.2,Active,2024-04-13
2520,6297,Gold,241593.72,0.427,103160.52,Blocked,2024-05-01
2521,3350,Gold,219044.86,0.183,40085.21,Active,2025-07-29
2522,172,Gold,197620.28,0.234,46243.15,Active,2024-08-16
2523,6117,Gold,257725.26,0.348,89688.39,Closed,2024-09-17
2524,3186,Signature,895349.63,0.327,292779.33,Closed,2025-11-04
2525,4687,Classic,88648.63,0.176,15602.16,Blocked,2023-03-07
2526,578,Classic,74167.79,0.245,18171.11,Active,2021-07-22
2527,715,Gold,176218.71,0.324,57094.86,Closed,2023-05-20
2528,201,Gold,219089.64,0.396,86759.5,Active,2024-09-04
2529,6920,Gold,250419.99,0.437,109433.54,Closed,2022-03-30
2530,6537,Gold,318003.71,0.129,41022.48,Active,2021-07-09
2531,2398,Platinum,562563.98,0.465,261592.25,Closed,2023-04-20
2532,5018,Gold,272890.3,0.571,155820.36,Active,2022-06-27
2533,1220,Classic,85338.18,0.144,12288.7,Active,2024-08-26
2534,8193,Signature,1195502.54,0.532,636007.35,Blocked,2025-10-15
2535,4960,Signature,845373.17,0.115,97217.91,Active,2022-02-21
2536,2364,Signature,819133.79,0.26,212974.79,Active,2025-06-27
2537,2466,Classic,91716.49,0.406,37236.89,Closed,2024-11-15
2538,553,Platinum,613663.41,0.376,230737.44,Active,2021-05-31
2539,3591,Gold,267855.86,0.416,111428.04,Closed,2022-10-31
2540,3713,Platinum,360700.8,0.23,82961.18,Active,2023-07-22
2541,9551,Classic,97961.59,0.203,19886.2,Active,2022-03-13
2542,3249,Platinum,521336.84,0.378,197065.33,Blocked,2023-11-13
2543,8012,Classic,104316.48,0.242,25244.59,Active,2023-09-26
2544,557,Classic,125120.75,0.666,83330.42,Closed,2021-05-17
2545,9226,Platinum,476393.41,0.22,104806.55,Active,2022-07-22
2546,2331,Signature,1097561.15,0.498,546585.45,Active,2022-11-14
2547,7010,Classic,74770.62,0.414,30955.04,Blocked,2021-12-24
2548,1942,Signature,1064962.16,0.326,347177.66,Active,2025-06-05
2549,7288,Platinum,542423.26,0.578,313520.64,Active,2022-12-04
2550,3051,Platinum,374258.74,0.34,127247.97,Blocked,2025-03-21
2551,6266,Signature,926782.11,0.249,230768.75,Active,2022-03-06
2552,2152,Gold,178512.64,0.221,39451.29,Active,2021-04-03
2553,9321,Gold,285495.26,0.58,165587.25,Closed,2023-12-15
2554,1189,Signature,1119070.63,0.616,689347.51,Active,2022-12-10
2555,5139,Platinum,590624.89,0.265,156515.6,Blocked,2021-12-25
2556,2866,Platinum,457265.54,0.433,197995.98,Active,2021-08-08
2557,5712,Gold,178320.37,0.458,81670.73,Active,2025-02-10
2558,9265,Signature,709844.07,0.187,132740.84,Active,2022-03-02
2559,837,Signature,912360.27,0.529,482638.58,Blocked,2023-08-09
2560,793,Platinum,551296.01,0.069,38039.42,Blocked,2025-08-10
2561,676,Signature,1245103.12,0.311,387227.07,Active,2022-10-20
2562,3584,Gold,301468.47,0.208,62705.44,Blocked,2025-12-06
2563,4861,Gold,249237.28,0.105,26169.91,Closed,2022-02-05
2564,5590,Platinum,416639.11,0.167,69578.73,Blocked,2021-05-30
2565,8494,Signature,714473.76,0.263,187906.6,Closed,2023-04-12
2566,4221,Signature,989402.56,0.272,269117.5,Active,2025-01-03
2567,1656,Gold,286045.62,0.441,126146.12,Closed,2021-06-11
2568,2478,Gold,323175.99,0.058,18744.21,Closed,2023-04-21
2569,9044,Gold,257945.23,0.485,125103.44,Blocked,2025-10-28
2570,4923,Classic,79227.81,0.219,17350.89,Blocked,2021-07-10
2571,9332,Classic,115536.37,0.113,13055.61,Active,2025-05-05
2572,97,Signature,810019.82,0.335,271356.64,Active,2022-12-30
2573,234,Classic,125068.35,0.097,12131.63,Active,2025-03-03
2574,5430,Gold,321453.65,0.334,107365.52,Blocked,2024-10-08
2575,7611,Signature,829336.95,0.342,283633.24,Closed,2024-05-01
2576,7071,Platinum,414232.85,0.736,304875.38,Blocked,2021-10-26
2577,1487,Gold,311544.73,0.108,33646.83,Active,2021-02-07
2578,3416,Gold,297481.76,0.355,105606.02,Closed,2024-09-01
2579,797,Platinum,423140.92,0.504,213263.02,Active,2024-02-06
2580,7295,Platinum,551363.16,0.208,114683.54,Closed,2021-04-03
2581,1668,Classic,129035.55,0.308,39742.95,Blocked,2023-12-10
2582,5870,Gold,228218.71,0.694,158383.78,Active,2025-01-03
2583,1130,Gold,252523.0,0.373,94191.08,Active,2024-11-24
2584,7381,Platinum,497573.28,0.091,45279.17,Active,2022-03-13
2585,9762,Gold,324942.66,0.346,112430.16,Blocked,2021-11-14
2586,2394,Classic,100516.97,0.156,15680.65,Blocked,2022-07-06
2587,1864,Gold,202938.76,0.469,95178.28,Active,2022-05-03
2588,2769,Signature,998334.47,0.388,387353.77,Blocked,2021-02-23
2589,7681,Platinum,450789.14,0.505,227648.52,Active,2023-09-04
2590,5168,Gold,261898.32,0.56,146663.06,Active,2025-11-25
2591,2268,Platinum,388482.63,0.184,71480.8,Blocked,2021-02-14
2592,5476,Gold,216242.19,0.062,13407.02,Blocked,2024-01-06
2593,3133,Gold,322555.54,0.025,8063.89,Closed,2022-09-10
2594,8740,Classic,76246.06,0.656,50017.42,Active,2022-08-09
2595,6922,Gold,278010.03,0.454,126216.55,Active,2021-12-15
2596,9808,Gold,235211.4,0.169,39750.73,Blocked,2024-09-04
2597,8253,Gold,175121.07,0.745,130465.2,Closed,2024-07-28
2598,796,Gold,299363.58,0.065,19458.63,Blocked,2023-11-12
2599,8881,Classic,89948.25,0.18,16190.68,Blocked,2022-04-20
2600,6585,Gold,245829.62,0.008,1966.64,Active,2023-01-24
2601,1256,Gold,267098.35,0.416,111112.91,Blocked,2025-02-19
2602,6592,Gold,191986.42,0.331,63547.51,Blocked,2023-10-17
2603,7534,Gold,289714.53,0.464,134427.54,Active,2025-01-23
2604,1752,Classic,106283.29,0.621,66001.92,Closed,2024-11-13
2605,6332,Signature,1269462.72,0.402,510324.01,Active,2022-04-29
2606,7385,Signature,1297282.61,0.142,184214.13,Active,2023-08-29
2607,550,Signature,854852.76,0.205,175244.82,Active,2021-03-31
2608,6492,Platinum,520270.27,0.417,216952.7,Active,2021-12-22
2609,3273,Platinum,408026.1,0.462,188508.06,Active,2023-12-19
2610,1277,Platinum,378799.09,0.139,52653.07,Active,2023-09-18
2611,709,Gold,261453.84,0.096,25099.57,Closed,2024-02-17
2612,8257,Platinum,357961.34,0.595,212987.0,Active,2021-11-20
2613,4505,Gold,311464.43,0.534,166322.01,Active,2021-10-26
2614,8212,Signature,1143832.84,0.345,394622.33,Active,2023-03-25
2615,3703,Platinum,455242.63,0.283,128833.66,Active,2023-12-14
2616,3187,Gold,230798.64,0.297,68547.2,Active,2021-08-20
2617,6092,Classic,70973.59,0.285,20227.47,Closed,2024-03-30
2618,1519,Gold,222861.08,0.415,92487.35,Active,2025-11-04
2619,8575,Platinum,508009.92,0.055,27940.55,Active,2025-08-20
2620,935,Platinum,562453.53,0.63,354345.72,Closed,2025-06-11
2621,3575,Classic,86833.46,0.042,3647.01,Closed,2022-04-06
2622,4917,Gold,314413.79,0.179,56280.07,Active,2021-06-04
2623,170,Platinum,518733.17,0.108,56023.18,Active,2024-06-03
2624,6146,Gold,319466.99,0.249,79547.28,Closed,2024-04-04
2625,9712,Signature,860829.42,0.245,210903.21,Active,2023-02-10
2626,4007,Signature,900396.61,0.213,191784.48,Active,2025-11-02
2627,9685,Classic,102973.05,0.114,11738.93,Closed,2023-05-16
2628,8483,Platinum,424414.52,0.172,72999.3,Active,2021-03-07
2629,5912,Signature,1020692.78,0.078,79614.04,Active,2023-09-06
2630,3191,Signature,851774.07,0.315,268308.83,Closed,2025-01-10
2631,5617,Platinum,478138.05,0.218,104234.09,Active,2023-08-04
2632,2013,Platinum,416491.84,0.327,136192.83,Active,2021-12-11
2633,2986,Classic,104952.27,0.366,38412.53,Active,2022-04-06
2634,9917,Gold,220347.43,0.364,80206.46,Closed,2023-07-26
2635,9256,Gold,254670.13,0.142,36163.16,Active,2025-06-21
2636,2451,Gold,175390.93,0.204,35779.75,Active,2024-05-08
2637,421,Platinum,366777.27,0.181,66386.69,Active,2022-09-27
2638,6467,Gold,268213.05,0.33,88510.31,Active,2025-10-28
2639,1225,Gold,277755.32,0.222,61661.68,Closed,2025-04-08
2640,6946,Classic,96098.16,0.366,35171.93,Active,2022-12-31
2641,7314,Classic,88771.54,0.429,38082.99,Closed,2021-04-23
2642,1501,Signature,1055822.14,0.756,798201.54,Active,2022-08-24
2643,3958,Platinum,409575.55,0.3,122872.66,Active,2021-04-29
2644,1847,Classic,85416.62,0.142,12129.16,Blocked,2022-06-13
2645,3003,Classic,122986.22,0.091,11191.75,Active,2022-08-24
2646,8054,Classic,120356.95,0.141,16970.33,Active,2023-05-03
2647,7869,Gold,287384.52,0.136,39084.29,Closed,2023-02-03
2648,8376,Gold,238494.97,0.223,53184.38,Blocked,2025-11-17
2649,4430,Classic,128653.68,0.13,16724.98,Closed,2025-11-02
2650,273,Signature,1050102.21,0.548,575456.01,Active,2023-02-14
2651,4637,Gold,216748.25,0.382,82797.83,Active,2025-08-27
2652,9207,Gold,230937.35,0.569,131403.35,Active,2023-09-08
2653,8195,Gold,218773.37,0.108,23627.52,Blocked,2024-07-03
2654,4369,Platinum,379083.88,0.045,17058.77,Active,2023-08-21
2655,1743,Platinum,594751.7,0.17,101107.79,Closed,2025-05-18
2656,8399,Platinum,572445.43,0.589,337170.36,Closed,2025-04-25
2657,4802,Classic,97503.49,0.171,16673.1,Active,2021-10-28
2658,770,Classic,87235.27,0.367,32015.34,Active,2025-10-24
2659,7814,Gold,249035.65,0.313,77948.16,Active,2023-08-02
2660,234,Gold,190934.87,0.481,91839.67,Active,2022-05-08
2661,9116,Platinum,376336.89,0.544,204727.27,Blocked,2025-12-13
2662,6229,Platinum,559562.52,0.236,132056.75,Active,2024-03-12
2663,4704,Signature,1179578.96,0.247,291356.0,Closed,2021-04-10
2664,2025,Signature,947784.76,0.352,333620.24,Blocked,2024-04-08
2665,8299,Signature,1100204.88,0.363,399374.37,Closed,2021-12-09
2666,5245,Platinum,432521.1,0.264,114185.57,Active,2024-12-26
2667,86,Signature,1118060.3,0.088,98389.31,Active,2024-12-11
2668,5832,Platinum,524246.02,0.161,84403.61,Active,2024-06-16
2669,2215,Classic,75579.19,0.238,17987.85,Active,2023-05-27
2670,6539,Signature,943535.74,0.343,323632.76,Active,2024-04-26
2671,2098,Signature,877137.29,0.362,317523.7,Active,2023-12-28
2672,1087,Signature,709591.42,0.332,235584.35,Active,2021-10-04
2673,5601,Signature,1163231.98,0.239,278012.44,Blocked,2025-09-09
2674,4035,Classic,87105.87,0.226,19685.93,Active,2024-01-09
2675,7174,Platinum,422336.78,0.222,93758.77,Active,2025-08-09
2676,9736,Classic,109734.75,0.139,15253.13,Active,2024-11-12
2677,6647,Platinum,527601.03,0.142,74919.35,Active,2021-03-08
2678,358,Signature,782806.91,0.284,222317.16,Active,2023-03-27
2679,9426,Gold,229752.64,0.511,117403.6,Active,2024-05-29
2680,4828,Gold,283285.99,0.225,63739.35,Active,2022-07-16
2681,3414,Signature,1001705.51,0.391,391666.85,Active,2024-05-06
2682,3941,Platinum,368916.42,0.558,205855.36,Blocked,2023-01-08
2683,5764,Signature,1192057.36,0.264,314703.14,Closed,2024-07-02
2684,4373,Platinum,387117.17,0.209,80907.49,Active,2024-09-30
2685,5048,Gold,218293.82,0.195,42567.29,Blocked,2025-09-16
2686,4222,Signature,1220925.13,0.336,410230.84,Active,2023-05-07
2687,60,Classic,118773.09,0.366,43470.95,Active,2024-07-23
2688,9972,Gold,188533.34,0.162,30542.4,Active,2024-03-27
2689,247,Signature,1193763.28,0.226,269790.5,Blocked,2023-04-23
2690,8591,Gold,315443.0,0.036,11355.95,Active,2022-04-18
2691,3817,Platinum,440860.06,0.424,186924.67,Blocked,2021-07-13
2692,1131,Gold,303935.31,0.091,27658.11,Active,2025-04-29
2693,4547,Classic,126437.84,0.361,45644.06,Active,2021-09-12
2694,3618,Signature,946153.56,0.4,378461.42,Active,2025-10-13
2695,600,Platinum,490848.95,0.199,97678.94,Blocked,2023-11-05
2696,5461,Signature,1006442.27,0.366,368357.87,Closed,2024-02-12
2697,8845,Platinum,457671.24,0.384,175745.76,Active,2024-02-08
2698,784,Signature,992722.87,0.103,102250.46,Active,2022-11-21
2699,6019,Gold,270249.19,0.171,46212.61,Closed,2024-08-02
2700,8565,Gold,277507.58,0.644,178714.88,Active,2021-05-26
2701,5710,Signature,915555.27,0.135,123599.96,Blocked,2025-10-01
2702,2738,Gold,206492.6,0.273,56372.48,Active,2021-05-02
2703,9587,Signature,712514.39,0.407,289993.36,Active,2025-10-01
2704,4005,Signature,1228018.57,0.439,539100.15,Closed,2024-11-01
2705,9806,Gold,264924.27,0.082,21723.79,Active,2025-10-23
2706,8759,Platinum,564728.42,0.409,230973.92,Blocked,2023-07-21
2707,4290,Signature,768642.0,0.427,328210.13,Closed,2023-04-28
2708,6112,Platinum,548936.55,0.177,97161.77,Blocked,2021-01-10
2709,9460,Gold,177712.11,0.461,81925.28,Active,2023-11-11
2710,1584,Gold,216521.16,0.24,51965.08,Blocked,2025-03-16
2711,1344,Classic,84835.51,0.436,36988.28,Blocked,2024-07-09
2712,8590,Signature,753925.56,0.283,213360.93,Closed,2022-10-18
2713,2921,Classic,126129.21,0.354,44649.74,Blocked,2024-05-26
2714,2307,Gold,184545.22,0.252,46505.4,Blocked,2025-02-10
2715,9171,Classic,80235.67,0.374,30008.14,Active,2025-01-08
2716,4369,Gold,286206.16,0.146,41786.1,Active,2024-10-06
2717,4633,Platinum,530434.21,0.562,298104.03,Active,2024-04-17
2718,1544,Classic,125343.49,0.274,34344.12,Active,2022-07-02
2719,8836,Signature,727434.64,0.136,98931.11,Active,2023-04-21
2720,5481,Platinum,434556.32,0.72,312880.55,Active,2025-01-28
2721,4497,Classic,76421.67,0.204,15590.02,Blocked,2021-12-08
2722,7082,Platinum,458937.82,0.304,139517.1,Blocked,2022-01-03
2723,3488,Signature,1195094.4,0.081,96802.65,Blocked,2025-07-05
2724,6040,Platinum,447147.94,0.529,236541.26,Active,2022-06-08
2725,6788,Classic,91003.11,0.27,24570.84,Blocked,2025-08-31
2726,2282,Classic,80294.72,0.451,36212.92,Active,2023-01-08
2727,1363,Gold,182886.48,0.375,68582.43,Active,2021-07-03
2728,7964,Signature,1018475.06,0.433,440999.7,Active,2023-11-09
2729,6890,Signature,1027874.13,0.463,475905.72,Active,2023-05-09
2730,2511,Platinum,598228.64,0.642,384062.79,Closed,2021-06-10
2731,6678,Signature,953279.69,0.284,270731.43,Closed,2025-09-07
2732,9721,Signature,841272.51,0.041,34492.17,Active,2021-09-26
2733,9878,Gold,279790.28,0.217,60714.49,Blocked,2021-11-24
2734,2319,Platinum,530556.44,0.244,129455.77,Active,2022-02-03
2735,3662,Platinum,450253.04,0.189,85097.82,Blocked,2025-05-30
2736,1866,Signature,841101.31,0.246,206910.92,Closed,2025-03-06
2737,548,Platinum,484032.35,0.1,48403.24,Active,2023-12-11
2738,4680,Signature,1068598.96,0.203,216925.59,Active,2025-06-17
2739,117,Gold,285103.03,0.179,51033.44,Active,2021-06-26
2740,4968,Gold,246294.64,0.11,27092.41,Active,2022-01-07
2741,648,Gold,196029.89,0.286,56064.55,Active,2023-03-23
2742,8604,Platinum,574987.23,0.082,47148.95,Active,2021-12-24
2743,8669,Gold,293762.22,0.125,36720.28,Active,2022-05-22
2744,6522,Gold,303225.27,0.424,128567.51,Active,2025-11-02
2745,7558,Platinum,485858.44,0.45,218636.3,Closed,2025-10-10
2746,3951,Gold,179484.86,0.35,62819.7,Closed,2021-07-01
2747,5839,Gold,186033.12,0.329,61204.9,Active,2022-05-31
2748,6170,Classic,75419.57,0.27,20363.28,Active,2022-11-08
2749,8849,Classic,80895.8,0.142,11487.2,Blocked,2021-06-18
2750,5644,Gold,230798.71,0.188,43390.16,Blocked,2022-05-05
2751,9300,Gold,228392.24,0.132,30147.78,Closed,2022-11-04
2752,8615,Classic,101672.15,0.201,20436.1,Blocked,2021-07-10
2753,1022,Classic,99526.23,0.663,65985.89,Blocked,2025-06-23
2754,109,Platinum,624620.37,0.367,229235.68,Blocked,2025-08-16
2755,7738,Classic,123890.05,0.303,37538.69,Closed,2022-01-19
2756,373,Signature,828787.9,0.489,405277.28,Active,2024-12-27
2757,9382,Platinum,481234.13,0.282,135708.02,Closed,2023-09-18
2758,2445,Signature,822562.22,0.306,251704.04,Blocked,2025-03-21
2759,7994,Signature,822904.29,0.101,83113.33,Active,2024-04-10
2760,8354,Signature,1152786.65,0.181,208654.38,Active,2024-01-01
2761,2630,Platinum,603610.08,0.465,280678.69,Closed,2024-09-15
2762,9746,Signature,832024.65,0.626,520847.43,Active,2024-02-09
2763,3298,Gold,256133.18,0.441,112954.73,Active,2021-05-25
2764,3725,Gold,254604.63,0.145,36917.67,Active,2024-10-30
2765,5531,Platinum,600516.59,0.236,141721.92,Closed,2024-01-12
2766,2511,Platinum,613687.46,0.049,30070.69,Closed,2021-08-01
2767,9547,Platinum,396845.94,0.374,148420.38,Blocked,2021-01-27
2768,6995,Platinum,473277.62,0.398,188364.49,Active,2025-10-28
2769,7754,Classic,72808.83,0.298,21697.03,Active,2024-01-04
2770,3240,Signature,918666.29,0.18,165359.93,Active,2023-09-01
2771,1242,Gold,209992.2,0.342,71817.33,Closed,2025-01-25
2772,4000,Gold,324812.72,0.222,72108.42,Active,2021-08-25
2773,3556,Platinum,497638.52,0.116,57726.07,Closed,2023-02-07
2774,7555,Classic,70206.53,0.249,17481.43,Active,2025-10-10
2775,5375,Signature,1016904.57,0.525,533874.9,Active,2022-11-13
2776,1023,Signature,1058792.27,0.496,525160.97,Closed,2025-06-16
2777,3261,Classic,75322.33,0.114,8586.75,Active,2022-07-22
2778,4584,Gold,319382.61,0.672,214625.11,Closed,2022-09-29
2779,3174,Platinum,628803.47,0.231,145253.6,Active,2025-12-02
2780,2255,Classic,77918.39,0.16,12466.94,Active,2022-08-01
2781,3345,Classic,73682.79,0.427,31462.55,Active,2023-08-15
2782,2055,Signature,946380.38,0.239,226184.91,Active,2022-03-21
2783,3222,Signature,1006069.26,0.31,311881.47,Active,2021-09-01
2784,7991,Signature,1077333.94,0.524,564522.98,Active,2021-05-22
2785,47,Gold,251459.91,0.172,43251.1,Closed,2024-10-14
2786,1770,Platinum,527956.69,0.508,268202.0,Blocked,2023-02-18
2787,5053,Platinum,393941.0,0.194,76424.55,Active,2021-12-22
2788,2722,Classic,71481.2,0.496,35454.68,Blocked,2023-12-08
2789,7731,Signature,999859.33,0.427,426939.93,Closed,2023-04-19
2790,6370,Classic,129328.02,0.369,47722.04,Active,2021-02-28
2791,4651,Signature,759145.62,0.115,87301.75,Closed,2023-11-02
2792,9008,Signature,1235626.51,0.171,211292.13,Blocked,2022-08-11
2793,3955,Classic,76401.95,0.546,41715.46,Active,2024-04-06
2794,5367,Gold,304452.52,0.018,5480.15,Active,2023-10-16
2795,5013,Classic,83383.68,0.168,14008.46,Active,2023-12-13
2796,7633,Classic,95758.33,0.13,12448.58,Closed,2025-02-02
2797,1237,Gold,291084.23,0.119,34639.02,Closed,2023-09-19
2798,9900,Classic,76885.82,0.348,26756.27,Active,2025-12-21
2799,9259,Platinum,620320.33,0.306,189818.02,Active,2024-01-22
2800,7642,Platinum,551764.32,0.404,222912.79,Closed,2021-02-12
2801,5904,Signature,1001426.24,0.215,215306.64,Closed,2024-09-14
2802,5360,Classic,121818.65,0.096,11694.59,Active,2024-07-06
2803,7373,Gold,300871.4,0.184,55360.34,Active,2025-10-07
2804,207,Gold,236066.63,0.03,7082.0,Blocked,2023-12-12
2805,5578,Gold,323287.49,0.517,167139.63,Closed,2023-01-02
2806,5273,Classic,95501.66,0.145,13847.74,Active,2022-07-19
2807,6443,Signature,877901.85,0.134,117638.85,Active,2025-06-08
2808,8491,Signature,1245121.94,0.313,389723.17,Active,2025-03-30
2809,3574,Classic,83649.09,0.747,62485.87,Active,2021-02-06
2810,3029,Gold,194819.47,0.336,65459.34,Active,2025-06-26
2811,1105,Classic,94676.09,0.67,63432.98,Active,2023-02-08
2812,8754,Signature,758167.55,0.334,253227.96,Active,2023-01-04
2813,7856,Signature,1056378.2,0.259,273601.95,Closed,2024-03-30
2814,5085,Platinum,379224.69,0.313,118697.33,Active,2025-05-19
2815,737,Gold,212409.4,0.708,150385.86,Closed,2025-02-25
2816,606,Platinum,632751.79,0.232,146798.42,Active,2021-10-30
2817,6455,Platinum,605290.35,0.284,171902.46,Blocked,2021-03-27
2818,8433,Classic,83422.63,0.28,23358.34,Active,2023-01-31
2819,6266,Gold,239817.48,0.049,11751.06,Active,2022-12-01
2820,5189,Platinum,423408.69,0.377,159625.08,Active,2023-02-19
2821,9413,Signature,994771.25,0.097,96492.81,Closed,2024-05-12
2822,7163,Classic,91676.8,0.208,19068.77,Closed,2025-08-28
2823,3186,Gold,257962.35,0.264,68102.06,Blocked,2023-01-07
2824,1409,Platinum,593093.71,0.032,18979.0,Active,2022-09-21
2825,5164,Gold,271230.59,0.173,46922.89,Active,2021-04-13
2826,1280,Gold,231249.69,0.533,123256.08,Blocked,2023-12-12
2827,617,Gold,227992.19,0.48,109436.25,Active,2023-07-11
2828,3820,Signature,991708.92,0.18,178507.61,Blocked,2022-08-07
2829,7754,Classic,127288.65,0.32,40732.37,Blocked,2022-03-12
2830,7433,Classic,75071.0,0.39,29277.69,Active,2025-02-05
2831,367,Platinum,517065.76,0.142,73423.34,Active,2023-11-03
2832,1291,Gold,242171.02,0.209,50613.74,Active,2024-04-04
2833,7553,Classic,93778.29,0.237,22225.45,Blocked,2024-03-08
2834,9298,Gold,294400.71,0.354,104217.85,Closed,2022-01-23
2835,3967,Gold,203241.7,0.071,14430.16,Active,2021-11-18
2836,8532,Platinum,359428.7,0.435,156351.48,Active,2024-11-22
2837,3295,Gold,176489.78,0.158,27885.39,Closed,2023-02-21
2838,2506,Signature,1055064.45,0.156,164590.05,Active,2024-02-26
2839,270,Platinum,389462.11,0.316,123070.03,Active,2023-11-30
2840,8676,Classic,98609.98,0.101,9959.61,Active,2023-08-30
2841,1275,Classic,127948.46,0.102,13050.74,Active,2023-06-25
2842,4096,Platinum,602200.42,0.291,175240.32,Active,2023-09-13
2843,527,Classic,76042.17,0.321,24409.54,Active,2025-11-09
2844,1779,Signature,1158667.36,0.092,106597.4,Closed,2022-08-27
2845,725,Classic,109564.65,0.247,27062.47,Active,2021-03-16
2846,7654,Platinum,485263.02,0.255,123742.07,Closed,2022-06-29
2847,3883,Gold,308598.71,0.428,132080.25,Active,2024-03-17
2848,8830,Signature,714763.19,0.406,290193.86,Active,2021-06-02
2849,5642,Gold,280560.8,0.116,32545.05,Active,2025-06-04
2850,8421,Signature,718419.25,0.485,348433.34,Closed,2021-10-30
2851,6844,Platinum,591133.12,0.181,106995.09,Active,2021-08-13
2852,9626,Signature,1106336.42,0.022,24339.4,Active,2025-07-18
2853,5186,Gold,228194.4,0.361,82378.18,Active,2024-02-02
2854,238,Signature,1104785.83,0.26,287244.32,Blocked,2025-03-19
2855,6947,Platinum,515386.91,0.236,121631.31,Closed,2022-07-23
2856,2683,Platinum,398115.76,0.381,151682.1,Active,2025-08-25
2857,1982,Classic,99861.54,0.18,17975.08,Active,2023-08-06
2858,9372,Signature,801142.59,0.241,193075.36,Active,2021-11-14
2859,7834,Classic,77248.02,0.339,26187.08,Active,2023-05-25
2860,7900,Classic,97721.43,0.217,21205.55,Active,2023-02-14
2861,3452,Classic,84662.17,0.491,41569.13,Active,2024-08-05
2862,9833,Platinum,441216.01,0.077,33973.63,Active,2024-11-10
2863,687,Signature,1090571.72,0.21,229020.06,Active,2023-03-21
2864,4560,Platinum,434809.99,0.081,35219.61,Blocked,2021-10-31
2865,2494,Signature,1209081.06,0.16,193452.97,Blocked,2022-11-07
2866,4305,Gold,267292.22,0.199,53191.15,Active,2025-12-14
2867,175,Signature,779331.03,0.484,377196.22,Blocked,2021-09-11
2868,6500,Classic,95292.05,0.194,18486.66,Active,2024-12-27
2869,979,Signature,1226409.92,0.325,398583.22,Active,2021-04-07
2870,9684,Signature,875827.54,0.139,121740.03,Active,2024-10-16
2871,7298,Platinum,596736.76,0.334,199310.08,Blocked,2025-06-06
2872,3080,Classic,78307.05,0.333,26076.25,Closed,2025-11-29
2873,7266,Platinum,405017.83,0.236,95584.21,Blocked,2021-10-02
2874,9814,Classic,80031.03,0.126,10083.91,Blocked,2022-06-27
2875,8301,Gold,278079.87,0.155,43102.38,Closed,2025-03-17
2876,2940,Platinum,435858.54,0.351,152986.35,Active,2025-03-29
2877,3199,Gold,189248.27,0.328,62073.43,Blocked,2023-03-18
2878,2674,Classic,106018.55,0.158,16750.93,Blocked,2021-08-24
2879,1460,Platinum,382505.79,0.106,40545.61,Active,2023-03-17
2880,7812,Signature,872613.37,0.173,150962.11,Active,2021-05-11
2881,3182,Classic,100510.98,0.157,15780.22,Active,2024-11-22
2882,9633,Platinum,641074.96,0.167,107059.52,Blocked,2024-08-11
2883,3887,Gold,308922.61,0.201,62093.44,Blocked,2024-11-05
2884,851,Signature,1235670.11,0.13,160637.11,Active,2025-12-31
2885,6584,Signature,831917.62,0.345,287011.58,Active,2025-01-06
2886,2255,Signature,1004728.65,0.285,286347.67,Closed,2022-06-12
2887,7848,Signature,775136.91,0.136,105418.62,Closed,2025-11-11
2888,3564,Classic,101939.92,0.289,29460.64,Active,2025-04-06
2889,1123,Signature,1131527.61,0.42,475241.6,Closed,2025-04-05
2890,6777,Gold,202299.14,0.57,115310.51,Active,2025-10-05
2891,3634,Classic,83781.78,0.275,23039.99,Blocked,2023-03-31
2892,672,Platinum,385198.02,0.322,124033.76,Active,2021-11-01
2893,9959,Gold,214113.83,0.071,15202.08,Active,2022-08-20
2894,1263,Platinum,469398.3,0.386,181187.74,Active,2021-06-11
2895,8390,Signature,1065355.5,0.16,170456.88,Active,2024-10-30
2896,1283,Gold,248110.05,0.17,42178.71,Active,2021-03-06
2897,2298,Platinum,574911.56,0.258,148327.18,Closed,2025-07-10
2898,4818,Signature,1252769.69,0.223,279367.64,Active,2023-01-16
2899,206,Platinum,356386.99,0.063,22452.38,Active,2024-06-03
2900,971,Gold,250337.85,0.159,39803.72,Active,2022-04-20
2901,72,Classic,72785.76,0.313,22781.94,Closed,2022-09-03
2902,4566,Gold,272869.82,0.707,192918.96,Active,2024-08-04
2903,9186,Classic,88316.38,0.546,48220.74,Closed,2024-05-30
2904,6395,Classic,121277.55,0.266,32259.83,Blocked,2023-09-25
2905,7136,Signature,799706.06,0.168,134350.62,Active,2023-02-01
2906,9011,Platinum,588810.1,0.065,38272.66,Closed,2021-07-09
2907,5110,Classic,76167.15,0.058,4417.69,Blocked,2023-06-03
2908,1830,Gold,286429.78,0.14,40100.17,Active,2021-10-15
2909,272,Classic,86083.97,0.509,43816.74,Closed,2023-08-12
2910,5597,Signature,949792.37,0.213,202305.77,Active,2025-11-05
2911,1174,Platinum,459362.26,0.063,28939.82,Active,2022-04-04
2912,6122,Gold,189532.05,0.18,34115.77,Blocked,2022-09-08
2913,5649,Classic,96911.45,0.281,27232.12,Active,2025-08-29
2914,794,Platinum,433456.81,0.26,112698.77,Active,2021-04-12
2915,6276,Signature,1235545.43,0.349,431205.36,Active,2023-04-17
2916,1767,Gold,175641.7,0.461,80970.82,Active,2025-10-12
2917,6490,Signature,1230948.91,0.211,259730.22,Active,2023-04-19
2918,8470,Gold,260293.44,0.179,46592.53,Active,2024-02-06
2919,767,Gold,236844.81,0.243,57553.29,Active,2022-11-07
2920,8270,Signature,752495.98,0.126,94814.49,Active,2024-03-12
2921,802,Signature,1299035.68,0.313,406598.17,Active,2022-03-30
2922,2323,Classic,90249.2,0.325,29330.99,Closed,2023-12-02
2923,6762,Signature,1268318.11,0.279,353860.75,Blocked,2023-06-04
2924,3939,Gold,276072.37,0.253,69846.31,Active,2025-02-06
2925,5247,Platinum,389846.95,0.12,46781.63,Active,2024-12-04
2926,830,Classic,125244.43,0.109,13651.64,Active,2021-02-13
2927,1848,Platinum,375886.8,0.099,37212.79,Closed,2022-12-05
2928,8977,Gold,289556.06,0.522,151148.26,Blocked,2022-04-02
2929,816,Gold,322941.09,0.347,112060.56,Active,2021-06-15
2930,1042,Gold,286159.92,0.159,45499.43,Active,2023-07-08
2931,5066,Signature,825672.66,0.419,345956.84,Active,2023-12-27
2932,197,Classic,115385.42,0.456,52615.75,Active,2022-03-17
2933,5118,Gold,245110.98,0.658,161283.02,Active,2024-10-23
2934,4577,Platinum,618767.64,0.097,60020.46,Blocked,2024-09-14
2935,8379,Classic,100371.64,0.284,28505.55,Active,2023-11-30
2936,8060,Gold,266932.26,0.057,15215.14,Closed,2025-04-08
2937,7345,Signature,917842.53,0.329,301970.19,Active,2022-05-07
2938,2068,Gold,263390.68,0.863,227306.16,Active,2023-05-25
2939,4815,Signature,1274223.66,0.41,522431.7,Blocked,2025-08-27
2940,7113,Gold,289401.41,0.384,111130.14,Active,2023-03-21
2941,3534,Platinum,555350.55,0.376,208811.81,Active,2025-12-14
2942,5295,Gold,256071.53,0.109,27911.8,Active,2023-05-14
2943,1229,Gold,203617.09,0.291,59252.57,Closed,2022-06-16
2944,2512,Signature,834140.45,0.126,105101.7,Blocked,2023-05-05
2945,2670,Signature,1115639.76,0.065,72516.58,Active,2021-12-05
2946,6395,Classic,117121.74,0.269,31505.75,Active,2023-07-02
2947,8347,Platinum,462438.14,0.494,228444.44,Closed,2023-12-25
2948,4429,Platinum,645610.25,0.4,258244.1,Blocked,2025-04-20
2949,8214,Signature,1057621.65,0.157,166046.6,Closed,2023-05-01
2950,9343,Signature,900181.19,0.215,193538.96,Active,2024-03-19
2951,4420,Platinum,585805.21,0.287,168126.1,Active,2022-12-24
2952,9243,Signature,1109188.7,0.322,357158.76,Active,2025-10-26
2953,8917,Classic,128893.14,0.105,13533.78,Blocked,2023-05-18
2954,3798,Signature,713317.56,0.162,115557.44,Blocked,2023-05-22
2955,8310,Classic,89534.83,0.339,30352.31,Blocked,2021-04-27
2956,8696,Signature,1267297.54,0.296,375120.07,Blocked,2023-09-16
2957,7903,Signature,1081374.55,0.48,519059.78,Active,2023-07-22
2958,7360,Classic,116933.95,0.53,61974.99,Closed,2025-10-20
2959,4806,Platinum,397839.92,0.407,161920.85,Active,2021-05-31
2960,4514,Signature,710385.45,0.422,299782.66,Active,2023-03-03
2961,8842,Classic,77138.11,0.544,41963.13,Blocked,2021-10-10
2962,1033,Platinum,549847.15,0.386,212241.0,Active,2022-06-26
2963,124,Platinum,609724.64,0.388,236573.16,Active,2025-11-26
2964,6035,Signature,1256313.87,0.522,655795.84,Active,2022-12-22
2965,5111,Signature,1186010.5,0.35,415103.67,Active,2023-03-22
2966,5547,Signature,901273.53,0.639,575913.79,Blocked,2024-07-28
2967,6990,Platinum,411884.38,0.608,250425.7,Active,2024-12-25
2968,9539,Gold,178471.33,0.707,126179.23,Blocked,2023-02-16
2969,17,Signature,786162.35,0.265,208333.02,Active,2023-10-19
2970,7080,Classic,117962.04,0.061,7195.68,Active,2021-02-03
2971,6103,Gold,238418.16,0.716,170707.4,Active,2025-01-07
2972,8775,Signature,1096297.28,0.047,51525.97,Active,2025-11-22
2973,2160,Classic,118164.25,0.021,2481.45,Closed,2025-10-28
2974,2791,Platinum,530837.9,0.185,98205.01,Blocked,2022-02-20
2975,6613,Classic,111192.17,0.076,8450.6,Closed,2023-05-28
2976,816,Signature,794005.92,0.041,32554.24,Active,2023-09-19
2977,949,Platinum,476475.55,0.688,327815.18,Blocked,2024-07-08
2978,371,Signature,754106.82,0.657,495448.18,Active,2022-07-17
2979,3876,Signature,980840.78,0.113,110835.01,Active,2025-12-20
2980,957,Classic,80710.87,0.357,28813.78,Active,2022-08-28
2981,6662,Classic,82834.64,0.35,28992.12,Closed,2022-08-09
2982,612,Gold,206782.73,0.067,13854.44,Active,2021-05-13
2983,4475,Platinum,383120.23,0.047,18006.65,Active,2022-09-29
2984,8336,Gold,222293.8,0.678,150715.2,Blocked,2025-05-30
2985,924,Platinum,593010.82,0.136,80649.47,Blocked,2021-10-04
2986,5379,Classic,102415.14,0.149,15259.86,Blocked,2024-04-27
2987,2671,Signature,820405.92,0.03,24612.18,Active,2024-03-08
2988,6570,Classic,116356.62,0.509,59225.52,Active,2022-02-25
2989,7001,Classic,75607.72,0.33,24950.55,Closed,2024-09-04
2990,6121,Signature,998629.38,0.472,471353.07,Blocked,2024-11-23
2991,5211,Signature,1186900.69,0.618,733504.63,Active,2023-12-12
2992,3195,Gold,189515.17,0.323,61213.4,Active,2024-05-17
2993,6454,Platinum,567762.06,0.406,230511.4,Closed,2021-08-08
2994,1533,Platinum,489128.12,0.166,81195.27,Active,2025-12-11
2995,9180,Platinum,606412.14,0.181,109760.6,Active,2025-01-07
2996,8874,Platinum,582535.44,0.218,126992.73,Active,2021-04-03
2997,7241,Platinum,471960.63,0.464,218989.73,Active,2025-10-15
2998,330,Signature,988437.0,0.191,188791.47,Active,2025-04-19
2999,8322,Gold,324930.37,0.301,97804.04,Active,2022-08-12
3000,3551,Classic,72780.34,0.038,2765.65,Blocked,2022-12-15
3001,9680,Gold,219617.84,0.359,78842.8,Active,2021-04-03
3002,9985,Gold,285896.82,0.093,26588.4,Blocked,2023-05-16
3003,1085,Gold,272622.43,0.428,116682.4,Active,2023-09-19
3004,713,Classic,105089.86,0.427,44873.37,Active,2024-02-13
3005,533,Gold,269932.54,0.553,149272.69,Active,2021-01-22
3006,9774,Platinum,372724.35,0.194,72308.52,Blocked,2023-06-28
3007,1404,Gold,214500.78,0.115,24667.59,Active,2021-04-17
3008,2240,Signature,734807.85,0.277,203541.77,Blocked,2021-09-03
3009,6147,Classic,90581.07,0.089,8061.72,Blocked,2021-09-09
3010,2549,Classic,104980.14,0.094,9868.13,Blocked,2023-10-15
3011,4296,Classic,77948.11,0.063,4910.73,Active,2023-10-16
3012,9944,Classic,97833.62,0.405,39622.62,Active,2022-10-21
3013,570,Signature,928194.42,0.436,404692.77,Closed,2022-12-12
3014,5539,Gold,178160.96,0.459,81775.88,Active,2024-09-10
3015,7844,Classic,129412.78,0.608,78682.97,Active,2021-08-27
3016,1109,Gold,289269.8,0.385,111368.87,Blocked,2021-11-21
3017,6298,Gold,305865.59,0.396,121122.77,Active,2021-02-24
3018,4801,Platinum,478355.36,0.268,128199.24,Active,2023-04-18
3019,7864,Gold,197898.91,0.319,63129.75,Active,2021-11-12
3020,7599,Gold,211216.47,0.271,57239.66,Active,2022-04-17
3021,3953,Classic,129901.94,0.192,24941.17,Active,2024-11-26
3022,1016,Gold,194166.8,0.217,42134.2,Active,2021-10-05
3023,4651,Gold,288888.78,0.102,29466.66,Blocked,2021-02-20
3024,9397,Platinum,361111.01,0.073,26361.1,Active,2022-07-06
3025,7658,Classic,89021.17,0.151,13442.2,Blocked,2025-05-09
3026,7409,Gold,302285.98,0.012,3627.43,Active,2023-04-09
3027,9567,Classic,125857.8,0.117,14725.36,Active,2023-12-23
3028,725,Platinum,473280.77,0.246,116427.07,Closed,2024-04-30
3029,4092,Signature,881733.18,0.238,209852.5,Active,2023-07-15
3030,8391,Signature,732243.95,0.589,431291.69,Active,2021-07-14
3031,8472,Platinum,582690.43,0.187,108963.11,Closed,2021-06-09
3032,2930,Signature,1017649.97,0.551,560725.13,Closed,2024-09-08
3033,9951,Gold,250363.15,0.203,50823.72,Active,2023-07-03
3034,4311,Platinum,618729.28,0.57,352675.69,Active,2023-03-29
3035,5457,Classic,102879.11,0.494,50822.28,Active,2025-07-12
3036,3396,Platinum,492808.22,0.547,269566.1,Active,2021-08-07
3037,322,Signature,809240.49,0.453,366585.94,Blocked,2025-09-27
3038,3688,Gold,303775.79,0.388,117865.01,Closed,2025-03-26
3039,2252,Platinum,423586.01,0.546,231277.96,Active,2022-09-07
3040,7740,Signature,978257.53,0.052,50869.39,Active,2025-02-06
3041,435,Gold,285772.43,0.576,164604.92,Active,2025-04-22
3042,9187,Gold,265601.45,0.124,32934.58,Active,2024-03-07
3043,4863,Signature,830825.12,0.038,31571.35,Closed,2022-10-16
3044,3614,Platinum,541117.14,0.387,209412.33,Blocked,2022-01-02
3045,482,Gold,287635.51,0.274,78812.13,Active,2022-09-27
3046,7710,Classic,124605.71,0.641,79872.26,Active,2025-09-17
3047,2997,Classic,102304.4,0.291,29770.58,Active,2021-01-22
3048,1957,Platinum,409328.73,0.342,139990.43,Blocked,2024-03-14
3049,7720,Platinum,571788.31,0.069,39453.39,Closed,2024-07-25
3050,5422,Classic,128781.25,0.295,37990.47,Active,2022-05-18
3051,6475,Platinum,644038.14,0.225,144908.58,Active,2022-11-20
3052,8909,Gold,199492.5,0.421,83986.34,Active,2023-08-25
3053,8786,Platinum,615468.9,0.212,130479.41,Active,2022-07-21
3054,9387,Classic,126122.63,0.111,13999.61,Closed,2024-06-27
3055,9378,Classic,75658.25,0.241,18233.64,Closed,2025-09-06
3056,6980,Classic,129356.78,0.192,24836.5,Active,2024-02-10
3057,480,Gold,240401.41,0.505,121402.71,Active,2022-03-04
3058,2146,Gold,296502.38,0.702,208144.67,Active,2023-11-02
3059,6366,Classic,76029.63,0.189,14369.6,Blocked,2025-10-17
3060,530,Gold,175460.97,0.185,32460.28,Active,2023-09-18
3061,8622,Classic,124810.6,0.154,19220.83,Active,2022-02-01
3062,5093,Classic,99258.89,0.61,60547.92,Active,2024-05-31
3063,2824,Classic,85290.87,0.079,6737.98,Active,2025-02-25
3064,3592,Gold,284493.68,0.452,128591.14,Active,2025-05-08
3065,6227,Signature,728567.63,0.199,144984.96,Active,2024-12-25
3066,1817,Gold,234664.43,0.152,35668.99,Active,2025-05-15
3067,6215,Signature,1003294.14,0.534,535759.07,Active,2021-06-01
3068,7774,Gold,192333.55,0.155,29811.7,Active,2022-12-12
3069,9874,Classic,93068.28,0.12,11168.19,Closed,2024-01-06
3070,9420,Signature,811537.37,0.324,262938.11,Blocked,2025-09-09
3071,7738,Classic,86464.47,0.344,29743.78,Active,2022-12-11
3072,6174,Signature,700436.75,0.288,201725.78,Closed,2025-03-30
3073,6507,Gold,185402.8,0.243,45052.88,Closed,2023-04-07
3074,8220,Gold,214871.71,0.517,111088.67,Closed,2021-03-02
3075,4204,Classic,111907.3,0.243,27193.47,Active,2021-10-03
3076,7233,Gold,315645.34,0.404,127520.72,Blocked,2025-11-30
3077,8462,Platinum,627861.65,0.03,18835.85,Active,2021-03-26
3078,2415,Platinum,578866.16,0.121,70042.81,Active,2024-11-26
3079,8106,Classic,89311.69,0.332,29651.48,Active,2024-04-17
3080,2582,Gold,290202.26,0.093,26988.81,Blocked,2023-09-09
3081,2055,Signature,850057.41,0.165,140259.47,Active,2021-11-21
3082,8951,Platinum,561009.41,0.482,270406.54,Active,2024-02-19
3083,1007,Signature,1069346.37,0.439,469443.06,Active,2025-03-16
3084,6300,Classic,82077.07,0.273,22407.04,Active,2021-02-14
3085,9836,Gold,298879.4,0.255,76214.25,Closed,2021-08-19
3086,3474,Platinum,560188.14,0.332,185982.46,Active,2024-10-22
3087,3490,Classic,89547.31,0.661,59190.77,Closed,2024-08-03
3088,7368,Signature,1120187.07,0.604,676592.99,Active,2024-11-25
3089,4944,Signature,984552.51,0.085,83686.96,Active,2022-04-09
3090,4855,Classic,86615.83,0.24,20787.8,Active,2021-08-16
3091,3310,Classic,114278.07,0.252,28798.07,Active,2022-12-22
3092,869,Signature,789697.53,0.13,102660.68,Active,2022-03-26
3093,1331,Classic,116125.62,0.386,44824.49,Active,2023-03-03
3094,879,Signature,962947.42,0.132,127109.06,Closed,2021-10-31
3095,5160,Classic,110315.94,0.27,29785.3,Active,2023-03-16
3096,8028,Gold,208003.97,0.35,72801.39,Active,2022-02-12
3097,3438,Platinum,509899.83,0.53,270246.91,Active,2024-07-29
3098,8882,Classic,125735.85,0.4,50294.34,Active,2025-02-08
3099,6164,Signature,1178234.75,0.139,163774.63,Blocked,2025-05-29
3100,4929,Classic,89439.14,0.319,28531.09,Active,2022-07-30
3101,2831,Platinum,409120.41,0.419,171421.45,Blocked,2024-12-17
3102,4118,Gold,201905.43,0.151,30487.72,Active,2024-11-26
3103,12,Gold,253513.92,0.323,81885.0,Closed,2023-10-31
3104,4587,Signature,1113347.43,0.53,590074.14,Blocked,2023-05-30
3105,6576,Signature,740954.85,0.504,373441.24,Closed,2021-11-05
3106,968,Classic,118202.06,0.209,24704.23,Active,2025-08-12
3107,78,Signature,1091605.05,0.322,351496.83,Active,2025-06-10
3108,5281,Signature,1050477.49,0.406,426493.86,Active,2022-07-27
3109,4503,Gold,264359.83,0.376,99399.3,Active,2025-10-18
3110,3405,Classic,82118.72,0.315,25867.4,Active,2023-05-11
3111,4722,Gold,245878.9,0.39,95892.77,Active,2021-09-05
3112,4548,Signature,1102503.03,0.444,489511.35,Active,2023-03-07
3113,8229,Gold,305572.32,0.131,40029.97,Blocked,2022-08-19
3114,6688,Platinum,353787.6,0.371,131255.2,Active,2022-12-19
3115,9406,Platinum,471608.03,0.087,41029.9,Active,2021-06-01
3116,6468,Signature,953449.18,0.5,476724.59,Active,2021-10-18
3117,581,Gold,250059.21,0.202,50511.96,Blocked,2021-02-27
3118,7023,Signature,908195.39,0.278,252478.32,Active,2025-02-27
3119,9859,Signature,1082708.69,0.422,456903.07,Active,2025-04-18
3120,1745,Signature,935095.5,0.206,192629.67,Active,2021-12-08
3121,3210,Signature,1056033.0,0.066,69698.18,Active,2021-03-28
3122,7694,Gold,230544.05,0.141,32506.71,Active,2023-02-14
3123,5544,Signature,1030523.48,0.161,165914.28,Closed,2023-12-24
3124,5716,Classic,76647.9,0.302,23147.67,Active,2025-05-14
3125,8974,Platinum,414141.07,0.171,70818.12,Active,2022-08-27
3126,2807,Platinum,436092.27,0.302,131699.87,Blocked,2022-06-18
3127,1360,Platinum,576182.54,0.272,156721.65,Blocked,2024-11-15
3128,6613,Signature,1217740.17,0.634,772047.27,Active,2022-09-27
3129,2797,Signature,903520.39,0.054,48790.1,Active,2022-05-22
3130,1151,Gold,258467.55,0.532,137504.74,Closed,2023-07-28
3131,3904,Gold,302840.11,0.111,33615.25,Closed,2025-04-05
3132,5241,Gold,302606.45,0.302,91387.15,Active,2024-05-06
3133,5916,Platinum,436510.9,0.122,53254.33,Active,2021-02-15
3134,339,Platinum,385085.42,0.171,65849.61,Blocked,2024-03-31
3135,835,Classic,124859.05,0.296,36958.28,Active,2025-09-21
3136,2808,Signature,1071189.47,0.225,241017.63,Blocked,2022-02-09
3137,5983,Platinum,356203.3,0.273,97243.5,Active,2024-08-30
3138,2971,Signature,948258.85,0.057,54050.75,Active,2025-01-08
3139,799,Signature,992695.18,0.211,209458.68,Active,2021-07-28
3140,9809,Signature,800083.51,0.104,83208.69,Closed,2025-09-06
3141,4453,Classic,79664.37,0.352,28041.86,Closed,2021-03-07
3142,6837,Classic,124832.04,0.064,7989.25,Active,2023-08-18
3143,1664,Platinum,643088.24,0.518,333119.71,Active,2025-09-20
3144,5839,Platinum,606892.1,0.162,98316.52,Blocked,2023-10-04
3145,3886,Gold,192929.08,0.038,7331.31,Active,2023-08-11
3146,3264,Platinum,642072.46,0.251,161160.19,Closed,2022-11-30
3147,7003,Platinum,428643.1,0.066,28290.44,Blocked,2024-01-31
3148,416,Signature,825561.99,0.109,89986.26,Active,2022-08-17
3149,5480,Signature,728106.46,0.198,144165.08,Closed,2025-04-15
3150,8928,Gold,278271.84,0.124,34505.71,Closed,2022-02-28
3151,3310,Platinum,605208.37,0.22,133145.84,Active,2021-03-29
3152,9198,Signature,1149459.55,0.378,434495.71,Closed,2022-11-20
3153,9197,Gold,309388.76,0.195,60330.81,Active,2021-03-31
3154,7583,Signature,1085598.3,0.307,333278.68,Active,2023-07-01
3155,8683,Gold,237004.45,0.585,138647.6,Active,2021-05-28
3156,657,Gold,249466.3,0.425,106023.18,Closed,2022-02-16
3157,9292,Signature,1069720.33,0.143,152970.01,Blocked,2022-04-29
3158,6553,Classic,110108.76,0.067,7377.29,Active,2025-04-13
3159,6029,Gold,222192.34,0.391,86877.2,Closed,2024-06-16
3160,6754,Classic,91103.28,0.122,11114.6,Active,2023-05-24
3161,1637,Classic,127004.64,0.149,18923.69,Active,2025-07-08
3162,4960,Gold,204558.24,0.174,35593.13,Closed,2022-07-31
3163,1501,Gold,182714.4,0.067,12241.86,Active,2025-08-04
3164,8192,Platinum,589922.41,0.298,175796.88,Active,2023-01-29
3165,9484,Platinum,507923.4,0.295,149837.4,Active,2024-10-29
3166,7981,Platinum,457497.65,0.289,132216.82,Blocked,2022-06-22
3167,2880,Classic,76079.26,0.259,19704.53,Active,2024-04-07
3168,7269,Signature,964332.37,0.181,174544.16,Active,2023-07-16
3169,42,Platinum,563365.88,0.27,152108.79,Active,2025-04-24
3170,9935,Gold,266054.72,0.174,46293.52,Active,2021-02-10
3171,8701,Gold,219180.89,0.245,53699.32,Blocked,2024-06-13
3172,8790,Classic,112016.07,0.305,34164.9,Active,2021-12-15
3173,3096,Gold,289441.29,0.164,47468.37,Closed,2022-03-07
3174,5362,Gold,276181.06,0.553,152728.13,Active,2024-01-04
3175,7062,Classic,75174.82,0.483,36309.44,Blocked,2025-11-20
3176,8820,Signature,1274279.63,0.079,100668.09,Closed,2025-07-21
3177,120,Signature,1231403.46,0.225,277065.78,Active,2023-09-15
3178,9903,Gold,323710.36,0.119,38521.53,Active,2023-05-03
3179,51,Gold,317471.6,0.563,178736.51,Active,2023-02-20
3180,4496,Signature,888138.91,0.213,189173.59,Active,2021-10-12
3181,1983,Platinum,351451.01,0.401,140931.86,Active,2023-11-25
3182,4215,Classic,98876.17,0.352,34804.41,Closed,2022-12-07
3183,4769,Signature,702921.61,0.34,238993.35,Blocked,2022-08-16
3184,5855,Platinum,430867.82,0.362,155974.15,Active,2021-11-28
3185,4359,Gold,176630.53,0.338,59701.12,Active,2025-07-07
3186,8163,Classic,117192.23,0.338,39610.97,Active,2024-08-03
3187,6466,Signature,964514.33,0.078,75232.12,Blocked,2023-11-30
3188,5405,Signature,759531.44,0.155,117727.37,Active,2024-11-20
3189,7259,Platinum,636045.24,0.185,117668.37,Active,2025-01-23
3190,7,Signature,1236189.17,0.53,655180.26,Active,2023-07-08
3191,3950,Platinum,503156.17,0.318,160003.66,Closed,2021-07-12
3192,1497,Signature,710243.09,0.321,227988.03,Active,2025-10-09
3193,6144,Platinum,355338.78,0.203,72133.77,Closed,2022-10-16
3194,4205,Classic,94310.73,0.316,29802.19,Closed,2024-01-03
3195,4426,Classic,76280.17,0.166,12662.51,Active,2023-01-07
3196,957,Platinum,455515.25,0.404,184028.16,Active,2021-10-31
3197,7520,Gold,249186.01,0.256,63791.62,Active,2024-04-07
3198,9767,Platinum,356446.69,0.146,52041.22,Closed,2025-05-17
3199,9008,Platinum,480805.75,0.211,101450.01,Active,2024-12-05
3200,3679,Platinum,598067.2,0.284,169851.08,Active,2022-07-05
3201,8084,Platinum,461314.67,0.389,179451.41,Closed,2021-10-10
3202,1909,Classic,73156.99,0.298,21800.78,Closed,2024-10-09
3203,7610,Gold,295383.07,0.156,46079.76,Active,2024-02-21
3204,2320,Platinum,438542.06,0.184,80691.74,Active,2023-10-24
3205,1209,Classic,74231.65,0.5,37115.82,Closed,2025-10-21
3206,6334,Signature,846588.9,0.159,134607.64,Active,2023-05-31
3207,4693,Signature,901445.24,0.363,327224.62,Active,2024-06-07
3208,553,Gold,312421.21,0.208,64983.61,Active,2023-05-05
3209,8706,Platinum,364265.54,0.147,53547.03,Active,2022-11-04
3210,316,Platinum,640014.79,0.394,252165.83,Active,2025-06-22
3211,7428,Classic,112095.64,0.486,54478.48,Active,2022-01-26
3212,7320,Classic,92873.03,0.127,11794.87,Active,2025-01-26
3213,1085,Gold,311266.48,0.509,158434.64,Blocked,2022-03-25
3214,4083,Classic,93289.26,0.257,23975.34,Closed,2024-02-12
3215,8545,Gold,238374.99,0.426,101547.75,Active,2021-10-28
3216,3230,Gold,243276.67,0.294,71523.34,Blocked,2024-01-29
3217,546,Signature,1017197.18,0.076,77306.99,Active,2021-06-06
3218,5845,Signature,719935.69,0.292,210221.22,Blocked,2022-07-28
3219,1956,Platinum,620142.16,0.219,135811.13,Closed,2024-01-14
3220,9955,Signature,742361.09,0.544,403844.43,Active,2021-10-07
3221,8983,Platinum,385876.71,0.195,75245.96,Active,2023-08-17
3222,7434,Gold,318969.19,0.13,41465.99,Active,2025-09-07
3223,6897,Gold,199591.92,0.409,81633.1,Closed,2023-10-14
3224,6695,Platinum,616094.81,0.325,200230.81,Active,2025-06-13
3225,9777,Gold,216820.77,0.116,25151.21,Closed,2025-05-07
3226,9556,Platinum,483916.49,0.439,212439.34,Blocked,2021-08-04
3227,4260,Classic,126146.15,0.263,33176.44,Active,2023-06-26
3228,3412,Signature,1189934.03,0.598,711580.55,Closed,2022-11-14
3229,1549,Classic,88735.73,0.196,17392.2,Active,2022-04-17
3230,1933,Classic,110524.39,0.101,11162.96,Active,2023-08-12
3231,6117,Platinum,389121.96,0.149,57979.17,Active,2021-08-19
3232,8756,Platinum,406085.91,0.34,138069.21,Active,2025-09-25
3233,8873,Gold,176239.0,0.594,104685.97,Active,2021-05-19
3234,5547,Classic,106072.95,0.414,43914.2,Active,2022-01-10
3235,7657,Signature,745522.16,0.4,298208.86,Blocked,2021-04-29
3236,6833,Signature,1256165.85,0.326,409510.07,Blocked,2024-07-03
3237,1021,Platinum,610239.96,0.228,139134.71,Active,2025-12-27
3238,556,Gold,216355.05,0.262,56685.02,Active,2021-03-04
3239,2464,Signature,1253148.93,0.154,192984.94,Closed,2021-09-28
3240,9534,Platinum,432094.43,0.336,145183.73,Closed,2024-01-20
3241,7624,Signature,767892.47,0.103,79092.92,Blocked,2024-02-04
3242,5290,Platinum,607492.04,0.245,148835.55,Active,2022-06-14
3243,2919,Classic,101845.95,0.488,49700.82,Blocked,2023-02-19
3244,9295,Platinum,525023.69,0.41,215259.71,Blocked,2025-05-09
3245,4888,Platinum,442326.44,0.05,22116.32,Closed,2022-05-09
3246,3531,Signature,844504.43,0.2,168900.89,Active,2023-07-17
3247,6745,Classic,109081.09,0.577,62939.79,Active,2022-04-07
3248,1516,Gold,280080.91,0.577,161606.69,Active,2023-09-03
3249,9520,Gold,254988.38,0.258,65787.0,Active,2024-01-24
3250,2196,Classic,88877.94,0.137,12176.28,Active,2025-11-20
3251,7576,Signature,1182800.55,0.084,99355.25,Blocked,2025-04-19
3252,4033,Gold,285913.31,0.355,101499.23,Blocked,2025-02-11
3253,2417,Classic,120701.42,0.387,46711.45,Closed,2025-04-24
3254,4007,Gold,316584.27,0.137,43372.04,Closed,2024-06-22
3255,4631,Platinum,498050.62,0.167,83174.45,Blocked,2022-01-12
3256,9977,Platinum,575764.45,0.251,144516.88,Active,2025-12-17
3257,963,Classic,78417.8,0.128,10037.48,Closed,2022-08-31
3258,8791,Signature,700725.73,0.164,114919.02,Active,2025-03-02
3259,722,Platinum,524067.06,0.401,210150.89,Active,2022-07-20
3260,3522,Classic,72766.45,0.192,13971.16,Closed,2023-03-14
3261,3640,Platinum,590699.6,0.474,279991.61,Active,2023-01-09
3262,5822,Platinum,596135.78,0.261,155591.44,Active,2022-09-09
3263,5393,Platinum,507746.18,0.06,30464.77,Active,2022-03-16
3264,3828,Gold,322877.26,0.223,72001.63,Blocked,2025-06-03
3265,2367,Classic,115492.41,0.257,29681.55,Blocked,2023-02-11
3266,5866,Classic,73527.52,0.094,6911.59,Closed,2021-05-11
3267,8927,Signature,1253574.52,0.431,540290.62,Active,2024-08-17
3268,4938,Platinum,579202.74,0.232,134375.04,Active,2021-05-31
3269,4591,Classic,75840.25,0.66,50054.57,Active,2021-08-16
3270,5800,Classic,84608.39,0.106,8968.49,Active,2025-02-26
3271,6964,Classic,128965.46,0.804,103688.23,Active,2023-01-21
3272,5357,Classic,74966.87,0.06,4498.01,Active,2022-09-03
3273,9612,Signature,816761.05,0.298,243394.79,Active,2021-12-26
3274,1318,Gold,263946.53,0.503,132765.1,Closed,2021-06-23
3275,4858,Signature,861540.04,0.561,483323.96,Active,2023-02-07
3276,1708,Gold,225077.17,0.309,69548.85,Active,2022-07-12
3277,5519,Classic,104576.79,0.119,12444.64,Active,2023-08-20
3278,222,Signature,1230102.65,0.45,553546.19,Blocked,2022-07-04
3279,5151,Gold,204985.36,0.217,44481.82,Blocked,2023-10-21
3280,5772,Classic,128043.22,0.196,25096.47,Active,2024-06-14
3281,944,Platinum,394689.15,0.621,245101.96,Blocked,2025-04-26
3282,4497,Signature,877111.26,0.242,212260.92,Active,2023-08-10
3283,8665,Platinum,561504.66,0.145,81418.18,Active,2024-04-09
3284,5676,Signature,941036.1,0.187,175973.75,Blocked,2021-04-06
3285,9386,Signature,941248.08,0.284,267314.45,Blocked,2023-11-16
3286,185,Classic,121543.95,0.324,39380.24,Active,2023-03-31
3287,594,Classic,99123.39,0.029,2874.58,Active,2023-12-05
3288,6097,Platinum,570379.82,0.253,144306.09,Active,2021-11-29
3289,2913,Signature,873548.99,0.077,67263.27,Active,2022-03-12
3290,7486,Classic,83050.03,0.161,13371.05,Active,2024-08-19
3291,4558,Gold,203384.12,0.27,54913.71,Active,2025-08-11
3292,9650,Gold,239856.43,0.047,11273.25,Blocked,2021-11-21
3293,8110,Signature,835000.19,0.071,59285.01,Active,2025-06-15
3294,5325,Platinum,428791.89,0.111,47595.9,Active,2023-09-04
3295,5793,Gold,205756.97,0.422,86829.44,Blocked,2025-02-03
3296,2382,Signature,1292577.59,0.097,125380.03,Closed,2023-01-18
3297,2612,Gold,230158.64,0.057,13119.04,Active,2022-12-19
3298,9617,Platinum,439236.41,0.196,86090.34,Active,2025-08-12
3299,6049,Platinum,589945.1,0.532,313850.79,Blocked,2023-12-23
3300,8467,Signature,805056.23,0.307,247152.26,Active,2021-07-04
3301,1693,Platinum,512394.58,0.587,300775.62,Closed,2022-08-11
3302,422,Platinum,602348.81,0.302,181909.34,Closed,2024-05-30
3303,9426,Classic,126717.46,0.245,31045.78,Blocked,2024-06-06
3304,9149,Gold,196751.19,0.229,45056.02,Blocked,2024-12-31
3305,934,Platinum,560117.48,0.35,196041.12,Active,2022-03-20
3306,2485,Platinum,433292.98,0.032,13865.38,Active,2023-08-22
3307,2407,Gold,297921.65,0.322,95930.77,Active,2022-11-26
3308,8301,Classic,125572.68,0.473,59395.88,Blocked,2022-02-13
3309,9997,Signature,1020028.57,0.428,436572.23,Blocked,2023-11-22
3310,7749,Platinum,497095.69,0.305,151614.19,Blocked,2024-07-26
3311,4500,Platinum,381622.56,0.388,148069.55,Active,2025-03-05
3312,4959,Platinum,472254.03,0.148,69893.6,Active,2021-12-18
3313,4245,Signature,1075234.74,0.361,388159.74,Blocked,2023-12-05
3314,5002,Classic,92097.04,0.15,13814.56,Closed,2021-09-01
3315,1239,Signature,1120013.38,0.202,226242.7,Active,2025-09-30
3316,4792,Gold,261990.36,0.514,134663.05,Active,2025-04-30
3317,7118,Platinum,402515.98,0.258,103849.12,Active,2025-03-21
3318,2439,Gold,204988.33,0.422,86505.08,Blocked,2023-11-18
3319,3270,Classic,106584.23,0.082,8739.91,Active,2023-05-31
3320,2388,Platinum,370355.77,0.328,121476.69,Active,2025-07-30
3321,9161,Classic,123355.46,0.283,34909.6,Active,2024-10-14
3322,1129,Platinum,515716.48,0.169,87156.09,Active,2022-10-17
3323,81,Classic,90590.47,0.114,10327.31,Blocked,2023-04-04
3324,6932,Platinum,641440.19,0.201,128929.48,Active,2022-12-07
3325,9876,Classic,75080.55,0.338,25377.23,Active,2025-03-03
3326,4522,Classic,85084.32,0.149,12677.56,Blocked,2024-11-18
3327,8407,Gold,313674.05,0.061,19134.12,Active,2022-05-10
3328,3602,Gold,219652.79,0.24,52716.67,Closed,2023-06-11
3329,6985,Gold,307405.75,0.57,175221.28,Active,2025-06-02
3330,3212,Gold,200069.29,0.598,119641.44,Active,2023-02-09
3331,8388,Gold,178603.77,0.44,78585.66,Active,2025-03-14
3332,7096,Platinum,580950.49,0.442,256780.12,Active,2025-04-11
3333,7165,Platinum,610017.98,0.085,51851.53,Active,2021-05-12
3334,8701,Signature,1026201.12,0.208,213449.83,Active,2021-11-16
3335,5935,Signature,1220096.2,0.525,640550.51,Active,2022-03-09
3336,3080,Platinum,552135.55,0.419,231344.8,Active,2021-08-04
3337,1224,Gold,264912.04,0.164,43445.57,Active,2024-05-25
3338,6362,Platinum,598376.13,0.602,360222.43,Active,2024-03-28
3339,8880,Gold,185864.95,0.449,83453.36,Blocked,2023-08-15
3340,3002,Signature,745689.96,0.072,53689.68,Active,2025-07-26
3341,4633,Gold,271988.71,0.454,123482.87,Active,2022-10-09
3342,2806,Gold,267763.13,0.127,34005.92,Active,2024-10-27
3343,3851,Gold,302777.21,0.181,54802.68,Active,2024-05-29
3344,1112,Classic,98712.35,0.173,17077.24,Active,2025-05-02
3345,5821,Classic,101953.99,0.294,29974.47,Closed,2021-12-12
3346,8614,Platinum,504667.85,0.3,151400.35,Active,2022-04-12
3347,8004,Platinum,570565.13,0.379,216244.18,Blocked,2023-07-22
3348,5999,Signature,720246.93,0.27,194466.67,Active,2021-07-04
3349,2841,Signature,1113621.1,0.112,124725.56,Active,2022-10-10
3350,8509,Platinum,400106.29,0.215,86022.85,Active,2022-07-13
3351,7488,Gold,257203.11,0.185,47582.58,Closed,2024-03-22
3352,2300,Gold,248963.79,0.133,33112.18,Active,2025-12-16
3353,8915,Platinum,594674.7,0.249,148074.0,Closed,2021-06-08
3354,7115,Classic,95272.02,0.36,34297.93,Blocked,2025-03-24
3355,3537,Signature,918866.53,0.267,245337.36,Active,2021-10-18
3356,7140,Gold,252165.72,0.056,14121.28,Active,2022-12-24
3357,6873,Classic,85486.19,0.082,7009.87,Active,2021-10-15
3358,9997,Gold,237285.79,0.364,86372.03,Active,2021-01-02
3359,4972,Gold,261254.01,0.172,44935.69,Active,2021-07-08
3360,5077,Gold,259843.6,0.13,33779.67,Closed,2024-12-07
3361,1530,Gold,215537.48,0.205,44185.18,Active,2024-04-15
3362,1225,Signature,1086620.28,0.179,194505.03,Closed,2023-09-07
3363,134,Classic,73049.68,0.038,2775.89,Closed,2025-01-08
3364,6528,Classic,76572.24,0.688,52681.7,Blocked,2023-08-07
3365,5305,Signature,992417.29,0.112,111150.74,Active,2023-12-27
3366,7867,Gold,196578.7,0.332,65264.13,Active,2024-05-30
3367,4449,Classic,96704.45,0.404,39068.6,Blocked,2021-05-27
3368,4433,Classic,114397.1,0.415,47474.8,Blocked,2021-03-08
3369,6511,Platinum,386895.48,0.054,20892.36,Active,2021-08-13
3370,2446,Gold,239655.09,0.093,22287.92,Active,2022-07-19
3371,8758,Classic,86373.61,0.175,15115.38,Closed,2021-12-06
3372,3198,Platinum,616496.69,0.815,502444.8,Blocked,2025-03-02
3373,6406,Gold,240106.25,0.289,69390.71,Closed,2021-06-03
3374,6898,Platinum,609022.71,0.383,233255.7,Active,2021-07-08
3375,5116,Classic,120830.62,0.456,55098.76,Active,2024-12-26
3376,9720,Signature,929546.45,0.61,567023.33,Active,2025-04-07
3377,4553,Platinum,465935.93,0.059,27490.22,Active,2023-10-17
3378,5960,Gold,201440.78,0.177,35655.02,Active,2024-02-02
3379,1609,Platinum,412288.59,0.226,93177.22,Active,2022-06-08
3380,7336,Platinum,581726.66,0.113,65735.11,Active,2023-09-12
3381,2136,Gold,182694.08,0.525,95914.39,Active,2024-11-17
3382,3057,Gold,219958.24,0.18,39592.48,Active,2024-09-11
3383,7346,Platinum,516648.18,0.479,247474.48,Active,2022-07-10
3384,8620,Signature,1277967.56,0.282,360386.85,Blocked,2021-05-04
3385,9926,Platinum,449392.83,0.271,121785.46,Active,2023-05-03
3386,3994,Platinum,420839.51,0.197,82905.38,Closed,2022-06-25
3387,309,Signature,932754.14,0.057,53166.99,Blocked,2021-09-08
3388,6184,Gold,198066.41,0.152,30106.09,Active,2021-12-30
3389,5531,Classic,70159.83,0.118,8278.86,Closed,2021-02-17
3390,2303,Classic,115270.2,0.307,35387.95,Blocked,2025-07-02
3391,7043,Signature,1063383.5,0.303,322205.2,Active,2022-03-10
3392,4262,Platinum,575396.55,0.385,221527.67,Closed,2024-06-28
3393,1027,Gold,179931.8,0.179,32207.79,Blocked,2024-11-06
3394,4008,Gold,307325.64,0.313,96192.93,Active,2025-04-02
3395,8068,Gold,229274.16,0.209,47918.3,Closed,2024-10-10
3396,7560,Gold,234608.45,0.42,98535.55,Blocked,2021-02-10
3397,8750,Gold,219885.23,0.022,4837.48,Closed,2021-01-01
3398,7088,Platinum,613327.09,0.324,198717.98,Blocked,2024-12-30
3399,2423,Classic,82659.24,0.662,54720.42,Active,2022-08-04
3400,5612,Gold,271261.1,0.543,147294.78,Active,2025-06-06
3401,1697,Gold,296012.0,0.211,62458.53,Active,2022-09-28
3402,7784,Platinum,574364.31,0.555,318772.19,Active,2021-11-11
3403,1376,Signature,886656.73,0.463,410522.07,Active,2022-06-21
3404,3139,Gold,196055.17,0.201,39407.09,Closed,2025-11-09
3405,6916,Classic,93183.04,0.449,41839.18,Active,2023-01-21
3406,6699,Gold,232805.3,0.21,48889.11,Active,2021-06-11
3407,1853,Signature,719565.58,0.111,79871.78,Closed,2022-01-12
3408,9577,Signature,810313.82,0.392,317643.02,Active,2023-10-24
3409,5805,Gold,183953.3,0.294,54082.27,Active,2022-12-26
3410,8873,Classic,119946.13,0.114,13673.86,Active,2023-06-22
3411,6884,Gold,289060.03,0.115,33241.9,Active,2021-09-07
3412,7976,Classic,107781.48,0.251,27053.15,Closed,2021-12-12
3413,2962,Gold,324115.39,0.335,108578.66,Blocked,2022-10-20
3414,4257,Gold,282582.51,0.285,80536.02,Active,2021-08-26
3415,2947,Platinum,408878.39,0.141,57651.85,Active,2024-07-28
3416,138,Gold,312062.41,0.265,82696.54,Active,2025-04-29
3417,2962,Signature,1140677.91,0.09,102661.01,Active,2021-02-22
3418,2632,Signature,1169331.8,0.167,195278.41,Closed,2024-01-25
3419,2260,Classic,120108.34,0.057,6846.18,Active,2023-05-06
3420,3024,Gold,209593.21,0.161,33744.51,Closed,2025-10-12
3421,3470,Platinum,646457.77,0.421,272158.72,Active,2022-03-17
3422,2868,Gold,275639.77,0.56,154358.27,Blocked,2021-12-14
3423,472,Gold,260393.86,0.197,51297.59,Blocked,2022-07-21
3424,7996,Classic,102736.14,0.409,42019.08,Active,2023-07-05
3425,92,Gold,197190.78,0.083,16366.83,Blocked,2024-09-18
3426,6209,Signature,962510.05,0.172,165551.73,Active,2024-06-12
3427,2112,Signature,1020447.57,0.209,213273.54,Active,2021-10-19
3428,880,Platinum,489595.54,0.036,17625.44,Blocked,2023-08-31
3429,4240,Platinum,575765.78,0.167,96152.89,Closed,2023-03-27
3430,586,Signature,835632.04,0.233,194702.27,Blocked,2024-10-04
3431,4870,Gold,207724.65,0.526,109263.17,Active,2021-10-06
3432,6813,Classic,90941.15,0.229,20825.52,Closed,2025-04-10
3433,7082,Gold,268034.82,0.301,80678.48,Active,2024-03-18
3434,5107,Platinum,600220.56,0.218,130848.08,Active,2022-11-30
3435,6050,Classic,121238.11,0.182,22065.34,Active,2021-05-23
3436,1927,Classic,76170.81,0.373,28411.71,Active,2021-07-04
3437,17,Signature,995334.87,0.559,556392.19,Active,2022-09-26
3438,4273,Platinum,568430.54,0.215,122212.57,Blocked,2024-01-28
3439,779,Gold,209484.64,0.526,110188.92,Closed,2025-08-13
3440,9128,Gold,236896.97,0.169,40035.59,Closed,2025-12-26
3441,5166,Classic,93043.75,0.609,56663.64,Active,2022-01-12
3442,7346,Platinum,527824.98,0.284,149902.29,Active,2024-07-24
3443,6677,Signature,1123162.13,0.2,224632.43,Active,2021-05-24
3444,8834,Gold,211245.85,0.185,39080.48,Blocked,2022-07-04
3445,944,Gold,290048.85,0.257,74542.55,Blocked,2024-12-18
3446,632,Platinum,605041.86,0.153,92571.4,Active,2024-05-04
3447,9437,Signature,1160518.74,0.316,366723.92,Closed,2025-04-30
3448,3497,Classic,87109.71,0.238,20732.11,Closed,2025-03-02
3449,4124,Platinum,535078.12,0.203,108620.86,Closed,2024-01-14
3450,9702,Gold,229207.2,0.2,45841.44,Active,2024-01-16
3451,2458,Signature,842832.2,0.462,389388.48,Closed,2021-11-09
3452,7924,Gold,312782.01,0.148,46291.74,Active,2025-06-11
3453,3668,Classic,121536.84,0.296,35974.9,Active,2022-02-14
3454,1375,Classic,127403.15,0.638,81283.21,Active,2021-02-12
3455,742,Platinum,627345.11,0.221,138643.27,Active,2022-02-16
3456,6879,Signature,1002018.29,0.687,688386.57,Active,2021-11-29
3457,3616,Signature,842941.88,0.43,362465.01,Active,2025-09-13
3458,7210,Signature,926838.56,0.221,204831.32,Active,2025-08-03
3459,2524,Gold,242813.43,0.412,100039.13,Active,2024-03-24
3460,2883,Platinum,588055.34,0.256,150542.17,Closed,2023-11-27
3461,4024,Signature,830523.55,0.246,204308.79,Active,2023-07-19
3462,9572,Signature,867088.3,0.201,174284.75,Active,2025-12-09
3463,6861,Signature,1191317.18,0.264,314507.74,Active,2022-11-03
3464,767,Classic,126370.16,0.421,53201.84,Active,2023-05-19
3465,7829,Platinum,614130.94,0.561,344527.46,Blocked,2023-11-06
3466,394,Platinum,422002.7,0.091,38402.25,Closed,2023-12-09
3467,4379,Gold,211948.35,0.499,105762.23,Blocked,2022-09-05
3468,8188,Classic,86224.72,0.39,33627.64,Closed,2021-12-02
3469,5491,Signature,957838.02,0.476,455930.9,Blocked,2024-09-14
3470,8856,Gold,323818.93,0.069,22343.51,Active,2025-04-25
3471,7570,Platinum,604603.74,0.358,216448.14,Active,2023-05-18
3472,7157,Signature,784532.46,0.298,233790.67,Active,2022-12-02
3473,9474,Signature,1202813.57,0.425,511195.77,Blocked,2023-06-07
3474,2867,Platinum,396284.46,0.507,200916.22,Active,2025-08-08
3475,598,Gold,281720.35,0.15,42258.05,Active,2021-04-02
3476,3152,Platinum,636295.65,0.121,76991.77,Blocked,2024-10-03
3477,860,Platinum,387319.5,0.06,23239.17,Active,2023-07-15
3478,1148,Platinum,637666.63,0.469,299065.65,Blocked,2022-05-09
3479,8965,Signature,1095462.19,0.68,744914.29,Active,2024-12-03
3480,6911,Platinum,386863.21,0.098,37912.59,Active,2022-09-15
3481,9643,Signature,960584.95,0.147,141205.99,Blocked,2025-03-02
3482,8604,Gold,185240.98,0.474,87804.22,Blocked,2021-08-28
3483,7080,Gold,280938.62,0.12,33712.63,Closed,2025-08-24
3484,8740,Platinum,503614.45,0.152,76549.4,Blocked,2021-12-07
3485,6492,Platinum,498507.31,0.345,171985.02,Blocked,2025-12-08
3486,9676,Gold,257464.31,0.603,155250.98,Blocked,2024-02-18
3487,3870,Gold,227862.48,0.426,97069.42,Active,2025-10-27
3488,4980,Classic,70910.75,0.407,28860.68,Closed,2024-10-30
3489,3977,Signature,1072058.7,0.336,360211.72,Active,2022-03-07
3490,2146,Classic,70143.55,0.195,13677.99,Active,2021-08-01
3491,9443,Classic,96426.25,0.47,45320.34,Active,2025-04-23
3492,3036,Platinum,564470.6,0.48,270945.89,Active,2021-09-27
3493,8319,Platinum,586032.78,0.205,120136.72,Active,2025-08-24
3494,2194,Classic,127335.78,0.553,70416.69,Closed,2025-05-28
3495,8461,Platinum,487950.24,0.219,106861.1,Blocked,2022-02-11
3496,7726,Signature,832926.92,0.178,148260.99,Active,2025-02-08
3497,303,Gold,200750.91,0.284,57013.26,Active,2021-12-28
3498,5387,Classic,107634.77,0.363,39071.42,Closed,2023-01-28
3499,2925,Gold,290317.01,0.146,42386.28,Blocked,2022-10-25
3500,2653,Signature,916297.48,0.391,358272.31,Blocked,2024-08-08
3501,6189,Signature,1067649.54,0.157,167620.98,Blocked,2023-10-09
3502,1807,Classic,77711.55,0.372,28908.7,Active,2024-02-13
3503,1089,Platinum,570209.25,0.061,34782.76,Active,2022-06-25
3504,2003,Gold,219204.63,0.299,65542.18,Closed,2023-11-21
3505,9758,Signature,869989.1,0.243,211407.35,Blocked,2021-10-08
3506,2931,Signature,749643.29,0.234,175416.53,Active,2025-04-09
3507,1689,Signature,966185.76,0.437,422223.18,Active,2021-09-03
3508,6099,Signature,752747.66,0.222,167109.98,Active,2022-01-14
3509,4728,Platinum,416419.51,0.15,62462.93,Active,2025-07-31
3510,4815,Gold,289542.2,0.04,11581.69,Blocked,2022-01-09
3511,4078,Platinum,600114.69,0.268,160830.74,Blocked,2023-11-01
3512,4598,Signature,813468.8,0.182,148051.32,Active,2025-08-25
3513,3693,Signature,1037077.13,0.318,329790.53,Closed,2021-02-05
3514,1002,Classic,108462.18,0.358,38829.46,Active,2022-01-20
3515,348,Signature,1128358.92,0.107,120734.4,Active,2022-12-17
3516,333,Classic,108631.94,0.218,23681.76,Active,2025-02-17
3517,3341,Classic,73634.21,0.246,18114.02,Blocked,2022-08-25
3518,7395,Classic,100876.53,0.321,32381.37,Active,2024-10-23
3519,8701,Signature,1220356.5,0.394,480820.46,Blocked,2024-08-09
3520,4150,Signature,913306.61,0.36,328790.38,Active,2025-05-18
3521,6319,Classic,92159.81,0.114,10506.22,Blocked,2021-09-18
3522,2385,Platinum,515718.76,0.438,225884.82,Active,2021-01-11
3523,1038,Platinum,456612.07,0.211,96345.15,Active,2023-04-18
3524,8911,Gold,300515.94,0.253,76030.53,Blocked,2024-07-22
3525,5912,Classic,117440.46,0.111,13035.89,Blocked,2021-05-28
3526,1536,Platinum,491243.0,0.523,256920.09,Blocked,2022-03-07
3527,7245,Platinum,356211.07,0.287,102232.58,Active,2022-12-30
3528,3046,Classic,99081.62,0.708,70149.79,Active,2024-08-06
3529,201,Classic,98491.44,0.189,18614.88,Active,2022-08-13
3530,169,Gold,252928.7,0.414,104712.48,Closed,2024-05-14
3531,9698,Classic,78498.49,0.421,33047.86,Active,2022-02-01
3532,3193,Signature,881538.55,0.148,130467.71,Closed,2022-09-14
3533,8266,Classic,109023.6,0.116,12646.74,Closed,2022-03-30
3534,7884,Platinum,357132.04,0.246,87854.48,Closed,2021-06-05
3535,9011,Gold,303768.32,0.141,42831.33,Closed,2022-12-06
3536,9074,Signature,1277504.62,0.593,757560.24,Active,2022-11-23
3537,2722,Classic,93793.82,0.101,9473.18,Active,2023-04-14
3538,1247,Signature,1045284.97,0.571,596857.72,Active,2023-04-04
3539,7894,Signature,1214543.49,0.417,506464.64,Active,2023-01-31
3540,7427,Platinum,393864.29,0.48,189054.86,Active,2022-09-08
3541,88,Gold,215183.3,0.383,82415.2,Active,2022-02-07
3542,5568,Classic,112351.08,0.297,33368.27,Active,2025-08-21
3543,4406,Signature,1070155.64,0.175,187277.24,Blocked,2022-08-26
3544,2002,Classic,90202.25,0.345,31119.78,Blocked,2023-01-02
3545,4375,Platinum,605049.2,0.408,246860.07,Active,2025-03-05
3546,5846,Gold,239726.48,0.296,70959.04,Closed,2023-09-30
3547,8944,Classic,86786.74,0.205,17791.28,Blocked,2022-05-14
3548,9450,Platinum,486861.13,0.329,160177.31,Active,2021-09-07
3549,8594,Platinum,382272.19,0.254,97097.14,Active,2022-02-01
3550,1940,Platinum,440855.85,0.321,141514.73,Closed,2025-01-30
3551,6819,Platinum,582912.69,0.301,175456.72,Active,2024-05-24
3552,1418,Gold,237024.83,0.272,64470.75,Blocked,2022-09-08
3553,2621,Platinum,495190.38,0.039,19312.42,Closed,2022-11-11
3554,7933,Classic,111684.51,0.351,39201.26,Blocked,2022-09-22
3555,3746,Classic,121141.51,0.232,28104.83,Active,2023-05-16
3556,9098,Platinum,439764.08,0.444,195255.25,Active,2022-09-02
3557,7559,Classic,71596.83,0.274,19617.53,Active,2025-09-04
3558,8556,Gold,298694.45,0.46,137399.45,Active,2023-07-07
3559,7729,Signature,1043572.29,0.081,84529.36,Active,2024-06-01
3560,4734,Signature,994263.76,0.352,349980.84,Blocked,2021-11-23
3561,1948,Signature,1172179.17,0.063,73847.29,Active,2021-08-28
3562,9429,Classic,99810.94,0.165,16468.81,Active,2023-03-06
3563,3287,Signature,1130193.64,0.077,87024.91,Blocked,2021-05-12
3564,570,Gold,260726.57,0.447,116544.78,Active,2025-01-18
3565,4801,Platinum,495617.17,0.166,82272.45,Active,2021-07-04
3566,2556,Platinum,614993.23,0.283,174043.08,Blocked,2025-02-17
3567,1273,Signature,1124062.13,0.06,67443.73,Active,2021-03-05
3568,8268,Signature,1043921.21,0.371,387294.77,Active,2025-01-13
3569,7152,Classic,95005.33,0.328,31161.75,Blocked,2023-09-01
3570,7821,Classic,112727.9,0.205,23109.22,Blocked,2025-07-07
3571,8508,Platinum,380612.52,0.181,68890.87,Active,2021-02-19
3572,7479,Gold,278708.73,0.751,209310.26,Closed,2023-10-16
3573,3979,Classic,122642.01,0.55,67453.11,Active,2024-10-02
3574,8365,Signature,924800.57,0.267,246921.75,Active,2023-03-25
3575,5716,Gold,273403.08,0.254,69444.38,Active,2025-01-09
3576,4372,Signature,828985.14,0.419,347344.77,Active,2021-07-10
3577,9065,Gold,285813.67,0.145,41442.98,Blocked,2024-06-28
3578,9210,Classic,115071.37,0.259,29803.48,Active,2023-01-28
3579,2541,Platinum,624126.74,0.347,216571.98,Blocked,2024-01-14
3580,2366,Gold,273289.52,0.137,37440.66,Active,2023-09-12
3581,1250,Classic,128057.41,0.444,56857.49,Active,2021-10-29
3582,7552,Classic,93156.29,0.204,19003.88,Closed,2023-02-07
3583,8469,Signature,953220.86,0.244,232585.89,Blocked,2023-01-03
3584,955,Signature,826059.59,0.21,173472.51,Active,2024-05-10
3585,4057,Gold,296222.8,0.658,194914.6,Closed,2022-01-25
3586,3437,Gold,256376.17,0.27,69221.57,Active,2021-04-07
3587,8680,Classic,108438.02,0.137,14856.01,Active,2021-01-01
3588,9870,Signature,1013532.23,0.498,504739.05,Active,2024-01-11
3589,3839,Signature,1266404.45,0.297,376122.12,Active,2025-01-01
3590,1468,Signature,1174239.54,0.51,598862.17,Active,2022-06-04
3591,9872,Signature,784099.25,0.213,167013.14,Blocked,2023-08-21
3592,8184,Signature,1112392.08,0.072,80092.23,Blocked,2022-10-25
3593,6435,Signature,945707.75,0.066,62416.71,Active,2023-05-16
3594,4953,Classic,93667.34,0.151,14143.77,Closed,2023-09-14
3595,3224,Signature,1009946.06,0.13,131292.99,Blocked,2022-12-30
3596,4083,Platinum,644228.65,0.183,117893.84,Active,2024-06-09
3597,6282,Platinum,532989.04,0.252,134313.24,Closed,2021-10-10
3598,4866,Platinum,600581.71,0.231,138734.38,Active,2021-08-29
3599,7943,Gold,181584.29,0.35,63554.5,Closed,2022-11-08
3600,6885,Classic,94978.92,0.319,30298.28,Active,2023-12-22
3601,454,Signature,1087264.28,0.049,53275.95,Active,2025-08-19
3602,1248,Gold,229371.76,0.502,115144.62,Closed,2021-12-16
3603,7499,Classic,113873.21,0.091,10362.46,Blocked,2022-09-29
3604,3188,Platinum,489574.93,0.307,150299.5,Active,2025-02-15
3605,94,Gold,257689.94,0.222,57207.17,Active,2023-03-03
3606,9858,Classic,107368.48,0.303,32532.65,Active,2023-02-18
3607,4733,Platinum,365406.18,0.247,90255.33,Active,2025-10-17
3608,4090,Platinum,525856.8,0.428,225066.71,Active,2021-01-05
3609,1042,Signature,892899.83,0.267,238404.25,Blocked,2024-03-25
3610,1988,Gold,178325.2,0.292,52070.96,Closed,2025-12-28
3611,7342,Gold,298887.01,0.181,54098.55,Active,2022-01-07
3612,4196,Signature,752335.47,0.175,131658.71,Active,2024-09-03
3613,3768,Gold,224701.82,0.216,48535.59,Closed,2021-08-04
3614,4675,Signature,1056024.33,0.329,347432.0,Active,2024-04-14
3615,501,Classic,111531.37,0.594,66249.63,Active,2025-02-08
3616,3287,Platinum,439142.71,0.108,47427.41,Active,2025-11-08
3617,5988,Platinum,405005.7,0.237,95986.35,Active,2022-12-03
3618,582,Platinum,448659.44,0.201,90180.55,Active,2022-01-08
3619,1975,Gold,256557.9,0.139,35661.55,Active,2023-02-16
3620,6063,Classic,114777.44,0.285,32711.57,Active,2024-10-18
3621,4880,Platinum,426108.69,0.219,93317.8,Closed,2022-10-25
3622,595,Signature,964041.27,0.415,400077.13,Blocked,2025-01-12
3623,6707,Platinum,388029.43,0.26,100887.65,Active,2023-09-17
3624,5193,Gold,271161.79,0.251,68061.61,Active,2022-07-01
3625,139,Platinum,354996.74,0.268,95139.13,Active,2025-08-17
3626,6359,Signature,1018693.27,0.253,257729.4,Closed,2022-04-16
3627,680,Signature,1120675.53,0.339,379909.0,Closed,2025-05-31
3628,6496,Classic,87891.21,0.167,14677.83,Active,2023-03-01
3629,7040,Classic,86742.41,0.531,46060.22,Active,2025-12-20
3630,2313,Gold,247862.06,0.405,100384.13,Blocked,2021-10-09
3631,9268,Gold,185666.62,0.342,63497.98,Active,2025-04-30
3632,7488,Gold,176660.18,0.108,19079.3,Closed,2021-12-15
3633,8545,Gold,249730.67,0.23,57438.05,Blocked,2023-02-09
3634,8062,Gold,277824.72,0.351,97516.48,Active,2023-12-30
3635,563,Platinum,464703.49,0.107,49723.27,Active,2022-07-13
3636,2555,Gold,185726.5,0.587,109021.46,Active,2023-10-28
3637,3470,Signature,1017503.75,0.236,240130.88,Active,2022-11-22
3638,1272,Gold,227798.09,0.513,116860.42,Active,2022-10-07
3639,2481,Gold,262883.78,0.492,129338.82,Closed,2024-06-03
3640,2232,Platinum,641917.27,0.244,156627.81,Closed,2025-05-06
3641,2775,Classic,124821.34,0.499,62285.85,Closed,2021-09-03
3642,3858,Platinum,404561.45,0.106,42883.51,Blocked,2024-09-12
3643,7131,Platinum,454539.63,0.198,89998.85,Active,2022-08-23
3644,5767,Platinum,603252.61,0.32,193040.84,Closed,2023-10-13
3645,916,Gold,219982.47,0.144,31677.48,Blocked,2024-09-10
3646,4370,Gold,201574.34,0.206,41524.31,Active,2021-12-18
3647,9046,Signature,1098566.61,0.146,160390.73,Active,2022-04-25
3648,8536,Signature,1279978.35,0.4,511991.34,Active,2023-08-01
3649,790,Signature,743090.36,0.798,592986.11,Active,2022-08-26
3650,250,Classic,128530.24,0.389,49998.26,Active,2022-01-11
3651,4790,Signature,988127.84,0.251,248020.09,Closed,2022-03-26
3652,5248,Signature,1016174.95,0.52,528410.97,Active,2024-03-24
3653,5926,Signature,1120552.21,0.211,236436.52,Closed,2023-10-27
3654,3968,Gold,220529.22,0.285,62850.83,Active,2024-02-06
3655,6754,Signature,1137767.71,0.173,196833.81,Blocked,2021-05-18
3656,4721,Platinum,469295.95,0.34,159560.62,Closed,2025-01-31
3657,2450,Platinum,453810.4,0.412,186969.88,Active,2025-10-20
3658,3259,Classic,127821.55,0.108,13804.73,Blocked,2022-08-04
3659,5660,Classic,82705.57,0.311,25721.43,Closed,2021-06-04
3660,6152,Platinum,504686.83,0.011,5551.56,Blocked,2024-09-05
3661,1539,Gold,198585.38,0.43,85391.71,Blocked,2024-03-09
3662,476,Platinum,430607.21,0.772,332428.77,Active,2021-08-17
3663,7452,Signature,1165778.59,0.151,176032.57,Closed,2022-09-10
3664,2158,Gold,233838.17,0.158,36946.43,Active,2024-04-10
3665,4834,Gold,313030.49,0.522,163401.92,Closed,2025-08-01
3666,8650,Classic,88260.98,0.327,28861.34,Active,2024-08-28
3667,1796,Platinum,504826.41,0.344,173660.29,Active,2025-03-06
3668,5321,Gold,313142.58,0.392,122751.89,Blocked,2022-08-16
3669,6796,Signature,836668.98,0.015,12550.03,Blocked,2021-06-25
3670,717,Signature,1207566.94,0.285,344156.58,Active,2024-10-12
3671,4700,Signature,922001.3,0.274,252628.36,Active,2021-12-25
3672,1923,Platinum,380569.77,0.244,92859.02,Active,2022-10-23
3673,9004,Classic,76822.68,0.091,6990.86,Blocked,2022-01-19
3674,8566,Signature,972625.72,0.142,138112.85,Active,2022-04-11
3675,8664,Classic,95587.13,0.263,25139.42,Active,2023-02-16
3676,814,Classic,103749.28,0.242,25107.33,Active,2024-03-24
3677,4336,Signature,1275710.84,0.286,364853.3,Active,2025-03-24
3678,4240,Signature,837531.26,0.408,341712.75,Active,2021-08-19
3679,7754,Gold,176530.57,0.383,67611.21,Active,2025-12-25
3680,8084,Gold,256224.93,0.121,31003.22,Closed,2025-06-27
3681,1692,Signature,1006083.33,0.203,204234.92,Closed,2025-09-26
3682,3397,Gold,266858.86,0.185,49368.89,Blocked,2021-03-02
3683,3082,Platinum,425691.47,0.27,114936.7,Active,2023-03-10
3684,2288,Signature,977741.7,0.316,308966.38,Active,2023-04-28
3685,3473,Signature,832250.32,0.299,248842.85,Closed,2023-08-13
3686,5970,Classic,105019.6,0.262,27515.14,Active,2023-05-29
3687,5269,Platinum,597751.08,0.504,301266.54,Active,2023-03-08
3688,2909,Gold,192896.11,0.147,28355.73,Active,2024-12-03
3689,479,Signature,1051345.26,0.465,488875.55,Closed,2024-12-29
3690,8570,Signature,1139521.27,0.242,275764.15,Active,2022-03-17
3691,7425,Platinum,535373.6,0.451,241453.49,Active,2024-05-09
3692,4991,Gold,184458.19,0.436,80423.77,Active,2022-09-21
3693,9903,Classic,91532.8,0.272,24896.92,Active,2025-06-29
3694,6999,Signature,1258434.03,0.116,145978.35,Active,2023-08-05
3695,2565,Gold,229131.58,0.196,44909.79,Closed,2023-05-07
3696,5764,Classic,81329.75,0.604,49123.17,Active,2024-07-16
3697,969,Gold,227930.18,0.282,64276.31,Active,2021-01-14
3698,662,Signature,762096.07,0.436,332273.89,Active,2022-04-28
3699,4756,Classic,111461.91,0.3,33438.57,Closed,2022-07-16
3700,7564,Platinum,413470.31,0.384,158772.6,Blocked,2024-07-04
3701,6054,Classic,109981.57,0.143,15727.36,Active,2025-07-29
3702,9710,Signature,1154431.16,0.036,41559.52,Active,2025-02-14
3703,5672,Platinum,541822.9,0.301,163088.69,Active,2024-03-13
3704,1964,Classic,88173.34,0.318,28039.12,Blocked,2025-06-27
3705,6836,Platinum,586753.59,0.478,280468.22,Active,2022-10-20
3706,916,Platinum,431160.76,0.102,43978.4,Active,2023-12-11
3707,1822,Signature,756627.19,0.377,285248.45,Closed,2021-05-03
3708,9891,Gold,254735.44,0.304,77439.57,Active,2025-02-05
3709,3038,Signature,925654.86,0.135,124963.41,Active,2024-06-06
3710,7112,Signature,1235337.39,0.051,63002.21,Active,2025-10-22
3711,3262,Signature,1191442.28,0.039,46466.25,Active,2021-07-10
3712,797,Gold,296039.07,0.323,95620.62,Active,2024-08-20
3713,758,Signature,1271927.76,0.092,117017.35,Active,2023-06-23
3714,9615,Gold,260892.45,0.263,68614.71,Closed,2024-12-22
3715,8252,Gold,314571.63,0.245,77070.05,Closed,2021-12-08
3716,8370,Signature,1049111.92,0.393,412300.98,Closed,2025-03-20
3717,3475,Classic,107730.4,0.134,14435.87,Active,2023-08-14
3718,9804,Classic,72030.6,0.616,44370.85,Active,2024-05-02
3719,5970,Platinum,634878.82,0.32,203161.22,Closed,2023-12-06
3720,6226,Gold,183368.46,0.361,66196.01,Blocked,2023-02-11
3721,2645,Platinum,513543.25,0.119,61111.65,Blocked,2021-11-19
3722,136,Platinum,632013.54,0.103,65097.39,Active,2022-07-25
3723,338,Platinum,471596.61,0.219,103279.66,Active,2022-12-17
3724,9809,Gold,315025.58,0.053,16696.36,Active,2024-01-10
3725,8205,Gold,181913.83,0.764,138982.17,Active,2024-04-17
3726,5341,Classic,79045.01,0.338,26717.21,Blocked,2024-10-03
3727,2476,Gold,284213.93,0.554,157454.52,Active,2022-10-06
3728,5784,Classic,94333.47,0.395,37261.72,Closed,2024-08-12
3729,3571,Platinum,360775.06,0.592,213578.84,Active,2023-07-13
3730,4605,Signature,913708.28,0.07,63959.58,Closed,2023-12-17
3731,368,Classic,90164.22,0.261,23532.86,Active,2025-02-12
3732,6429,Platinum,365252.31,0.322,117611.24,Active,2021-06-28
3733,9941,Platinum,422305.88,0.301,127114.07,Active,2021-06-19
3734,3560,Classic,99456.03,0.181,18001.54,Active,2021-04-08
3735,5816,Signature,1147159.98,0.08,91772.8,Active,2023-01-16
3736,5697,Platinum,637836.19,0.248,158183.38,Closed,2023-03-10
3737,9853,Signature,1072759.96,0.07,75093.2,Closed,2024-08-29
3738,3355,Gold,296655.95,0.243,72087.4,Active,2024-07-31
3739,2240,Signature,784021.47,0.18,141123.86,Active,2025-12-19
3740,2150,Classic,82292.52,0.339,27897.16,Blocked,2025-10-16
3741,1618,Signature,1083539.8,0.181,196120.7,Blocked,2021-07-01
3742,260,Platinum,448537.21,0.364,163267.54,Active,2024-12-14
3743,8797,Platinum,606345.53,0.295,178871.93,Active,2021-06-22
3744,3206,Classic,113086.64,0.358,40485.02,Active,2023-03-26
3745,7929,Classic,125730.88,0.471,59219.24,Active,2023-07-05
3746,6991,Platinum,510444.82,0.151,77077.17,Closed,2022-09-14
3747,3836,Signature,964481.67,0.161,155281.55,Closed,2023-07-05
3748,8646,Gold,185320.27,0.243,45032.83,Active,2023-04-15
3749,1808,Classic,122487.59,0.33,40420.9,Active,2022-12-25
3750,2218,Platinum,597000.73,0.183,109251.13,Closed,2023-03-22
3751,7312,Signature,770021.5,0.34,261807.31,Blocked,2025-02-18
3752,9986,Signature,1295460.91,0.578,748776.41,Active,2025-06-28
3753,1823,Classic,98407.48,0.175,17221.31,Closed,2022-08-19
3754,9117,Classic,76646.27,0.234,17935.23,Active,2025-10-10
3755,8972,Signature,1141338.68,0.074,84459.06,Closed,2023-11-13
3756,939,Signature,761842.88,0.651,495959.71,Active,2024-05-14
3757,4599,Classic,122470.77,0.178,21799.8,Active,2022-10-07
3758,4848,Signature,1146404.7,0.424,486075.59,Active,2023-08-01
3759,6301,Platinum,570420.99,0.19,108379.99,Blocked,2021-11-08
3760,617,Gold,280570.55,0.034,9539.4,Active,2022-10-16
3761,112,Classic,92729.16,0.355,32918.85,Closed,2025-06-29
3762,747,Signature,1170888.47,0.192,224810.59,Blocked,2024-05-28
3763,3007,Classic,117701.75,0.545,64147.45,Active,2025-09-04
3764,5821,Classic,99905.18,0.329,32868.8,Active,2025-01-14
3765,1668,Platinum,518919.03,0.694,360129.81,Closed,2022-04-07
3766,3606,Gold,210497.18,0.36,75778.98,Active,2024-04-02
3767,1819,Gold,175308.73,0.109,19108.65,Active,2025-11-10
3768,428,Signature,1095502.97,0.382,418482.13,Active,2023-01-12
3769,4640,Platinum,399607.5,0.306,122279.9,Active,2023-07-03
3770,5954,Signature,1027900.26,0.337,346402.39,Blocked,2022-01-07
3771,3797,Signature,807624.4,0.227,183330.74,Active,2023-03-09
3772,8353,Classic,102732.17,0.521,53523.46,Active,2023-05-08
3773,9989,Signature,1003611.39,0.524,525892.37,Blocked,2022-04-05
3774,1615,Classic,79195.46,0.244,19323.69,Active,2024-01-13
3775,4002,Platinum,571691.74,0.502,286989.25,Active,2021-11-22
3776,2222,Classic,105374.0,0.368,38777.63,Active,2024-01-01
3777,4525,Gold,212467.12,0.305,64802.47,Closed,2021-06-19
3778,351,Signature,817732.14,0.121,98945.59,Active,2025-12-08
3779,6775,Platinum,648486.89,0.253,164067.18,Active,2023-06-09
3780,5271,Classic,108327.8,0.082,8882.88,Active,2025-04-05
3781,9960,Platinum,493994.21,0.407,201055.64,Active,2024-11-09
3782,6084,Platinum,444421.11,0.453,201322.76,Blocked,2022-10-03
3783,6231,Classic,78293.0,0.23,18007.39,Closed,2025-11-01
3784,2024,Gold,298820.29,0.221,66039.28,Active,2023-12-15
3785,5285,Signature,1100694.72,0.266,292784.8,Active,2022-01-19
3786,426,Classic,93841.19,0.526,49360.47,Active,2022-11-04
3787,6638,Gold,263515.3,0.361,95129.02,Active,2023-06-20
3788,7552,Platinum,438709.13,0.141,61857.99,Active,2023-07-05
3789,5602,Signature,991034.34,0.046,45587.58,Blocked,2021-06-28
3790,364,Classic,85381.51,0.323,27578.23,Active,2024-06-21
3791,2514,Signature,1232094.88,0.767,945016.77,Active,2021-01-21
3792,7748,Platinum,580897.33,0.453,263146.49,Active,2022-02-12
3793,6893,Classic,104109.98,0.22,22904.2,Closed,2025-04-05
3794,6297,Classic,116862.73,0.421,49199.21,Active,2021-06-13
3795,912,Signature,1048045.49,0.287,300789.06,Blocked,2023-01-10
3796,6498,Classic,94132.8,0.046,4330.11,Active,2021-07-24
3797,5486,Gold,312158.55,0.097,30279.38,Blocked,2022-03-18
3798,6528,Platinum,642629.21,0.086,55266.11,Closed,2024-08-23
3799,8541,Platinum,445966.13,0.23,102572.21,Active,2023-04-14
3800,7898,Gold,254425.39,0.077,19590.76,Active,2024-01-31
3801,6592,Signature,828333.44,0.16,132533.35,Active,2025-06-04
3802,8934,Signature,1136810.18,0.162,184163.25,Closed,2021-08-18
3803,9124,Signature,1249125.95,0.305,380983.41,Blocked,2021-12-06
3804,7946,Gold,274893.28,0.248,68173.53,Active,2024-04-21
3805,1454,Classic,104085.87,0.161,16757.83,Active,2021-07-27
3806,4734,Classic,124478.54,0.336,41824.79,Blocked,2022-10-10
3807,2588,Classic,117756.45,0.444,52283.86,Active,2021-11-12
3808,9816,Signature,1050723.37,0.196,205941.78,Blocked,2025-03-10
3809,2142,Signature,1009576.0,0.124,125187.42,Blocked,2025-12-31
3810,8915,Classic,86141.86,0.291,25067.28,Active,2025-10-13
3811,1110,Gold,253774.05,0.182,46186.88,Active,2023-03-29
3812,1492,Platinum,597389.87,0.144,86024.14,Active,2021-05-06
3813,7322,Platinum,597855.4,0.381,227782.91,Active,2023-02-21
3814,6437,Platinum,584081.31,0.131,76514.65,Active,2024-10-26
3815,5401,Gold,288209.73,0.293,84445.45,Active,2022-01-07
3816,9879,Signature,721131.93,0.137,98795.07,Closed,2024-07-30
3817,524,Signature,1141222.01,0.193,220255.85,Blocked,2021-08-08
3818,9098,Gold,246291.37,0.396,97531.38,Active,2021-12-25
3819,9342,Gold,186172.25,0.369,68697.56,Active,2021-11-26
3820,1325,Classic,113861.18,0.205,23341.54,Closed,2024-07-27
3821,6595,Gold,267722.1,0.124,33197.54,Active,2021-03-21
3822,4409,Platinum,642141.23,0.18,115585.42,Active,2021-02-13
3823,4558,Classic,106549.99,0.372,39636.6,Active,2021-09-13
3824,1885,Classic,109655.92,0.454,49783.79,Active,2021-02-02
3825,1453,Platinum,424889.68,0.079,33566.28,Active,2022-08-29
3826,6145,Signature,761761.34,0.209,159208.12,Blocked,2024-08-12
3827,7272,Gold,268262.96,0.158,42385.55,Active,2022-04-21
3828,6976,Classic,123379.83,0.502,61936.67,Active,2023-08-09
3829,1989,Signature,799440.72,0.035,27980.43,Active,2022-07-16
3830,3737,Gold,286299.51,0.329,94192.54,Active,2025-12-20
3831,8237,Platinum,594202.07,0.135,80217.28,Blocked,2022-07-22
3832,5955,Signature,1072969.76,0.471,505368.76,Active,2022-08-26
3833,7465,Signature,861789.87,0.367,316276.88,Closed,2023-10-27
3834,1156,Signature,846754.51,0.418,353943.39,Closed,2022-10-08
3835,8718,Signature,800425.23,0.473,378601.13,Active,2025-10-21
3836,272,Signature,1134611.46,0.094,106653.48,Blocked,2023-11-21
3837,1362,Platinum,594892.71,0.078,46401.63,Closed,2021-05-10
3838,5106,Signature,1067756.49,0.476,508252.09,Active,2023-05-08
3839,2416,Signature,927386.04,0.228,211444.02,Active,2024-11-23
3840,6870,Classic,84864.18,0.434,36831.05,Active,2022-04-10
3841,8138,Signature,950948.77,0.154,146446.11,Active,2025-01-06
3842,1037,Gold,300333.63,0.24,72080.07,Closed,2021-02-16
3843,5159,Classic,82185.96,0.352,28929.46,Active,2024-11-06
3844,5384,Signature,764290.97,0.32,244573.11,Active,2023-01-04
3845,9998,Signature,792943.76,0.402,318763.39,Active,2024-11-02
3846,4174,Classic,100265.52,0.319,31984.7,Active,2021-04-19
3847,5863,Gold,204426.89,0.327,66847.59,Active,2024-05-15
3848,5038,Gold,319965.87,0.358,114547.78,Active,2021-01-09
3849,9307,Gold,204364.2,0.323,66009.64,Blocked,2024-05-21
3850,7252,Platinum,570465.25,0.436,248722.85,Blocked,2025-11-19
3851,6638,Classic,101631.53,0.18,18293.68,Blocked,2024-11-07
3852,9417,Classic,100622.96,0.189,19017.74,Active,2023-08-01
3853,4428,Classic,99714.41,0.06,5982.86,Closed,2022-09-16
3854,1085,Platinum,513848.21,0.085,43677.1,Active,2024-09-10
3855,9533,Signature,977407.91,0.349,341115.36,Active,2024-08-16
3856,5131,Gold,196975.25,0.684,134731.07,Closed,2022-07-29
3857,6054,Gold,178260.75,0.093,16578.25,Active,2023-03-21
3858,928,Classic,112756.27,0.377,42509.11,Blocked,2023-03-07
3859,7076,Classic,84523.3,0.447,37781.92,Active,2024-10-23
3860,3276,Classic,76888.6,0.384,29525.22,Active,2023-01-04
3861,958,Gold,296583.8,0.081,24023.29,Blocked,2025-11-06
3862,6913,Platinum,389212.98,0.485,188768.3,Closed,2022-05-27
3863,616,Classic,110855.11,0.32,35473.64,Active,2025-01-24
3864,7475,Gold,219733.32,0.222,48780.8,Active,2023-03-19
3865,730,Signature,1169388.7,0.531,620945.4,Active,2025-04-03
3866,4511,Platinum,403893.44,0.21,84817.62,Closed,2022-03-03
3867,681,Classic,104848.82,0.224,23486.14,Active,2024-01-11
3868,2424,Gold,307468.56,0.604,185711.01,Closed,2022-03-06
3869,9404,Platinum,376019.69,0.176,66179.47,Active,2021-03-22
3870,6080,Classic,107676.78,0.396,42640.0,Closed,2021-02-27
3871,8318,Platinum,575252.78,0.253,145538.95,Closed,2024-07-30
3872,2376,Gold,303627.78,0.348,105662.47,Active,2024-11-20
3873,7426,Platinum,449051.65,0.439,197133.67,Active,2024-06-21
3874,9313,Gold,208211.75,0.302,62879.95,Active,2023-10-06
3875,5256,Platinum,508431.55,0.525,266926.56,Active,2024-07-11
3876,1496,Classic,129440.55,0.384,49705.17,Blocked,2022-10-05
3877,3744,Gold,204713.89,0.021,4298.99,Blocked,2022-02-02
3878,3207,Classic,91602.91,0.258,23633.55,Active,2024-06-14
3879,1794,Classic,111046.45,0.583,64740.08,Active,2021-11-11
3880,2600,Gold,283471.32,0.236,66899.23,Active,2024-08-11
3881,3498,Signature,1291490.78,0.428,552758.05,Active,2023-01-12
3882,2533,Platinum,446058.99,0.199,88765.74,Closed,2022-04-05
3883,3318,Signature,803570.28,0.216,173571.18,Blocked,2021-03-25
3884,3558,Gold,261266.93,0.213,55649.86,Closed,2023-07-09
3885,6202,Classic,113182.29,0.155,17543.25,Blocked,2024-10-31
3886,9210,Signature,902288.27,0.086,77596.79,Closed,2024-01-29
3887,4561,Gold,243125.04,0.05,12156.25,Active,2021-03-01
3888,668,Platinum,638273.77,0.046,29360.59,Blocked,2025-01-30
3889,8200,Classic,118349.27,0.493,58346.19,Active,2024-10-09
3890,1333,Platinum,565044.98,0.461,260485.74,Closed,2023-11-29
3891,4790,Signature,726313.84,0.222,161241.67,Closed,2025-11-28
3892,187,Classic,88126.94,0.225,19828.56,Blocked,2021-12-10
3893,2319,Gold,212092.55,0.27,57264.99,Active,2024-07-04
3894,4344,Signature,1026378.06,0.141,144719.31,Active,2024-03-23
3895,6317,Signature,805674.78,0.439,353691.23,Active,2024-12-06
3896,7798,Classic,74538.88,0.032,2385.24,Closed,2022-03-12
3897,5741,Signature,815092.67,0.191,155682.7,Active,2021-05-23
3898,7560,Classic,104844.61,0.312,32711.52,Closed,2024-03-28
3899,7337,Classic,82081.79,0.207,16990.93,Active,2022-08-10
3900,908,Gold,177761.45,0.215,38218.71,Active,2024-07-02
3901,1840,Platinum,431745.66,0.509,219758.54,Blocked,2025-04-16
3902,5686,Signature,968392.84,0.307,297296.6,Active,2025-08-02
3903,6170,Signature,757013.32,0.381,288422.07,Closed,2022-08-18
3904,623,Classic,114971.25,0.397,45643.59,Active,2024-10-21
3905,6274,Platinum,623638.26,0.224,139694.97,Blocked,2025-07-28
3906,9326,Classic,128236.57,0.354,45395.75,Active,2021-07-29
3907,9199,Signature,859395.12,0.411,353211.39,Active,2025-11-27
3908,2935,Gold,323733.94,0.081,26222.45,Blocked,2024-04-16
3909,8281,Classic,109464.04,0.463,50681.85,Active,2025-05-18
3910,825,Signature,1018381.48,0.29,295330.63,Active,2022-01-11
3911,3259,Classic,102789.22,0.254,26108.46,Active,2021-04-01
3912,5690,Platinum,536128.21,0.531,284684.08,Active,2023-04-20
3913,8271,Gold,291509.87,0.353,102902.98,Active,2022-03-05
3914,8556,Platinum,635969.9,0.502,319256.89,Active,2022-02-10
3915,5472,Gold,223398.62,0.031,6925.36,Active,2021-11-21
3916,6986,Platinum,487993.56,0.269,131270.27,Active,2023-11-12
3917,995,Platinum,490674.48,0.118,57899.59,Active,2022-08-17
3918,7193,Platinum,507599.3,0.417,211668.91,Active,2021-02-18
3919,9785,Classic,98302.54,0.172,16908.04,Blocked,2021-05-06
3920,5186,Signature,1109305.24,0.171,189691.2,Active,2023-10-29
3921,6637,Classic,98479.83,0.265,26097.15,Active,2024-10-11
3922,6179,Signature,772138.83,0.321,247856.56,Blocked,2021-04-28
3923,1331,Signature,825599.01,0.087,71827.11,Active,2022-07-29
3924,4431,Platinum,503567.42,0.053,26689.07,Active,2021-09-15
3925,284,Platinum,601855.92,0.26,156482.54,Blocked,2022-12-10
3926,8913,Gold,292000.26,0.356,103952.09,Active,2023-04-22
3927,5368,Signature,1137160.34,0.008,9097.28,Active,2025-06-11
3928,17,Classic,113651.48,0.05,5682.57,Closed,2024-09-21
3929,8916,Gold,320546.62,0.087,27887.56,Blocked,2022-10-28
3930,8656,Gold,181642.24,0.528,95907.1,Active,2022-06-14
3931,4630,Signature,933758.86,0.297,277326.38,Active,2024-10-14
3932,1534,Classic,77916.57,0.173,13479.57,Active,2025-03-24
3933,6032,Classic,123710.13,0.212,26226.55,Active,2023-10-12
3934,212,Signature,1127854.99,0.066,74438.43,Blocked,2021-03-13
3935,8156,Signature,1170852.27,0.291,340718.01,Blocked,2024-12-08
3936,6550,Signature,1135464.92,0.213,241854.03,Active,2024-07-23
3937,7916,Classic,111698.35,0.342,38200.84,Blocked,2021-02-06
3938,2786,Classic,109903.46,0.045,4945.66,Active,2024-08-12
3939,2204,Platinum,580229.32,0.221,128230.68,Active,2021-05-02
3940,8888,Signature,1071127.59,0.327,350258.72,Active,2025-08-08
3941,8328,Gold,280638.22,0.058,16277.02,Active,2022-03-17
3942,1431,Signature,974070.24,0.507,493853.61,Active,2024-12-28
3943,8440,Gold,310441.6,0.465,144355.34,Active,2022-03-17
3944,5320,Platinum,612799.57,0.176,107852.72,Active,2025-11-18
3945,2520,Signature,927480.62,0.156,144686.98,Blocked,2024-03-29
3946,9293,Platinum,563906.24,0.05,28195.31,Active,2024-11-09
3947,2283,Gold,207010.71,0.204,42230.18,Active,2024-04-12
3948,332,Gold,196264.55,0.438,85963.87,Blocked,2025-09-28
3949,2855,Signature,904782.63,0.281,254243.92,Active,2024-03-02
3950,8618,Signature,951858.81,0.23,218927.53,Blocked,2021-10-22
3951,8445,Platinum,461712.69,0.541,249786.57,Active,2024-10-23
3952,1690,Signature,1007975.72,0.449,452581.1,Active,2024-01-26
3953,7593,Signature,824775.09,0.41,338157.79,Closed,2021-07-09
3954,3863,Gold,186794.08,0.21,39226.76,Active,2021-06-14
3955,705,Gold,318619.98,0.144,45881.28,Active,2024-07-28
3956,206,Classic,111459.06,0.037,4123.99,Blocked,2022-11-16
3957,3806,Gold,297681.71,0.242,72038.97,Active,2023-05-01
3958,2187,Gold,257486.2,0.14,36048.07,Active,2022-06-23
3959,2165,Gold,301445.07,0.43,129621.38,Active,2023-04-23
3960,8087,Gold,282802.46,0.223,63064.95,Blocked,2024-01-06
3961,3628,Platinum,465836.01,0.521,242700.56,Closed,2022-12-07
3962,2389,Platinum,589175.83,0.377,222119.29,Active,2025-06-29
3963,999,Platinum,535322.16,0.191,102246.53,Active,2025-04-25
3964,6430,Gold,324327.71,0.065,21081.3,Active,2025-02-14
3965,8206,Platinum,389073.81,0.481,187144.5,Active,2023-05-11
3966,2163,Gold,265172.96,0.78,206834.91,Active,2023-08-24
3967,9196,Platinum,617972.73,0.424,262020.44,Active,2023-11-24
3968,675,Classic,126641.39,0.246,31153.78,Blocked,2021-10-03
3969,5680,Signature,753136.29,0.327,246275.57,Blocked,2022-05-20
3970,9718,Signature,1230887.55,0.238,292951.24,Blocked,2024-11-20
3971,1738,Signature,1237483.84,0.085,105186.13,Blocked,2025-05-26
3972,2310,Signature,1056038.83,0.29,306251.26,Active,2022-03-28
3973,5458,Classic,89014.22,0.408,36317.8,Active,2021-05-23
3974,9683,Signature,716031.87,0.371,265647.82,Active,2025-11-16
3975,2459,Gold,235752.59,0.092,21689.24,Active,2023-06-26
3976,1172,Classic,108765.36,0.338,36762.69,Active,2023-06-19
3977,8119,Platinum,423616.41,0.329,139369.8,Closed,2023-07-17
3978,7089,Gold,317100.28,0.393,124620.41,Active,2022-01-24
3979,8599,Gold,268540.34,0.109,29270.9,Closed,2025-03-25
3980,7593,Classic,110222.99,0.175,19289.02,Blocked,2024-04-03
3981,2178,Gold,218737.86,0.167,36529.22,Blocked,2024-03-03
3982,4272,Signature,788755.86,0.377,297360.96,Active,2024-05-17
3983,8384,Classic,116076.17,0.108,12536.23,Blocked,2025-05-24
3984,8860,Gold,278988.95,0.301,83975.67,Blocked,2023-05-17
3985,2077,Platinum,630977.03,0.239,150803.51,Blocked,2023-03-15
3986,4812,Classic,83522.45,0.349,29149.34,Active,2024-12-31
3987,7994,Signature,1156552.7,0.325,375879.63,Active,2021-12-27
3988,2481,Platinum,458133.57,0.181,82922.18,Closed,2021-05-10
3989,3065,Signature,837084.78,0.32,267867.13,Active,2022-02-28
3990,4033,Gold,225917.84,0.097,21914.03,Closed,2021-10-04
3991,2415,Signature,1200667.76,0.42,504280.46,Active,2023-02-24
3992,8408,Signature,1146987.07,0.074,84877.04,Active,2024-03-05
3993,3304,Gold,265839.57,0.281,74700.92,Blocked,2025-09-17
3994,1742,Platinum,465709.23,0.426,198392.13,Active,2022-04-11
3995,8656,Platinum,524651.38,0.044,23084.66,Active,2023-10-15
3996,6740,Classic,113548.95,0.192,21801.4,Active,2023-06-06
3997,8394,Signature,1130695.21,0.406,459062.26,Active,2024-06-29
3998,6511,Signature,841652.89,0.083,69857.19,Active,2025-10-23
3999,4038,Signature,1210207.01,0.094,113759.46,Active,2022-10-25
4000,7624,Platinum,643388.31,0.039,25092.14,Active,2025-03-12
4001,3190,Classic,101921.68,0.196,19976.65,Blocked,2024-08-08
4002,8163,Platinum,467189.32,0.205,95773.81,Active,2025-06-24
4003,4477,Gold,279731.23,0.179,50071.89,Blocked,2021-05-29
4004,632,Gold,227042.61,0.291,66069.4,Closed,2023-07-11
4005,1852,Gold,194557.48,0.173,33658.44,Closed,2025-01-25
4006,5480,Signature,831316.42,0.745,619330.73,Active,2025-02-14
4007,4425,Platinum,501209.04,0.058,29070.12,Active,2025-03-13
4008,6033,Classic,96169.91,0.516,49623.67,Active,2021-03-26
4009,506,Signature,1198868.57,0.152,182228.02,Active,2024-02-27
4010,6482,Signature,744857.7,0.35,260700.19,Closed,2022-09-25
4011,2282,Platinum,483364.16,0.255,123257.86,Active,2025-06-01
4012,6929,Gold,203492.84,0.203,41309.05,Closed,2025-10-05
4013,7127,Gold,224992.86,0.319,71772.72,Closed,2023-11-25
4014,5668,Signature,813215.21,0.511,415552.97,Closed,2025-06-25
4015,5973,Gold,298827.1,0.471,140747.56,Active,2023-01-22
4016,124,Gold,287431.17,0.413,118709.07,Active,2025-04-04
4017,7382,Classic,106060.59,0.324,34363.63,Active,2024-04-19
4018,4219,Gold,291821.66,0.219,63908.94,Active,2023-07-13
4019,2055,Gold,232935.47,0.305,71045.32,Blocked,2022-06-27
4020,5668,Gold,183323.13,0.577,105777.45,Blocked,2022-05-15
4021,2889,Platinum,551785.85,0.122,67317.87,Active,2025-08-26
4022,9890,Gold,260040.14,0.382,99335.33,Active,2025-09-23
4023,6600,Platinum,470204.43,0.064,30093.08,Blocked,2022-07-22
4024,8469,Gold,245294.55,0.55,134912.0,Active,2025-07-04
4025,537,Platinum,361748.7,0.222,80308.21,Closed,2024-07-06
4026,2211,Signature,926408.03,0.167,154710.14,Active,2023-07-15
4027,2152,Signature,752311.31,0.276,207637.92,Active,2023-09-05
4028,3639,Gold,316233.64,0.202,63879.2,Blocked,2021-06-23
4029,490,Classic,105038.98,0.14,14705.46,Active,2025-01-29
4030,1743,Signature,746871.82,0.383,286051.91,Active,2022-07-11
4031,3649,Classic,115141.56,0.377,43408.37,Blocked,2025-07-31
4032,1080,Signature,828730.69,0.361,299171.78,Active,2021-09-04
4033,5041,Classic,128690.83,0.152,19561.01,Active,2025-12-21
4034,6921,Platinum,559461.27,0.487,272457.64,Active,2024-06-28
4035,5259,Gold,179658.11,0.06,10779.49,Active,2025-10-27
4036,5384,Classic,107147.63,0.222,23786.77,Blocked,2025-06-09
4037,4895,Classic,126266.55,0.157,19823.85,Active,2021-10-28
4038,4477,Classic,70752.22,0.567,40116.51,Active,2024-10-28
4039,9835,Platinum,406265.33,0.231,93847.29,Closed,2021-07-21
4040,9665,Platinum,468143.88,0.27,126398.85,Blocked,2025-07-22
4041,1385,Signature,1238070.34,0.467,578178.85,Active,2022-08-26
4042,5963,Signature,755642.05,0.273,206290.28,Active,2024-11-13
4043,4302,Classic,85530.75,0.26,22237.99,Active,2021-11-30
4044,9689,Signature,720727.78,0.431,310633.67,Blocked,2022-05-08
4045,4914,Gold,323650.59,0.209,67642.97,Active,2022-02-28
4046,9644,Gold,217072.24,0.456,98984.94,Active,2023-01-27
4047,203,Gold,237138.08,0.307,72801.39,Active,2021-05-16
4048,2521,Gold,210342.57,0.157,33023.78,Closed,2025-11-04
4049,4051,Signature,788592.27,0.668,526779.64,Active,2023-07-14
4050,7907,Classic,104052.77,0.401,41725.16,Active,2025-02-26
4051,8184,Signature,1287244.69,0.11,141596.92,Blocked,2023-09-14
4052,1238,Classic,73398.47,0.311,22826.92,Active,2022-07-11
4053,3753,Platinum,526097.37,0.198,104167.28,Blocked,2023-08-01
4054,8896,Gold,200298.55,0.107,21431.94,Active,2025-01-18
4055,1957,Platinum,587977.63,0.183,107599.91,Active,2021-02-22
4056,1911,Classic,121603.16,0.117,14227.57,Active,2021-08-06
4057,6558,Classic,75090.77,0.332,24930.14,Active,2024-12-13
4058,4938,Signature,1005350.85,0.192,193027.36,Active,2022-10-11
4059,7648,Platinum,390281.04,0.173,67518.62,Active,2023-01-26
4060,244,Classic,91977.48,0.306,28145.11,Closed,2025-05-03
4061,1879,Gold,201304.56,0.311,62605.72,Blocked,2025-09-06
4062,3119,Platinum,642623.6,0.475,305246.21,Blocked,2021-05-21
4063,4566,Signature,1183379.9,0.511,604707.13,Closed,2023-12-06
4064,8270,Signature,1126840.92,0.065,73244.66,Active,2022-05-15
4065,8931,Classic,115817.67,0.238,27564.61,Active,2023-10-04
4066,818,Gold,313274.53,0.44,137840.79,Active,2024-04-22
4067,4164,Gold,291749.06,0.412,120200.61,Active,2021-03-15
4068,7353,Signature,830657.27,0.285,236737.32,Active,2025-12-03
4069,976,Gold,246852.6,0.341,84176.74,Active,2021-04-28
4070,9099,Platinum,476915.04,0.299,142597.6,Blocked,2025-04-22
4071,5113,Platinum,505967.49,0.155,78424.96,Closed,2021-10-22
4072,5627,Platinum,617236.09,0.19,117274.86,Active,2023-09-01
4073,8373,Signature,1018221.48,0.675,687299.5,Closed,2021-09-10
4074,231,Signature,1067638.54,0.269,287194.77,Closed,2024-04-26
4075,4808,Signature,893722.2,0.255,227899.16,Active,2024-12-29
4076,9695,Gold,245225.35,0.248,60815.89,Active,2022-10-18
4077,6257,Platinum,468711.24,0.237,111084.56,Active,2022-08-11
4078,7839,Gold,273973.34,0.154,42191.89,Blocked,2023-12-17
4079,7665,Gold,249347.55,0.268,66825.14,Closed,2021-08-05
4080,7277,Platinum,511327.77,0.469,239812.72,Active,2021-12-25
4081,4303,Signature,881239.48,0.292,257321.93,Active,2022-10-16
4082,3921,Gold,304566.15,0.509,155024.17,Active,2023-03-15
4083,1798,Signature,1053615.54,0.273,287637.04,Active,2024-06-08
4084,2660,Gold,192381.11,0.175,33666.69,Active,2023-12-29
4085,2063,Classic,102663.28,0.534,54822.19,Closed,2022-02-27
4086,7247,Signature,863128.14,0.595,513561.24,Active,2021-12-05
4087,5101,Gold,291824.66,0.239,69746.09,Blocked,2023-06-07
4088,4469,Platinum,395154.44,0.334,131981.58,Active,2025-03-04
4089,1866,Classic,92030.32,0.462,42518.01,Active,2025-03-25
4090,1562,Signature,1031342.45,0.33,340343.01,Active,2025-08-14
4091,4980,Gold,190743.66,0.256,48830.38,Active,2022-11-24
4092,6631,Signature,964408.52,0.091,87761.18,Active,2021-01-31
4093,2285,Signature,1121072.07,0.187,209640.48,Active,2021-02-28
4094,7369,Gold,228191.59,0.044,10040.43,Closed,2023-01-22
4095,7946,Signature,1171225.9,0.245,286950.35,Blocked,2022-10-26
4096,1926,Classic,70309.7,0.233,16382.16,Active,2024-02-14
4097,6695,Gold,183515.43,0.295,54137.05,Blocked,2024-06-09
4098,181,Platinum,507956.49,0.229,116322.04,Active,2024-12-24
4099,4084,Platinum,558476.46,0.506,282589.09,Active,2021-02-02
4100,3204,Classic,110062.65,0.052,5723.26,Closed,2021-03-27
4101,1474,Platinum,476492.7,0.231,110069.81,Closed,2021-09-26
4102,7355,Platinum,608832.17,0.624,379911.27,Active,2025-01-22
4103,9696,Signature,1198515.23,0.177,212137.2,Active,2024-04-27
4104,1386,Gold,180002.43,0.519,93421.26,Blocked,2023-02-11
4105,495,Classic,88792.44,0.44,39068.67,Blocked,2021-10-16
4106,8300,Platinum,367258.11,0.431,158288.25,Active,2025-09-13
4107,9116,Classic,93572.44,0.486,45476.21,Active,2023-08-10
4108,907,Classic,79196.07,0.335,26530.68,Active,2023-04-05
4109,6173,Signature,835210.87,0.283,236364.68,Active,2021-01-09
4110,701,Signature,1012468.89,0.221,223755.62,Active,2022-12-24
4111,5537,Signature,854315.63,0.134,114478.29,Closed,2023-06-14
4112,4387,Signature,1106007.58,0.314,347286.38,Active,2021-04-08
4113,136,Gold,282171.71,0.431,121616.01,Active,2024-04-14
4114,3437,Gold,313833.42,0.318,99799.03,Active,2021-09-16
4115,5294,Classic,98566.25,0.143,14094.97,Closed,2024-01-16
4116,4211,Platinum,481667.61,0.134,64543.46,Closed,2025-01-17
4117,2916,Platinum,359551.84,0.36,129438.66,Active,2025-12-14
4118,8089,Gold,250277.96,0.116,29032.24,Active,2023-05-07
4119,7338,Platinum,440994.72,0.048,21167.75,Active,2025-07-28
4120,155,Classic,72311.31,0.608,43965.28,Closed,2023-06-28
4121,3115,Classic,83552.17,0.124,10360.47,Active,2022-11-06
4122,4904,Signature,1039082.96,0.082,85204.8,Active,2022-09-17
4123,1951,Platinum,350476.24,0.261,91474.3,Closed,2023-01-01
4124,701,Gold,255319.07,0.021,5361.7,Closed,2024-11-07
4125,1287,Platinum,551312.1,0.056,30873.48,Active,2021-10-13
4126,6987,Classic,122060.54,0.138,16844.35,Active,2022-03-14
4127,7217,Gold,278795.11,0.079,22024.81,Active,2024-07-07
4128,1009,Classic,93166.03,0.305,28415.64,Blocked,2022-12-14
4129,6159,Signature,826281.51,0.262,216485.76,Closed,2022-06-21
4130,2023,Classic,107882.14,0.215,23194.66,Active,2025-12-08
4131,585,Signature,838022.29,0.217,181850.84,Active,2022-01-03
4132,1621,Gold,188515.3,0.309,58251.23,Active,2023-05-20
4133,8973,Gold,262718.61,0.294,77239.27,Active,2023-08-10
4134,8998,Gold,179011.2,0.381,68203.27,Active,2022-10-06
4135,4715,Classic,88194.71,0.318,28045.92,Active,2021-07-18
4136,5230,Classic,86833.2,0.518,44979.6,Active,2022-05-22
4137,6383,Classic,98590.43,0.441,43478.38,Active,2024-11-19
4138,2250,Gold,244071.58,0.167,40759.95,Active,2021-06-30
4139,7951,Gold,309613.08,0.302,93503.15,Active,2024-04-16
4140,568,Platinum,422519.92,0.221,93376.9,Active,2021-03-31
4141,1822,Platinum,644019.82,0.34,218966.74,Closed,2025-06-06
4142,3071,Gold,214313.29,0.09,19288.2,Blocked,2024-07-02
4143,1612,Classic,84601.75,0.184,15566.72,Active,2025-05-27
4144,5025,Gold,292768.17,0.234,68507.75,Active,2023-05-29
4145,6657,Gold,182665.65,0.181,33062.48,Active,2024-03-08
4146,7842,Platinum,622519.65,0.046,28635.9,Blocked,2022-03-30
4147,8375,Platinum,401660.31,0.312,125318.02,Blocked,2025-07-11
4148,3320,Signature,1072072.36,0.465,498513.65,Active,2023-04-03
4149,5967,Signature,1081342.14,0.163,176258.77,Active,2022-12-13
4150,932,Classic,126784.57,0.199,25230.13,Blocked,2023-10-11
4151,6148,Classic,89894.95,0.153,13753.93,Active,2023-01-08
4152,6818,Classic,113908.67,0.202,23009.55,Blocked,2024-12-25
4153,5620,Gold,209650.2,0.152,31866.83,Active,2023-05-28
4154,1808,Classic,108486.71,0.158,17140.9,Blocked,2024-01-03
4155,5179,Classic,111407.52,0.138,15374.24,Active,2021-04-09
4156,3329,Classic,102943.67,0.189,19456.35,Active,2021-11-05
4157,3513,Signature,981593.03,0.136,133496.65,Active,2023-03-24
4158,5675,Signature,1002716.62,0.163,163442.81,Active,2022-10-29
4159,4339,Classic,79150.59,0.071,5619.69,Blocked,2023-01-08
4160,3513,Platinum,647877.95,0.149,96533.81,Active,2023-07-22
4161,6083,Gold,191886.52,0.12,23026.38,Active,2025-08-16
4162,7828,Signature,941769.9,0.36,339037.16,Blocked,2024-04-30
4163,3448,Platinum,582166.49,0.107,62291.81,Active,2021-09-14
4164,7286,Signature,1097409.32,0.425,466398.96,Active,2025-10-09
4165,5626,Gold,188197.48,0.326,61352.38,Blocked,2025-05-14
4166,667,Gold,287054.74,0.249,71476.63,Active,2024-05-07
4167,661,Platinum,614880.5,0.328,201680.8,Closed,2024-07-28
4168,5427,Gold,237303.53,0.12,28476.42,Blocked,2023-06-05
4169,5824,Gold,230301.2,0.235,54120.78,Blocked,2023-01-08
4170,3410,Signature,854396.16,0.062,52972.56,Closed,2025-07-15
4171,9488,Platinum,634141.06,0.109,69121.38,Active,2021-08-07
4172,4389,Signature,1017623.31,0.285,290022.64,Active,2025-01-24
4173,3201,Gold,273617.02,0.675,184691.49,Active,2024-04-05
4174,5436,Gold,215545.03,0.779,167909.58,Blocked,2022-11-01
4175,1440,Signature,975245.3,0.22,214553.97,Active,2025-03-21
4176,3593,Gold,233098.56,0.314,73192.95,Blocked,2022-11-22
4177,2271,Platinum,471179.4,0.273,128631.98,Active,2024-10-27
4178,5088,Classic,127410.62,0.235,29941.5,Blocked,2024-08-23
4179,835,Signature,1046256.83,0.463,484416.91,Active,2025-10-06
4180,7133,Platinum,374134.88,0.24,89792.37,Closed,2024-10-21
4181,6627,Signature,1202438.11,0.109,131065.75,Closed,2022-12-22
4182,1333,Signature,854008.89,0.368,314275.27,Active,2025-03-16
4183,7162,Classic,90306.32,0.462,41721.52,Closed,2021-01-13
4184,8095,Classic,77689.18,0.374,29055.75,Blocked,2022-04-01
4185,6637,Classic,113411.84,0.128,14516.72,Closed,2025-09-04
4186,6013,Classic,101393.19,0.209,21191.18,Closed,2025-02-11
4187,8656,Classic,126422.53,0.151,19089.8,Blocked,2023-01-21
4188,8038,Classic,126384.11,0.119,15039.71,Active,2022-02-15
4189,2420,Signature,1169750.67,0.159,185990.36,Closed,2025-03-05
4190,6921,Gold,265251.54,0.26,68965.4,Active,2024-07-06
4191,6367,Classic,99751.67,0.239,23840.65,Closed,2022-12-29
4192,2748,Classic,74876.46,0.194,14526.03,Active,2023-12-08
4193,2323,Classic,91625.98,0.34,31152.83,Active,2022-08-09
4194,5955,Platinum,563433.88,0.234,131843.53,Active,2024-07-17
4195,4775,Gold,219148.73,0.125,27393.59,Closed,2021-08-06
4196,5841,Gold,290112.75,0.19,55121.42,Active,2023-05-04
4197,5286,Gold,319187.61,0.417,133101.23,Blocked,2024-08-25
4198,6561,Signature,1085356.12,0.216,234436.92,Active,2022-03-07
4199,8612,Classic,122295.68,0.316,38645.43,Active,2025-04-25
4200,8795,Platinum,369963.68,0.253,93600.81,Blocked,2022-06-05
4201,7395,Gold,209952.95,0.283,59416.68,Active,2023-05-21
4202,5474,Gold,240727.44,0.49,117956.45,Blocked,2024-07-30
4203,5796,Classic,78245.67,0.57,44600.03,Active,2022-02-23
4204,3187,Signature,791987.25,0.049,38807.38,Active,2021-06-01
4205,5213,Platinum,360571.2,0.336,121151.92,Closed,2024-10-08
4206,4155,Platinum,516596.08,0.203,104869.0,Blocked,2025-10-18
4207,9431,Classic,70713.6,0.139,9829.19,Active,2022-05-20
4208,2122,Platinum,398087.22,0.291,115843.38,Active,2022-05-18
4209,5761,Platinum,419434.53,0.448,187906.67,Active,2023-07-25
4210,8521,Classic,102688.23,0.255,26185.5,Blocked,2025-06-22
4211,8391,Gold,278506.44,0.119,33142.27,Active,2025-03-13
4212,6984,Signature,1000539.75,0.503,503271.49,Blocked,2021-11-13
4213,7013,Platinum,584529.37,0.062,36240.82,Active,2025-05-16
4214,9034,Signature,981203.41,0.266,261000.11,Closed,2023-05-29
4215,778,Signature,1206197.98,0.095,114588.81,Active,2023-01-04
4216,6522,Signature,1135998.92,0.578,656607.38,Active,2021-12-19
4217,2515,Platinum,408827.69,0.257,105068.72,Closed,2022-04-21
4218,1860,Signature,1226663.62,0.119,145972.97,Blocked,2024-05-22
4219,5565,Classic,116592.5,0.384,44771.52,Active,2022-07-21
4220,8725,Gold,290137.75,0.231,67021.82,Blocked,2025-01-26
4221,7040,Classic,90883.07,0.205,18631.03,Active,2023-06-25
4222,5967,Platinum,628627.78,0.159,99951.82,Active,2022-06-01
4223,1258,Classic,122213.59,0.413,50474.21,Active,2024-06-17
4224,3180,Gold,305573.49,0.331,101144.83,Closed,2024-04-09
4225,7466,Classic,121093.86,0.748,90578.21,Active,2025-08-23
4226,692,Platinum,378233.52,0.222,83967.84,Closed,2025-08-24
4227,9674,Gold,294084.5,0.208,61169.58,Active,2022-06-24
4228,7204,Signature,826654.85,0.311,257089.66,Active,2024-08-25
4229,6064,Platinum,426142.54,0.114,48580.25,Closed,2024-02-24
4230,3511,Gold,323930.36,0.446,144472.94,Blocked,2021-08-14
4231,9895,Gold,214845.28,0.056,12031.34,Active,2023-04-01
4232,8074,Platinum,437638.73,0.19,83151.36,Active,2023-05-22
4233,4448,Platinum,559681.6,0.394,220514.55,Blocked,2022-09-19
4234,7418,Signature,1054545.69,0.054,56945.47,Active,2022-10-05
4235,8380,Gold,193592.16,0.269,52076.29,Blocked,2023-04-22
4236,3392,Classic,74709.42,0.526,39297.15,Closed,2024-06-15
4237,7906,Classic,81373.04,0.155,12612.82,Closed,2022-01-24
4238,1875,Gold,310347.58,0.46,142759.89,Active,2021-09-12
4239,8202,Platinum,483959.65,0.102,49363.88,Active,2025-11-08
4240,6220,Classic,81442.39,0.176,14333.86,Active,2025-01-10
4241,7977,Signature,989315.76,0.178,176098.21,Active,2022-06-14
4242,2710,Signature,923851.86,0.239,220800.59,Active,2021-11-28
4243,6481,Signature,752645.18,0.092,69243.36,Active,2023-07-22
4244,2273,Classic,118302.15,0.342,40459.34,Active,2024-10-21
4245,1274,Signature,1009287.99,0.111,112030.97,Active,2025-03-23
4246,6822,Gold,302202.94,0.361,109095.26,Closed,2022-04-18
4247,7078,Signature,1165081.14,0.091,106022.38,Active,2025-10-02
4248,6544,Gold,177393.55,0.468,83020.18,Active,2022-04-22
4249,5249,Classic,71510.11,0.402,28747.06,Closed,2024-05-15
4250,236,Platinum,533002.84,0.459,244648.3,Active,2023-02-15
4251,7084,Classic,81513.58,0.249,20296.88,Active,2022-10-30
4252,4986,Platinum,606756.92,0.199,120744.63,Active,2023-03-30
4253,3398,Platinum,649011.5,0.352,228452.05,Blocked,2025-05-18
4254,9576,Gold,235772.56,0.066,15560.99,Blocked,2024-08-02
4255,4217,Gold,291070.66,0.137,39876.68,Active,2023-09-15
4256,1052,Signature,1181262.56,0.152,179551.91,Blocked,2021-12-02
4257,7707,Gold,308196.9,0.285,87836.12,Closed,2023-04-17
4258,6355,Signature,1035951.26,0.382,395733.38,Active,2021-10-11
4259,3592,Signature,901717.05,0.471,424708.73,Active,2022-09-15
4260,3900,Classic,99256.23,0.518,51414.73,Active,2023-08-15
4261,464,Gold,199650.81,0.263,52508.16,Blocked,2025-09-22
4262,3384,Platinum,418147.81,0.455,190257.25,Active,2022-08-09
4263,401,Signature,947566.55,0.477,451989.24,Active,2022-08-19
4264,2549,Classic,85519.25,0.256,21892.93,Active,2024-03-09
4265,3631,Signature,808163.76,0.563,454996.2,Active,2023-01-05
4266,5588,Signature,759983.05,0.485,368591.78,Active,2023-02-26
4267,8217,Classic,124277.54,0.135,16777.47,Active,2022-04-19
4268,7413,Gold,230125.27,0.193,44414.18,Active,2022-11-18
4269,7867,Gold,229016.71,0.311,71224.2,Active,2022-01-13
4270,8234,Platinum,575119.16,0.203,116749.19,Closed,2023-03-26
4271,7770,Platinum,385554.62,0.159,61303.18,Closed,2024-05-07
4272,585,Signature,760243.76,0.371,282050.43,Active,2024-06-17
4273,5523,Signature,1286162.19,0.111,142764.0,Active,2024-05-17
4274,9959,Signature,953829.3,0.073,69629.54,Blocked,2021-11-13
4275,4686,Gold,291027.38,0.3,87308.21,Blocked,2022-11-16
4276,5793,Gold,295111.24,0.048,14165.34,Active,2022-07-07
4277,7646,Platinum,416155.41,0.299,124430.47,Closed,2023-05-02
4278,3449,Gold,315639.24,0.342,107948.62,Closed,2021-09-17
4279,3558,Platinum,494811.04,0.319,157844.72,Active,2023-07-18
4280,9291,Platinum,406000.42,0.275,111650.12,Blocked,2022-03-07
4281,1983,Gold,232700.76,0.254,59105.99,Closed,2022-09-02
4282,810,Platinum,498816.03,0.075,37411.2,Closed,2022-08-04
4283,6016,Platinum,599289.82,0.353,211549.31,Closed,2025-06-11
4284,3046,Classic,79671.44,0.138,10994.66,Active,2021-08-13
4285,9806,Platinum,604592.93,0.336,203143.22,Closed,2022-02-04
4286,9946,Gold,281426.5,0.35,98499.27,Active,2021-12-02
4287,4079,Gold,295916.33,0.82,242651.39,Active,2021-01-20
4288,6847,Signature,1240618.99,0.172,213386.47,Active,2023-07-14
4289,3122,Gold,212645.93,0.137,29132.49,Active,2021-07-06
4290,7145,Classic,74014.4,0.36,26645.18,Active,2021-07-13
4291,7543,Platinum,385624.91,0.119,45889.36,Active,2022-07-10
4292,3782,Signature,1147747.59,0.244,280050.41,Active,2022-01-15
4293,9915,Classic,101075.06,0.211,21326.84,Active,2024-05-26
4294,2525,Classic,90601.68,0.314,28448.93,Closed,2024-04-08
4295,8442,Gold,295195.41,0.189,55791.93,Active,2025-02-08
4296,2367,Gold,190372.93,0.34,64726.8,Closed,2023-01-18
4297,7883,Signature,1207486.76,0.113,136446.0,Active,2025-12-03
4298,5952,Platinum,379667.59,0.033,12529.03,Active,2022-02-07
4299,1525,Platinum,525753.63,0.14,73605.51,Active,2025-04-06
4300,721,Signature,979987.22,0.283,277336.38,Closed,2024-02-26
4301,5551,Gold,263696.9,0.596,157163.35,Active,2021-05-09
4302,7945,Classic,70692.59,0.458,32377.21,Active,2025-07-21
4303,2212,Classic,104530.81,0.457,47770.58,Closed,2022-04-08
4304,8173,Gold,260920.4,0.092,24004.68,Active,2023-12-03
4305,4456,Gold,309907.9,0.183,56713.15,Active,2023-11-21
4306,3256,Classic,127795.33,0.33,42172.46,Active,2021-09-01
4307,9956,Gold,176476.62,0.156,27530.35,Active,2025-03-01
4308,4451,Classic,125214.71,0.424,53091.04,Blocked,2021-04-11
4309,4745,Signature,1108636.47,0.56,620836.42,Closed,2024-10-21
4310,1004,Gold,258640.51,0.545,140959.08,Active,2025-09-19
4311,663,Gold,280798.38,0.391,109792.17,Closed,2022-05-18
4312,4283,Platinum,637837.6,0.171,109070.23,Closed,2025-02-19
4313,9811,Gold,177520.95,0.045,7988.44,Active,2025-12-31
4314,4625,Signature,1248407.43,0.478,596738.75,Active,2025-11-19
4315,1944,Signature,1106081.96,0.375,414780.73,Active,2021-05-01
4316,9022,Signature,803323.41,0.304,244210.32,Closed,2022-11-08
4317,5840,Classic,104382.74,0.304,31732.35,Blocked,2021-10-16
4318,5453,Gold,238354.69,0.371,88429.59,Active,2021-05-10
4319,8175,Platinum,439610.73,0.076,33410.42,Active,2025-07-21
4320,708,Classic,108249.4,0.098,10608.44,Active,2025-01-16
4321,9,Classic,94797.54,0.577,54698.18,Active,2021-02-09
4322,1001,Gold,192635.26,0.177,34096.44,Active,2022-07-29
4323,1560,Signature,905851.42,0.669,606014.6,Active,2023-03-31
4324,3110,Classic,84775.99,0.221,18735.49,Blocked,2023-08-04
4325,4788,Platinum,372191.67,0.268,99747.37,Closed,2022-12-25
4326,6112,Gold,237374.74,0.162,38454.71,Closed,2024-05-09
4327,9278,Classic,102964.49,0.332,34184.21,Closed,2021-11-19
4328,1844,Gold,322872.08,0.208,67157.39,Blocked,2023-03-13
4329,3099,Platinum,635196.77,0.048,30489.44,Active,2023-07-09
4330,66,Classic,123014.42,0.579,71225.35,Active,2022-06-25
4331,2854,Platinum,508613.82,0.143,72731.78,Active,2023-01-25
4332,3898,Gold,275555.95,0.447,123173.51,Active,2024-11-03
4333,9651,Signature,1082976.94,0.315,341137.74,Active,2025-04-05
4334,8810,Gold,224815.12,0.122,27427.44,Active,2021-02-24
4335,9258,Classic,106864.93,0.343,36654.67,Active,2021-06-26
4336,5381,Classic,112481.09,0.291,32732.0,Active,2021-04-11
4337,3700,Gold,177669.36,0.496,88124.0,Active,2022-06-14
4338,6855,Gold,214942.43,0.471,101237.88,Active,2023-04-29
4339,9229,Classic,105103.6,0.137,14399.19,Active,2025-05-06
4340,8372,Platinum,355610.35,0.594,211232.55,Active,2025-06-12
4341,3247,Classic,100534.55,0.282,28350.74,Active,2023-02-02
4342,3018,Platinum,540270.82,0.461,249064.85,Active,2022-05-17
4343,9655,Classic,123126.3,0.133,16375.8,Active,2021-10-25
4344,2753,Gold,271727.96,0.551,149722.11,Active,2023-02-11
4345,2407,Signature,1178564.72,0.179,210963.08,Active,2024-01-09
4346,736,Platinum,352385.04,0.048,16914.48,Closed,2021-12-01
4347,2206,Classic,119206.69,0.189,22530.06,Blocked,2024-06-25
4348,7244,Classic,110370.57,0.503,55516.4,Blocked,2023-05-14
4349,3636,Classic,70070.99,0.308,21581.86,Active,2025-01-21
4350,9239,Gold,298736.39,0.306,91413.34,Active,2024-06-21
4351,4910,Classic,71925.76,0.443,31863.11,Blocked,2023-11-25
4352,9056,Platinum,537858.44,0.404,217294.81,Closed,2025-09-10
4353,7998,Classic,90295.84,0.491,44335.26,Active,2023-12-22
4354,856,Gold,309920.95,0.1,30992.1,Closed,2023-11-27
4355,4801,Platinum,616641.71,0.437,269472.43,Blocked,2022-04-20
4356,1759,Signature,1066859.14,0.238,253912.48,Blocked,2024-08-12
4357,3249,Gold,279453.65,0.266,74334.67,Active,2022-08-03
4358,2763,Platinum,392898.57,0.251,98617.54,Active,2025-06-16
4359,4504,Platinum,544880.04,0.684,372697.95,Active,2025-03-14
4360,3246,Gold,197894.62,0.181,35818.93,Closed,2024-08-24
4361,267,Classic,80236.69,0.274,21984.85,Blocked,2023-05-10
4362,2589,Signature,1132506.13,0.349,395244.64,Active,2021-05-27
4363,8261,Classic,77146.62,0.1,7714.66,Active,2021-05-11
4364,3184,Platinum,641288.53,0.434,278319.22,Active,2025-11-22
4365,4945,Gold,282660.82,0.419,118434.88,Blocked,2025-03-21
4366,8343,Platinum,544629.09,0.189,102934.9,Active,2025-02-27
4367,7201,Classic,70241.98,0.271,19035.58,Active,2024-01-02
4368,6009,Platinum,375077.1,0.544,204041.94,Closed,2022-12-21
4369,104,Platinum,449281.46,0.137,61551.56,Active,2022-12-31
4370,9800,Classic,112656.14,0.376,42358.71,Blocked,2025-01-11
4371,8110,Classic,81039.18,0.21,17018.23,Closed,2023-05-23
4372,6799,Platinum,374721.28,0.361,135274.38,Blocked,2021-09-02
4373,2974,Signature,919320.94,0.289,265683.75,Blocked,2021-10-25
4374,8214,Signature,1176538.22,0.213,250602.64,Active,2025-10-29
4375,6649,Platinum,445807.21,0.208,92727.9,Active,2024-02-22
4376,2051,Classic,79224.01,0.489,38740.54,Blocked,2024-05-28
4377,8518,Signature,1011355.71,0.357,361053.99,Active,2022-01-17
4378,7763,Gold,293191.58,0.394,115517.48,Active,2024-09-19
4379,8407,Classic,91204.31,0.376,34292.82,Closed,2024-05-19
4380,518,Classic,92167.49,0.217,20000.35,Active,2022-06-09
4381,1912,Gold,186373.04,0.165,30751.55,Active,2024-11-21
4382,5672,Classic,104232.97,0.111,11569.86,Active,2023-02-02
4383,792,Gold,228672.52,0.04,9146.9,Active,2024-02-08
4384,3765,Platinum,611600.19,0.176,107641.63,Active,2022-12-14
4385,7830,Platinum,605249.78,0.462,279625.4,Blocked,2022-07-13
4386,3471,Signature,917463.4,0.398,365150.43,Active,2021-11-03
4387,7584,Signature,1169863.96,0.371,434019.53,Active,2022-05-01
4388,5793,Signature,894237.39,0.277,247703.76,Active,2022-11-21
4389,2873,Signature,1185146.29,0.267,316434.06,Closed,2023-12-15
4390,378,Platinum,467299.62,0.08,37383.97,Active,2021-09-17
4391,3971,Gold,313840.29,0.305,95721.29,Active,2024-01-12
4392,1670,Signature,836328.96,0.267,223299.83,Active,2025-01-20
4393,7054,Classic,103159.74,0.047,4848.51,Active,2021-08-02
4394,3803,Signature,1071145.42,0.588,629833.51,Active,2025-05-25
4395,9247,Platinum,412200.69,0.059,24319.84,Blocked,2023-02-27
4396,4483,Platinum,429840.85,0.226,97144.03,Closed,2024-05-17
4397,7958,Gold,266072.62,0.073,19423.3,Active,2025-09-02
4398,3186,Gold,175023.93,0.432,75610.34,Closed,2021-09-14
4399,335,Platinum,625774.09,0.177,110762.01,Active,2025-01-16
4400,3216,Classic,81812.86,0.406,33216.02,Blocked,2024-12-26
4401,452,Platinum,524007.32,0.434,227419.18,Closed,2023-05-12
4402,3016,Platinum,494560.79,0.155,76656.92,Active,2022-09-29
4403,6523,Gold,237161.61,0.058,13755.37,Closed,2023-07-12
4404,5961,Gold,280807.23,0.182,51106.92,Active,2025-01-11
4405,5356,Platinum,508994.13,0.23,117068.65,Blocked,2022-05-07
4406,6108,Platinum,546744.85,0.125,68343.11,Active,2022-11-04
4407,6731,Classic,96747.95,0.144,13931.7,Active,2024-02-18
4408,2896,Classic,93468.35,0.059,5514.63,Active,2025-12-21
4409,1450,Platinum,630324.76,0.52,327768.88,Active,2024-04-18
4410,8252,Platinum,386218.7,0.109,42097.84,Blocked,2021-06-26
4411,7738,Signature,1215496.69,0.647,786426.36,Active,2024-01-08
4412,2756,Signature,856188.89,0.514,440081.09,Active,2021-08-14
4413,7594,Classic,128672.74,0.242,31138.8,Blocked,2025-01-30
4414,8580,Platinum,547249.37,0.224,122583.86,Active,2021-09-18
4415,1726,Gold,245088.59,0.297,72791.31,Closed,2024-12-17
4416,5991,Platinum,490829.71,0.17,83441.05,Blocked,2024-11-02
4417,3272,Classic,113362.21,0.157,17797.87,Active,2023-06-13
4418,5791,Signature,885324.14,0.185,163784.97,Active,2023-10-20
4419,53,Platinum,634741.97,0.245,155511.78,Blocked,2024-01-15
4420,8823,Classic,115234.51,0.229,26388.7,Active,2025-07-14
4421,6543,Classic,110774.42,0.391,43312.8,Active,2025-10-02
4422,7238,Signature,1016653.27,0.045,45749.4,Active,2025-12-05
4423,8092,Gold,294301.84,0.28,82404.52,Active,2023-05-29
4424,6844,Gold,175166.72,0.378,66213.02,Blocked,2022-08-09
4425,9950,Gold,221454.15,0.197,43626.47,Active,2024-05-05
4426,3860,Gold,205609.62,0.179,36804.12,Active,2022-08-25
4427,7410,Classic,118795.75,0.303,35995.11,Active,2021-03-11
4428,3247,Classic,122699.56,0.256,31411.09,Blocked,2022-06-14
4429,7768,Signature,891475.82,0.404,360156.23,Active,2022-01-29
4430,4298,Signature,1229226.12,0.347,426541.46,Blocked,2022-01-07
4431,2404,Platinum,576443.51,0.13,74937.66,Active,2022-11-13
4432,8077,Platinum,606007.33,0.257,155743.88,Closed,2025-07-31
4433,2026,Classic,78262.19,0.178,13930.67,Active,2023-11-12
4434,4091,Classic,97105.99,0.236,22917.01,Active,2024-07-25
4435,76,Gold,245823.26,0.397,97591.83,Blocked,2021-04-15
4436,2837,Gold,281734.6,0.356,100297.52,Blocked,2021-01-08
4437,9378,Signature,978617.14,0.691,676224.44,Active,2023-12-17
4438,1378,Classic,71158.26,0.585,41627.58,Active,2025-02-04
4439,2340,Classic,115790.82,0.334,38674.13,Closed,2025-12-19
4440,6192,Gold,304454.35,0.364,110821.38,Blocked,2021-01-08
4441,8552,Platinum,510658.73,0.152,77620.13,Active,2021-07-02
4442,8697,Platinum,430845.75,0.259,111589.05,Active,2022-08-03
4443,9092,Gold,230296.93,0.169,38920.18,Blocked,2021-06-24
4444,1389,Platinum,591101.08,0.476,281364.11,Active,2024-09-27
4445,8754,Platinum,405502.08,0.349,141520.23,Blocked,2025-06-27
4446,7234,Gold,272884.67,0.568,154998.49,Closed,2021-07-20
4447,9722,Platinum,553783.78,0.193,106880.27,Active,2024-02-28
4448,4450,Platinum,407932.68,0.366,149303.36,Active,2021-08-25
4449,9675,Signature,1028930.01,0.088,90545.84,Closed,2024-01-31
4450,3924,Gold,177788.48,0.24,42669.24,Active,2025-01-18
4451,8516,Gold,227121.97,0.157,35658.15,Active,2024-07-07
4452,4639,Classic,117248.96,0.23,26967.26,Active,2025-08-25
4453,2593,Classic,74223.71,0.253,18778.6,Active,2023-05-02
4454,1006,Platinum,611746.77,0.184,112561.41,Closed,2025-09-22
4455,554,Classic,116795.12,0.159,18570.42,Closed,2025-04-24
4456,5388,Signature,1219494.34,0.281,342677.91,Active,2024-07-24
4457,2807,Gold,319359.16,0.147,46945.8,Active,2024-01-24
4458,798,Signature,848884.87,0.213,180812.48,Blocked,2025-04-28
4459,9142,Classic,100060.56,0.221,22113.38,Active,2024-01-13
4460,5951,Gold,266235.34,0.556,148026.85,Blocked,2024-12-30
4461,128,Gold,290893.35,0.274,79704.78,Closed,2022-10-22
4462,806,Signature,848892.14,0.28,237689.8,Active,2021-03-07
4463,2212,Platinum,410815.77,0.341,140088.18,Active,2023-07-05
4464,6178,Signature,754623.94,0.195,147151.67,Active,2022-05-28
4465,287,Signature,819696.57,0.164,134430.24,Active,2023-03-18
4466,6466,Platinum,509542.74,0.368,187511.73,Closed,2025-08-04
4467,4805,Classic,84848.37,0.28,23757.54,Active,2022-04-27
4468,3225,Signature,1045512.77,0.173,180873.71,Active,2024-07-06
4469,9815,Platinum,550653.34,0.828,455940.97,Closed,2023-11-24
4470,2298,Classic,111775.52,0.329,36774.15,Closed,2021-03-13
4471,9172,Signature,1137658.97,0.392,445962.32,Blocked,2025-04-21
4472,4471,Classic,109676.16,0.202,22154.58,Active,2022-10-13
4473,5222,Classic,112837.06,0.24,27080.89,Closed,2021-09-24
4474,7503,Classic,117162.7,0.177,20737.8,Active,2025-09-04
4475,4859,Signature,739314.6,0.176,130119.37,Active,2021-03-28
4476,8333,Gold,214631.99,0.308,66106.65,Active,2021-05-02
4477,8912,Platinum,453270.51,0.447,202611.92,Blocked,2025-08-27
4478,1635,Signature,824029.83,0.369,304067.01,Blocked,2023-04-12
4479,7386,Gold,197505.14,0.133,26268.18,Active,2023-05-20
4480,3253,Classic,126109.26,0.097,12232.6,Active,2021-12-20
4481,9278,Classic,78918.72,0.534,42142.6,Active,2024-02-22
4482,3336,Gold,222835.6,0.174,38773.39,Active,2021-02-10
4483,2638,Classic,125655.88,0.375,47120.96,Active,2025-04-04
4484,4569,Signature,968099.37,0.239,231375.75,Closed,2022-01-04
4485,7198,Gold,241478.95,0.021,5071.06,Active,2022-03-12
4486,3732,Gold,181970.06,0.412,74971.66,Blocked,2024-05-30
4487,4574,Gold,218345.38,0.618,134937.44,Blocked,2025-08-12
4488,6062,Classic,100986.9,0.238,24034.88,Active,2024-10-21
4489,5995,Classic,100409.62,0.336,33737.63,Active,2025-01-24
4490,909,Platinum,408384.33,0.184,75142.72,Active,2025-06-02
4491,5090,Gold,181489.04,0.375,68058.39,Active,2025-05-01
4492,6378,Classic,110804.96,0.114,12631.77,Active,2023-09-10
4493,2983,Platinum,376713.1,0.285,107363.23,Blocked,2022-05-23
4494,3526,Platinum,520708.96,0.702,365537.69,Active,2025-03-10
4495,1562,Gold,241069.51,0.554,133552.51,Blocked,2021-05-30
4496,4246,Classic,80462.66,0.465,37415.14,Blocked,2025-05-27
4497,1752,Signature,1067291.98,0.338,360744.69,Active,2025-09-23
4498,5402,Classic,103558.24,0.132,13669.69,Active,2024-09-15
4499,723,Classic,79934.69,0.349,27897.21,Active,2022-06-06
4500,7961,Platinum,393836.47,0.163,64195.34,Active,2022-02-13
4501,6271,Gold,195478.77,0.195,38118.36,Active,2023-08-31
4502,553,Classic,74270.79,0.153,11363.43,Closed,2022-04-10
4503,2409,Gold,300951.2,0.557,167629.82,Active,2023-11-30
4504,5296,Gold,249250.47,0.484,120637.23,Active,2023-02-26
4505,8584,Signature,1098439.08,0.188,206506.55,Blocked,2022-06-23
4506,5432,Platinum,640621.78,0.223,142858.66,Blocked,2023-02-10
4507,8329,Classic,87299.99,0.26,22698.0,Active,2021-09-13
4508,9314,Signature,995683.48,0.126,125456.12,Active,2025-02-27
4509,8553,Classic,109624.89,0.448,49111.95,Closed,2023-10-18
4510,306,Signature,858625.24,0.329,282487.7,Blocked,2024-04-21
4511,9066,Platinum,467533.3,0.332,155221.06,Active,2023-08-20
4512,4712,Platinum,521287.04,0.259,135013.34,Active,2024-11-16
4513,4071,Gold,200822.11,0.455,91374.06,Closed,2025-01-18
4514,9966,Classic,94619.04,0.378,35766.0,Blocked,2025-10-03
4515,6451,Signature,724958.52,0.512,371178.76,Blocked,2021-05-10
4516,5222,Gold,288432.81,0.187,53936.94,Blocked,2021-06-21
4517,1189,Gold,291884.37,0.182,53122.96,Active,2024-09-20
4518,4149,Platinum,628785.78,0.149,93689.08,Blocked,2024-07-21
4519,9201,Platinum,541587.42,0.202,109400.66,Active,2025-10-31
4520,8604,Platinum,545951.55,0.075,40946.37,Active,2022-07-19
4521,6061,Classic,83874.05,0.378,31704.39,Active,2025-06-07
4522,1963,Platinum,587818.45,0.224,131671.33,Blocked,2025-04-05
4523,3127,Platinum,494606.1,0.408,201799.29,Blocked,2021-07-18
4524,9023,Platinum,501332.4,0.191,95754.49,Active,2022-09-28
4525,7887,Classic,82202.74,0.248,20386.28,Active,2025-12-10
4526,4847,Gold,307409.47,0.131,40270.64,Active,2021-09-21
4527,4083,Gold,175759.51,0.444,78037.22,Active,2025-06-02
4528,9684,Classic,71918.28,0.189,13592.55,Active,2024-05-27
4529,6782,Platinum,392184.72,0.216,84711.9,Active,2024-09-16
4530,9868,Signature,880996.22,0.144,126863.46,Active,2025-06-14
4531,527,Platinum,438085.83,0.267,116968.92,Active,2023-12-04
4532,2651,Signature,887530.49,0.414,367437.62,Active,2023-12-20
4533,1434,Signature,864023.07,0.828,715411.1,Active,2023-02-03
4534,6181,Signature,1134078.43,0.247,280117.37,Active,2024-04-19
4535,7799,Gold,305586.35,0.408,124679.23,Blocked,2022-01-25
4536,316,Classic,76173.01,0.311,23689.81,Closed,2021-07-02
4537,5825,Classic,108274.25,0.34,36813.25,Blocked,2024-10-26
4538,4171,Signature,907986.23,0.136,123486.13,Active,2021-01-24
4539,1473,Platinum,594258.78,0.309,183625.96,Closed,2024-09-20
4540,2901,Platinum,428357.6,0.119,50974.55,Active,2021-07-14
4541,8677,Classic,115103.32,0.663,76313.5,Closed,2021-03-21
4542,993,Gold,311938.5,0.365,113857.55,Closed,2022-12-10
4543,1111,Signature,1083870.57,0.182,197264.44,Active,2025-04-30
4544,246,Signature,1147312.5,0.327,375171.19,Active,2022-06-16
4545,3149,Gold,221350.29,0.203,44934.11,Active,2021-09-03
4546,5238,Classic,122080.65,0.246,30031.84,Active,2023-11-23
4547,2177,Platinum,637888.55,0.585,373164.8,Closed,2023-07-31
4548,1853,Gold,300738.5,0.088,26464.99,Blocked,2025-03-17
4549,6676,Signature,1143410.87,0.295,337306.21,Active,2021-01-23
4550,406,Platinum,632965.75,0.185,117098.66,Active,2021-07-11
4551,1093,Gold,180605.16,0.346,62489.39,Active,2022-10-17
4552,1898,Gold,205998.3,0.327,67361.44,Closed,2025-07-16
4553,7887,Gold,272414.92,0.2,54482.98,Blocked,2021-02-19
4554,7550,Signature,1121651.18,0.125,140206.4,Blocked,2025-06-03
4555,9010,Platinum,570412.97,0.448,255545.01,Blocked,2022-09-17
4556,6346,Platinum,532960.38,0.214,114053.52,Closed,2025-12-28
4557,1119,Signature,913135.01,0.199,181713.87,Blocked,2025-10-23
4558,20,Classic,88206.32,0.203,17905.88,Active,2025-07-28
4559,4528,Classic,92520.84,0.184,17023.83,Blocked,2024-11-20
4560,1334,Classic,92761.07,0.336,31167.72,Active,2024-02-19
4561,2540,Classic,94070.31,0.041,3856.88,Blocked,2021-03-25
4562,9930,Signature,1235180.38,0.022,27173.97,Active,2021-01-25
4563,1800,Platinum,432203.71,0.266,114966.19,Closed,2024-05-05
4564,6877,Platinum,462994.55,0.012,5555.93,Closed,2023-02-02
4565,7867,Classic,104825.74,0.36,37737.27,Active,2021-11-11
4566,3852,Classic,96772.53,0.188,18193.24,Active,2023-08-08
4567,1980,Signature,846469.65,0.124,104962.24,Blocked,2022-12-15
4568,122,Signature,1268161.22,0.53,672125.45,Active,2023-10-02
4569,2466,Platinum,369983.91,0.252,93235.95,Active,2023-03-10
4570,8560,Platinum,387445.35,0.397,153815.8,Active,2021-05-07
4571,9772,Platinum,634392.13,0.191,121168.9,Closed,2022-07-17
4572,9431,Platinum,563038.28,0.31,174541.87,Active,2021-02-04
4573,7876,Signature,1292908.33,0.686,886935.11,Closed,2022-07-04
4574,47,Gold,278563.41,0.328,91368.8,Blocked,2022-12-27
4575,6851,Platinum,355716.92,0.07,24900.18,Active,2021-03-24
4576,3541,Classic,78515.08,0.322,25281.86,Blocked,2022-11-03
4577,2796,Signature,1147731.93,0.283,324808.14,Blocked,2022-01-28
4578,6992,Platinum,425338.5,0.334,142063.06,Blocked,2025-11-12
4579,5278,Classic,128722.71,0.304,39131.7,Active,2023-07-15
4580,7001,Gold,307400.16,0.516,158618.48,Active,2021-02-19
4581,4203,Platinum,524092.66,0.547,286678.69,Blocked,2023-07-05
4582,8981,Signature,1285646.35,0.108,138849.81,Blocked,2023-08-08
4583,8564,Platinum,607088.21,0.53,321756.75,Blocked,2025-04-16
4584,3663,Gold,203042.86,0.246,49948.54,Blocked,2021-08-19
4585,229,Signature,712157.79,0.466,331865.53,Active,2023-08-18
4586,6852,Platinum,631456.94,0.31,195751.65,Blocked,2025-07-14
4587,3333,Classic,129064.91,0.499,64403.39,Active,2021-08-31
4588,985,Gold,238902.96,0.285,68087.34,Active,2022-06-27
4589,5611,Signature,1275122.76,0.454,578905.73,Blocked,2021-09-18
4590,5083,Classic,99093.26,0.05,4954.66,Active,2024-03-22
4591,5475,Classic,113389.77,0.219,24832.36,Active,2021-02-02
4592,5473,Platinum,367122.59,0.054,19824.62,Closed,2025-07-05
4593,8692,Platinum,487213.49,0.358,174422.43,Closed,2025-04-24
4594,6929,Signature,958447.01,0.592,567400.63,Closed,2024-03-19
4595,6031,Gold,213391.1,0.605,129101.62,Active,2022-04-30
4596,8419,Platinum,504370.46,0.483,243610.93,Closed,2024-12-07
4597,4551,Classic,128424.4,0.022,2825.34,Active,2024-03-22
4598,5699,Signature,789170.86,0.213,168093.39,Closed,2025-08-25
4599,4687,Gold,211193.32,0.276,58289.36,Active,2022-05-14
4600,5061,Signature,1295193.47,0.207,268105.05,Active,2025-10-28
4601,7825,Platinum,518751.26,0.35,181562.94,Blocked,2025-11-22
4602,2619,Signature,1010930.84,0.194,196120.58,Active,2024-02-22
4603,7950,Classic,117634.02,0.288,33878.6,Closed,2024-10-23
4604,896,Gold,232323.54,0.367,85262.74,Blocked,2022-01-13
4605,7720,Signature,1162358.51,0.484,562581.52,Blocked,2021-10-12
4606,8642,Gold,318655.39,0.172,54808.73,Active,2025-03-07
4607,54,Gold,185651.29,0.172,31932.02,Closed,2022-05-06
4608,8771,Gold,186837.23,0.296,55303.82,Active,2022-06-25
4609,9635,Signature,815260.56,0.213,173650.5,Blocked,2022-03-01
4610,9130,Signature,1298450.83,0.089,115562.12,Blocked,2024-04-23
4611,9189,Classic,97596.81,0.039,3806.28,Active,2025-10-20
4612,2215,Gold,192091.64,0.056,10757.13,Active,2025-05-06
4613,4835,Signature,1018517.66,0.546,556110.64,Active,2025-01-01
4614,649,Gold,209018.03,0.168,35115.03,Active,2021-05-09
4615,7003,Gold,286484.26,0.312,89383.09,Active,2023-03-13
4616,2805,Classic,95572.77,0.284,27142.67,Closed,2025-11-18
4617,3658,Gold,273324.11,0.136,37172.08,Blocked,2021-11-21
4618,6787,Classic,75818.31,0.102,7733.47,Active,2025-05-26
4619,844,Classic,119804.96,0.276,33066.17,Closed,2021-11-11
4620,6746,Signature,878673.24,0.236,207366.88,Active,2023-07-07
4621,8945,Gold,251644.84,0.11,27680.93,Blocked,2024-05-21
4622,9990,Platinum,419867.9,0.314,131838.52,Active,2025-01-29
4623,8033,Gold,304642.34,0.106,32292.09,Active,2022-02-02
4624,4562,Gold,231667.3,0.156,36140.1,Closed,2021-07-10
4625,6845,Classic,89009.99,0.044,3916.44,Active,2022-12-23
4626,9472,Gold,221443.04,0.235,52039.11,Active,2021-03-02
4627,8285,Gold,266642.96,0.163,43462.8,Active,2021-07-01
4628,983,Gold,196921.13,0.423,83297.64,Active,2024-11-15
4629,5761,Signature,1046966.6,0.283,296291.55,Active,2024-07-06
4630,6358,Platinum,592385.34,0.191,113145.6,Active,2021-07-03
4631,6442,Signature,967054.28,0.302,292050.39,Active,2023-02-27
4632,3172,Platinum,541497.33,0.496,268582.68,Active,2022-08-27
4633,9250,Gold,207423.31,0.642,133165.77,Active,2024-02-24
4634,560,Signature,759014.6,0.16,121442.34,Active,2021-05-28
4635,8766,Signature,1286476.41,0.178,228992.8,Closed,2022-02-06
4636,2607,Gold,311560.65,0.55,171358.36,Active,2025-08-22
4637,8368,Platinum,558074.26,0.327,182490.28,Active,2024-01-10
4638,952,Gold,307430.05,0.465,142954.97,Active,2022-02-03
4639,7858,Signature,716835.43,0.392,280999.49,Active,2023-12-24
4640,5270,Platinum,628005.94,0.279,175213.66,Blocked,2022-08-29
4641,1123,Classic,107808.31,0.198,21346.05,Blocked,2021-05-06
4642,5342,Signature,1269940.46,0.414,525755.35,Active,2022-12-31
4643,6081,Gold,292026.64,0.418,122067.14,Active,2024-02-23
4644,1125,Gold,204247.34,0.072,14705.81,Closed,2025-12-12
4645,9606,Gold,259247.11,0.259,67145.0,Blocked,2022-06-16
4646,3307,Gold,221129.07,0.062,13710.0,Active,2021-05-08
4647,608,Classic,117664.15,0.163,19179.26,Active,2021-04-26
4648,605,Signature,803817.92,0.447,359306.61,Active,2024-02-01
4649,7929,Classic,120102.09,0.239,28704.4,Closed,2023-07-11
4650,589,Platinum,355324.13,0.128,45481.49,Blocked,2021-06-20
4651,3481,Gold,221446.46,0.252,55804.51,Active,2023-03-17
4652,3086,Gold,175822.24,0.114,20043.74,Active,2022-09-23
4653,9624,Gold,175657.4,0.256,44968.29,Active,2022-03-03
4654,9012,Classic,113815.12,0.455,51785.88,Active,2021-08-28
4655,3681,Signature,1029662.03,0.198,203873.08,Active,2023-09-21
4656,3750,Gold,219359.9,0.52,114067.15,Active,2022-04-03
4657,621,Gold,301370.39,0.469,141342.71,Active,2025-05-25
4658,9175,Platinum,459331.04,0.248,113914.1,Active,2023-08-10
4659,9321,Platinum,578561.16,0.327,189189.5,Active,2024-12-28
4660,8092,Classic,94793.23,0.714,67682.37,Active,2024-04-12
4661,534,Platinum,377368.74,0.121,45661.62,Blocked,2024-05-15
4662,1768,Gold,224121.47,0.159,35635.31,Active,2021-10-11
4663,1290,Platinum,615099.08,0.126,77502.48,Active,2024-03-22
4664,8003,Platinum,390450.29,0.438,171017.23,Blocked,2024-05-27
4665,4568,Platinum,368680.58,0.304,112078.9,Active,2021-12-15
4666,7476,Signature,1137804.75,0.095,108091.45,Blocked,2025-02-02
4667,1804,Gold,177311.57,0.149,26419.42,Active,2023-05-23
4668,4196,Signature,1018590.73,0.152,154825.79,Active,2021-03-12
4669,6174,Platinum,402323.24,0.377,151675.86,Blocked,2024-08-13
4670,309,Classic,117788.44,0.628,73971.14,Closed,2025-10-16
4671,8168,Platinum,521518.76,0.185,96480.97,Active,2024-02-03
4672,8988,Platinum,517164.79,0.47,243067.45,Blocked,2024-11-24
4673,2440,Classic,88515.21,0.049,4337.25,Active,2025-10-10
4674,2535,Platinum,373079.57,0.508,189524.42,Active,2021-10-06
4675,6124,Signature,1103781.68,0.032,35321.01,Closed,2021-09-07
4676,4431,Signature,1011635.44,0.365,369246.94,Closed,2022-07-03
4677,2239,Platinum,392095.08,0.475,186245.16,Blocked,2023-03-10
4678,2223,Gold,307963.78,0.787,242367.49,Active,2021-05-12
4679,3400,Platinum,547718.68,0.258,141311.42,Active,2023-02-27
4680,9454,Gold,196508.57,0.395,77620.89,Active,2022-04-13
4681,6515,Gold,254914.16,0.117,29824.96,Closed,2025-03-10
4682,2962,Signature,791850.71,0.466,369002.43,Active,2023-02-09
4683,4620,Gold,311807.35,0.518,161516.21,Active,2023-01-29
4684,8980,Platinum,640796.85,0.251,160840.01,Blocked,2024-09-13
4685,1756,Gold,180524.08,0.262,47297.31,Active,2023-01-18
4686,8576,Classic,78350.35,0.337,26404.07,Blocked,2025-08-27
4687,5047,Platinum,518991.19,0.208,107950.17,Active,2022-03-16
4688,4469,Signature,1117016.9,0.084,93829.42,Active,2022-03-20
4689,4,Platinum,428172.79,0.133,56946.98,Active,2024-12-14
4690,9141,Platinum,598929.28,0.276,165304.48,Blocked,2022-01-29
4691,2177,Signature,1034104.48,0.425,439494.4,Active,2022-10-10
4692,1795,Classic,89008.29,0.105,9345.87,Active,2023-09-10
4693,140,Gold,250936.25,0.27,67752.79,Active,2025-12-26
4694,5917,Signature,978544.0,0.299,292584.66,Active,2021-08-30
4695,2678,Gold,271921.76,0.249,67708.52,Active,2023-02-21
4696,4539,Platinum,555183.61,0.627,348100.12,Active,2025-02-27
4697,5631,Platinum,512954.2,0.37,189793.05,Active,2021-01-05
4698,6502,Signature,1227788.84,0.457,561099.5,Closed,2024-05-11
4699,8225,Signature,1123391.78,0.194,217938.01,Blocked,2021-09-09
4700,2525,Signature,1148079.57,0.145,166471.54,Active,2023-07-07
4701,16,Signature,995570.74,0.184,183185.02,Closed,2022-10-28
4702,4507,Gold,289459.21,0.376,108836.66,Active,2024-05-19
4703,9450,Signature,946452.99,0.147,139128.59,Active,2025-12-03
4704,4842,Signature,948172.05,0.412,390646.88,Active,2023-04-20
4705,4112,Classic,120076.71,0.558,67002.8,Closed,2021-06-02
4706,3944,Classic,73146.2,0.235,17189.36,Closed,2023-01-17
4707,7599,Classic,116828.31,0.195,22781.52,Active,2021-07-08
4708,8937,Platinum,516150.43,0.45,232267.69,Closed,2025-05-27
4709,5215,Classic,75563.1,0.332,25086.95,Blocked,2023-08-28
4710,5708,Platinum,374589.44,0.354,132604.66,Active,2024-04-13
4711,6810,Classic,77072.22,0.236,18189.04,Active,2021-08-10
4712,5591,Signature,1092714.4,0.249,272085.89,Active,2022-05-15
4713,7190,Classic,76068.04,0.214,16278.56,Active,2022-06-30
4714,6047,Signature,934874.77,0.12,112184.97,Closed,2021-12-04
4715,3303,Platinum,472427.58,0.416,196529.87,Active,2024-12-21
4716,4849,Platinum,438415.41,0.126,55240.34,Blocked,2025-11-17
4717,2847,Signature,1288181.65,0.386,497238.12,Active,2022-07-29
4718,597,Classic,71457.31,0.328,23438.0,Closed,2021-02-03
4719,4390,Platinum,501363.96,0.285,142888.73,Active,2024-03-03
4720,9528,Gold,248947.75,0.499,124224.93,Blocked,2021-10-09
4721,1918,Signature,797049.79,0.102,81299.08,Active,2023-09-22
4722,8147,Gold,248788.93,0.362,90061.59,Active,2022-07-23
4723,7993,Classic,89544.29,0.43,38504.04,Closed,2023-01-16
4724,7336,Signature,1231230.24,0.084,103423.34,Active,2024-02-25
4725,5137,Classic,72416.87,0.203,14700.62,Blocked,2021-09-29
4726,1051,Classic,121315.76,0.664,80553.66,Active,2024-09-18
4727,5687,Classic,116637.81,0.117,13646.62,Active,2022-07-14
4728,3480,Signature,851430.94,0.341,290337.95,Active,2023-08-21
4729,2974,Gold,272146.1,0.141,38372.6,Blocked,2023-07-04
4730,1082,Gold,304877.4,0.102,31097.49,Active,2024-12-24
4731,1021,Classic,127174.48,0.314,39932.79,Blocked,2021-04-19
4732,9241,Platinum,441239.23,0.515,227238.2,Active,2021-12-29
4733,617,Classic,128502.24,0.26,33410.58,Active,2025-07-11
4734,4715,Gold,223133.38,0.256,57122.15,Active,2024-11-23
4735,8663,Platinum,388085.38,0.414,160667.35,Active,2024-09-15
4736,864,Platinum,624625.47,0.158,98690.82,Blocked,2021-07-27
4737,2184,Gold,237867.77,0.172,40913.26,Active,2025-02-09
4738,4234,Signature,1093584.32,0.252,275583.25,Active,2025-08-28
4739,7337,Classic,129339.23,0.357,46174.11,Active,2024-01-30
4740,5406,Signature,1143084.43,0.134,153173.31,Active,2022-08-09
4741,7003,Classic,82369.34,0.448,36901.46,Closed,2021-06-17
4742,132,Classic,94532.48,0.103,9736.85,Closed,2023-01-15
4743,8190,Classic,117437.99,0.078,9160.16,Blocked,2021-02-24
4744,2653,Platinum,365705.15,0.113,41324.68,Active,2025-01-11
4745,9927,Gold,187259.45,0.109,20411.28,Blocked,2021-10-19
4746,5445,Classic,79507.49,0.486,38640.64,Active,2021-01-12
4747,2185,Platinum,391677.47,0.331,129645.24,Active,2025-04-12
4748,3960,Signature,879636.03,0.253,222547.92,Active,2021-11-25
4749,9195,Platinum,621766.9,0.468,290986.91,Active,2021-12-20
4750,684,Classic,118957.59,0.438,52103.42,Closed,2025-04-20
4751,9508,Classic,85591.97,0.133,11383.73,Closed,2022-02-09
4752,6166,Classic,78409.09,0.101,7919.32,Active,2025-10-23
4753,1015,Gold,282773.68,0.522,147607.86,Active,2025-12-28
4754,5952,Platinum,500346.65,0.428,214148.37,Active,2024-01-15
4755,9963,Signature,1282527.21,0.248,318066.75,Closed,2025-12-25
4756,1121,Classic,80530.2,0.199,16025.51,Active,2024-08-27
4757,8271,Classic,109753.27,0.346,37974.63,Closed,2025-09-07
4758,8837,Platinum,357040.99,0.261,93187.7,Active,2022-12-05
4759,3335,Classic,100785.96,0.266,26809.07,Active,2022-07-07
4760,2108,Gold,194440.91,0.135,26249.52,Blocked,2025-07-15
4761,4109,Classic,117415.07,0.574,67396.25,Active,2021-08-23
4762,1822,Gold,310059.94,0.33,102319.78,Active,2023-07-02
4763,5936,Gold,186401.44,0.492,91709.51,Active,2021-09-25
4764,8161,Gold,285402.72,0.255,72777.69,Blocked,2023-03-18
4765,2898,Signature,1126256.51,0.291,327740.64,Blocked,2022-11-25
4766,1586,Gold,291179.5,0.54,157236.93,Closed,2023-01-22
4767,3067,Platinum,467546.69,0.171,79950.48,Active,2023-06-26
4768,8430,Classic,123517.01,0.039,4817.16,Active,2022-12-03
4769,936,Gold,269959.54,0.215,58041.3,Active,2025-09-26
4770,9331,Signature,1074033.75,0.348,373763.74,Blocked,2024-03-11
4771,1823,Platinum,366895.69,0.53,194454.72,Active,2023-12-10
4772,1887,Platinum,458535.47,0.094,43102.33,Active,2022-03-30
4773,3844,Signature,1146423.98,0.172,197184.92,Active,2025-09-19
4774,794,Signature,918543.91,0.357,327920.18,Blocked,2025-09-21
4775,6351,Platinum,352532.38,0.36,126911.66,Blocked,2025-05-29
4776,6543,Gold,287086.93,0.228,65455.82,Active,2025-08-31
4777,9871,Signature,1007624.68,0.638,642864.55,Closed,2023-12-07
4778,9649,Gold,258792.39,0.475,122926.39,Active,2025-02-05
4779,2961,Gold,255242.82,0.428,109243.93,Blocked,2021-09-17
4780,2906,Signature,806137.9,0.341,274893.02,Blocked,2021-04-16
4781,213,Classic,110847.51,0.349,38685.78,Active,2025-12-26
4782,4580,Gold,260234.45,0.272,70783.77,Active,2023-10-17
4783,3681,Platinum,480985.06,0.311,149586.35,Active,2021-05-24
4784,2568,Gold,259394.39,0.053,13747.9,Active,2025-09-17
4785,4156,Platinum,475426.25,0.491,233434.29,Active,2022-04-25
4786,3000,Classic,115887.51,0.575,66635.32,Active,2021-01-25
4787,5286,Signature,1151293.67,0.409,470879.11,Active,2021-06-01
4788,5291,Gold,282502.11,0.082,23165.17,Active,2022-08-31
4789,1701,Platinum,476418.39,0.499,237732.78,Closed,2021-01-24
4790,8507,Platinum,410578.73,0.228,93611.95,Closed,2024-03-25
4791,6463,Platinum,373060.34,0.261,97368.75,Active,2021-05-23
4792,5659,Platinum,470890.68,0.172,80993.2,Active,2024-02-11
4793,8485,Classic,80402.41,0.398,32000.16,Blocked,2024-02-04
4794,2624,Platinum,510205.41,0.462,235714.9,Closed,2021-09-20
4795,313,Classic,128506.14,0.16,20560.98,Active,2022-11-04
4796,2310,Platinum,567829.06,0.675,383284.62,Active,2024-01-20
4797,4519,Platinum,366495.14,0.109,39947.97,Active,2024-12-06
4798,278,Classic,118158.02,0.312,36865.3,Closed,2025-09-25
4799,100,Signature,827064.17,0.169,139773.84,Closed,2025-01-17
4800,1004,Signature,841964.23,0.328,276164.27,Closed,2025-06-20
4801,9720,Signature,949589.93,0.432,410222.85,Active,2022-03-19
4802,8067,Signature,809840.05,0.484,391962.58,Blocked,2022-06-08
4803,1372,Platinum,354642.07,0.137,48585.96,Active,2025-05-29
4804,4650,Platinum,395353.94,0.214,84605.74,Active,2022-05-31
4805,3914,Gold,273074.87,0.082,22392.14,Blocked,2022-11-29
4806,7719,Gold,205838.09,0.42,86452.0,Blocked,2021-06-12
4807,812,Signature,1081521.53,0.069,74624.99,Closed,2021-10-18
4808,1028,Platinum,482551.22,0.322,155381.49,Blocked,2025-04-05
4809,5984,Classic,111371.12,0.095,10580.26,Active,2022-04-30
4810,6559,Classic,110999.97,0.223,24752.99,Active,2022-07-30
4811,5302,Platinum,400432.88,0.253,101309.52,Active,2023-08-18
4812,172,Gold,306064.3,0.13,39788.36,Closed,2021-01-20
4813,4122,Classic,129066.14,0.17,21941.24,Closed,2025-08-06
4814,3883,Platinum,481111.42,0.238,114504.52,Active,2025-02-23
4815,6255,Signature,988192.56,0.422,417017.26,Active,2022-04-05
4816,9001,Platinum,632623.67,0.606,383369.94,Active,2021-04-12
4817,6751,Platinum,479145.47,0.176,84329.6,Active,2021-10-19
4818,4705,Classic,117219.18,0.097,11370.26,Active,2023-10-13
4819,1871,Gold,180272.22,0.592,106721.15,Active,2023-12-18
4820,5537,Gold,220898.1,0.231,51027.46,Active,2024-09-26
4821,3942,Platinum,549264.05,0.358,196636.53,Blocked,2021-07-04
4822,5721,Classic,124298.13,0.068,8452.27,Active,2021-10-06
4823,4217,Classic,104271.15,0.214,22314.03,Blocked,2021-09-12
4824,8629,Classic,101614.04,0.282,28655.16,Active,2024-12-30
4825,6680,Platinum,390884.2,0.437,170816.4,Active,2023-06-29
4826,5613,Signature,1237698.37,0.183,226498.8,Closed,2021-05-07
4827,7828,Platinum,427322.8,0.435,185885.42,Active,2025-08-13
4828,4175,Signature,1067060.21,0.133,141919.01,Active,2025-07-16
4829,437,Classic,70642.7,0.088,6216.56,Active,2023-11-17
4830,6148,Platinum,598906.22,0.204,122176.87,Active,2022-01-30
4831,2902,Classic,91284.65,0.116,10589.02,Active,2025-07-10
4832,2122,Signature,1087931.6,0.124,134903.52,Active,2025-01-24
4833,2305,Gold,231849.48,0.511,118475.08,Active,2024-11-20
4834,4098,Platinum,538613.05,0.447,240760.03,Active,2022-12-22
4835,9574,Gold,200178.25,0.281,56250.09,Closed,2025-10-11
4836,1711,Platinum,478848.77,0.519,248522.51,Active,2024-08-05
4837,8490,Gold,183856.12,0.101,18569.47,Active,2022-06-16
4838,9960,Signature,708243.97,0.058,41078.15,Active,2024-11-08
4839,5852,Signature,1265640.69,0.412,521443.96,Active,2025-04-26
4840,9619,Classic,126492.18,0.061,7716.02,Active,2021-03-03
4841,1288,Gold,294894.83,0.167,49247.44,Active,2025-12-25
4842,1538,Classic,106804.14,0.112,11962.06,Active,2025-12-24
4843,3148,Signature,777589.87,0.355,276044.4,Closed,2025-06-13
4844,4137,Signature,1297096.52,0.431,559048.6,Closed,2022-09-05
4845,9906,Gold,267657.25,0.249,66646.66,Blocked,2025-01-10
4846,6254,Signature,803002.85,0.178,142934.51,Blocked,2025-10-06
4847,4020,Signature,895175.97,0.094,84146.54,Blocked,2022-04-17
4848,6978,Gold,177064.3,0.737,130496.39,Active,2024-03-05
4849,3188,Platinum,576207.98,0.225,129646.8,Blocked,2024-10-13
4850,2574,Classic,96036.25,0.331,31788.0,Active,2024-11-22
4851,6494,Gold,180936.03,0.181,32749.42,Blocked,2022-12-19
4852,7579,Classic,111002.95,0.463,51394.37,Active,2023-01-24
4853,1929,Platinum,622178.45,0.108,67195.27,Active,2024-07-02
4854,8043,Platinum,449973.87,0.232,104393.94,Active,2021-04-16
4855,3274,Gold,254052.91,0.063,16005.33,Active,2025-09-09
4856,7478,Signature,798494.01,0.533,425597.31,Active,2021-03-29
4857,5014,Classic,72468.13,0.493,35726.79,Blocked,2023-03-03
4858,9859,Gold,262640.77,0.182,47800.62,Active,2023-07-29
4859,6067,Classic,117009.76,0.192,22465.87,Active,2023-06-28
4860,7612,Platinum,594528.92,0.238,141497.88,Active,2021-01-26
4861,5418,Signature,1189759.58,0.324,385482.1,Active,2024-12-11
4862,8296,Signature,1225095.4,0.56,686053.42,Active,2024-01-23
4863,1993,Gold,303712.34,0.102,30978.66,Active,2023-04-13
4864,3712,Signature,789202.84,0.004,3156.81,Blocked,2024-08-03
4865,6640,Gold,310908.07,0.283,87986.98,Active,2023-08-17
4866,839,Classic,95302.51,0.208,19822.92,Active,2023-03-26
4867,1892,Platinum,417211.61,0.157,65502.22,Active,2024-01-12
4868,461,Classic,119456.25,0.308,36792.53,Blocked,2022-03-14
4869,9077,Signature,1028480.74,0.491,504984.04,Active,2022-11-23
4870,7344,Signature,1146289.66,0.348,398908.8,Active,2025-07-14
4871,2246,Platinum,644544.25,0.145,93458.92,Active,2023-01-13
4872,3854,Gold,235671.32,0.249,58682.16,Blocked,2025-04-07
4873,8782,Signature,998411.78,0.253,252598.18,Active,2023-10-22
4874,2967,Signature,1153829.45,0.188,216919.94,Active,2024-06-04
4875,6552,Signature,1200200.93,0.252,302450.63,Closed,2022-06-05
4876,8578,Gold,264373.13,0.12,31724.78,Active,2024-04-13
4877,5144,Signature,1002311.69,0.488,489128.1,Active,2023-09-22
4878,3484,Classic,93579.54,0.236,22084.77,Active,2025-09-24
4879,8464,Gold,267854.62,0.46,123213.13,Closed,2022-05-06
4880,7231,Gold,304738.24,0.217,66128.2,Active,2022-03-12
4881,1481,Classic,95340.91,0.295,28125.57,Closed,2023-11-14
4882,4752,Signature,949828.42,0.148,140574.61,Active,2023-12-06
4883,3825,Platinum,494803.69,0.584,288965.35,Closed,2021-04-07
4884,7942,Classic,74959.94,0.312,23387.5,Closed,2021-08-28
4885,5623,Platinum,558040.52,0.411,229354.65,Active,2023-08-08
4886,9016,Classic,85781.26,0.339,29079.85,Blocked,2025-02-13
4887,9171,Platinum,360329.93,0.165,59454.44,Closed,2023-03-31
4888,925,Signature,1089101.48,0.236,257027.95,Active,2022-02-21
4889,9635,Classic,121758.93,0.276,33605.46,Active,2023-11-11
4890,84,Classic,84011.13,0.25,21002.78,Blocked,2021-09-03
4891,7804,Platinum,449535.58,0.102,45852.63,Closed,2025-05-17
4892,4908,Classic,126186.16,0.246,31041.8,Active,2023-05-16
4893,6394,Platinum,430680.57,0.25,107670.14,Active,2023-11-21
4894,262,Platinum,482818.98,0.438,211474.71,Blocked,2024-08-11
4895,9259,Gold,203503.03,0.568,115589.72,Blocked,2022-05-10
4896,2596,Classic,109681.53,0.205,22484.71,Active,2023-03-14
4897,2253,Signature,818474.9,0.405,331482.33,Blocked,2025-12-28
4898,6547,Platinum,625648.62,0.134,83836.92,Active,2021-07-17
4899,8189,Signature,909121.51,0.111,100912.49,Active,2023-05-03
4900,7660,Classic,113359.62,0.228,25845.99,Blocked,2021-07-14
4901,1103,Signature,1236521.19,0.436,539123.24,Active,2021-09-18
4902,4946,Signature,1099942.49,0.208,228788.04,Active,2025-02-05
4903,1266,Gold,248711.21,0.198,49244.82,Closed,2023-12-25
4904,5271,Platinum,555380.66,0.656,364329.71,Active,2023-09-10
4905,5283,Signature,965104.09,0.249,240310.92,Active,2024-12-15
4906,4416,Platinum,469195.34,0.383,179701.82,Closed,2025-02-22
4907,5934,Gold,259665.72,0.478,124120.21,Active,2025-03-19
4908,3823,Gold,311273.02,0.579,180227.08,Active,2023-07-20
4909,9123,Classic,113613.85,0.033,3749.26,Closed,2024-07-15
4910,8715,Signature,1281565.11,0.352,451110.92,Active,2024-05-23
4911,7322,Signature,730651.96,0.041,29956.73,Active,2024-06-09
4912,3948,Classic,102644.91,0.233,23916.26,Active,2025-06-06
4913,1993,Classic,128874.77,0.388,50003.41,Closed,2025-05-03
4914,8661,Classic,115471.06,0.326,37643.57,Active,2025-04-21
4915,4916,Gold,313641.45,0.47,147411.48,Blocked,2023-05-12
4916,7066,Classic,119609.27,0.308,36839.66,Active,2021-10-24
4917,2643,Platinum,607573.77,0.062,37669.57,Blocked,2025-10-28
4918,2779,Classic,114727.3,0.229,26272.55,Active,2021-08-22
4919,5111,Gold,185265.8,0.014,2593.72,Active,2023-09-17
4920,1033,Platinum,567118.91,0.17,96410.21,Active,2023-05-28
4921,3503,Platinum,489726.25,0.152,74438.39,Active,2021-03-26
4922,4401,Signature,723136.97,0.287,207540.31,Active,2024-02-12
4923,8896,Platinum,451376.8,0.375,169266.3,Active,2022-08-10
4924,4717,Gold,220504.58,0.319,70340.96,Active,2022-09-06
4925,8190,Classic,126020.07,0.148,18650.97,Active,2024-12-23
4926,1991,Signature,1103278.63,0.151,166595.07,Active,2024-07-11
4927,2898,Signature,927880.88,0.203,188359.82,Active,2024-03-29
4928,3414,Gold,222190.88,0.228,50659.52,Closed,2022-01-23
4929,4725,Signature,936997.77,0.053,49660.88,Active,2024-12-04
4930,6062,Classic,78284.76,0.192,15030.67,Closed,2024-10-01
4931,349,Signature,1027621.0,0.199,204496.58,Active,2025-05-03
4932,4877,Signature,765692.88,0.41,313934.08,Blocked,2022-03-15
4933,1423,Classic,81870.57,0.329,26935.42,Closed,2023-04-30
4934,3535,Signature,892301.54,0.367,327474.67,Closed,2025-07-21
4935,5109,Classic,99499.18,0.364,36217.7,Blocked,2025-01-18
4936,4444,Gold,204907.33,0.125,25613.42,Blocked,2024-03-11
4937,4868,Gold,290006.97,0.17,49301.18,Active,2021-02-24
4938,4689,Gold,313285.09,0.261,81767.41,Active,2024-12-04
4939,5255,Classic,126267.03,0.207,26137.28,Active,2022-05-23
4940,9191,Gold,213210.13,0.239,50957.22,Closed,2021-01-09
4941,4934,Platinum,611813.74,0.389,237995.54,Active,2021-04-15
4942,977,Gold,289767.29,0.121,35061.84,Active,2024-09-17
4943,523,Classic,114838.41,0.191,21934.14,Blocked,2022-08-24
4944,3527,Classic,127866.84,0.586,74929.97,Blocked,2021-03-09
4945,2051,Platinum,461314.93,0.165,76116.96,Active,2022-09-21
4946,8524,Platinum,413594.11,0.145,59971.15,Closed,2021-12-21
4947,1257,Classic,99135.23,0.185,18340.02,Active,2023-09-24
4948,2914,Platinum,451035.96,0.217,97874.8,Active,2021-10-19
4949,4439,Signature,1273557.61,0.158,201222.1,Closed,2023-01-01
4950,2011,Classic,112356.09,0.302,33931.54,Blocked,2024-09-23
4951,2379,Signature,1112995.16,0.322,358384.44,Active,2023-07-26
4952,7529,Signature,842329.0,0.283,238379.11,Active,2025-07-25
4953,9304,Platinum,641965.65,0.075,48147.42,Active,2024-03-01
4954,6932,Gold,230764.13,0.213,49152.76,Blocked,2023-09-20
4955,8188,Platinum,644004.04,0.295,189981.19,Closed,2023-04-05
4956,9074,Classic,106612.95,0.264,28145.82,Active,2023-06-20
4957,9550,Classic,79916.26,0.285,22776.13,Active,2022-11-08
4958,3694,Signature,936295.87,0.518,485001.26,Active,2024-06-14
4959,1596,Gold,183808.3,0.574,105505.96,Closed,2025-01-15
4960,9411,Gold,263347.51,0.664,174862.75,Active,2023-03-05
4961,7083,Classic,75140.07,0.272,20438.1,Active,2023-08-29
4962,5873,Classic,122517.75,0.113,13844.51,Blocked,2023-11-20
4963,9007,Signature,787330.76,0.296,233049.9,Active,2025-12-05
4964,8511,Signature,1223951.08,0.126,154217.84,Closed,2024-11-22
4965,6579,Classic,94462.96,0.235,22198.8,Active,2024-12-25
4966,4938,Platinum,361924.28,0.428,154903.59,Active,2024-07-17
4967,9825,Gold,245430.42,0.271,66511.64,Active,2022-04-07
4968,6873,Gold,189452.92,0.439,83169.83,Closed,2021-11-21
4969,554,Classic,78123.88,0.318,24843.39,Blocked,2025-07-09
4970,7458,Gold,188427.76,0.428,80647.08,Active,2024-05-09
4971,1394,Classic,71986.65,0.466,33545.78,Blocked,2023-11-04
4972,8981,Gold,311253.85,0.153,47621.84,Active,2022-12-14
4973,1829,Gold,319554.54,0.521,166487.92,Active,2022-08-21
4974,2581,Signature,1123593.1,0.5,561796.55,Blocked,2024-06-18
4975,782,Classic,121865.25,0.411,50086.62,Closed,2025-09-17
4976,5751,Gold,291400.53,0.292,85088.95,Active,2025-08-17
4977,9186,Platinum,471112.29,0.509,239796.16,Blocked,2025-08-22
4978,7365,Signature,1219540.49,0.441,537817.36,Active,2025-02-11
4979,7398,Platinum,377187.28,0.398,150120.54,Active,2023-03-09
4980,9193,Platinum,500680.95,0.476,238324.13,Active,2021-08-22
4981,2889,Platinum,574795.67,0.341,196005.32,Closed,2023-02-10
4982,5756,Gold,310722.47,0.176,54687.15,Closed,2024-09-22
4983,1510,Classic,93008.34,0.502,46690.19,Active,2024-09-19
4984,5581,Platinum,599796.71,0.09,53981.7,Active,2021-05-30
4985,9876,Signature,1181485.9,0.452,534031.63,Active,2023-01-21
4986,3218,Signature,1277026.28,0.176,224756.63,Active,2023-05-09
4987,7978,Platinum,552523.94,0.081,44754.44,Closed,2022-12-11
4988,6766,Classic,129530.56,0.265,34325.6,Active,2024-04-16
4989,9303,Classic,108752.0,0.276,30015.55,Blocked,2025-07-07
4990,3352,Classic,85682.38,0.419,35900.92,Active,2021-02-09
4991,9347,Classic,72416.09,0.387,28025.03,Blocked,2025-11-03
4992,5633,Signature,885577.47,0.119,105383.72,Active,2021-10-07
4993,4928,Gold,251805.77,0.205,51620.18,Blocked,2021-03-09
4994,4929,Signature,825967.59,0.361,298174.3,Blocked,2024-04-05
4995,6341,Classic,126359.09,0.225,28430.8,Closed,2024-04-29
4996,586,Platinum,432857.93,0.192,83108.72,Active,2021-12-31
4997,6436,Classic,109980.12,0.293,32224.18,Active,2021-11-15
4998,7888,Classic,102598.58,0.33,33857.53,Active,2024-04-22
4999,1071,Signature,1004056.13,0.243,243985.64,Blocked,2023-03-21
5000,708,Signature,749733.11,0.587,440093.34,Active,2025-06-19
5001,6602,Gold,216330.39,0.113,24445.33,Closed,2022-11-09
5002,8013,Gold,183454.02,0.195,35773.53,Closed,2021-03-10
5003,706,Classic,105893.98,0.135,14295.69,Closed,2021-09-02
5004,6709,Platinum,564084.58,0.253,142713.4,Active,2023-09-28
5005,7188,Gold,225683.61,0.202,45588.09,Closed,2024-08-18
5006,5607,Gold,223276.9,0.389,86854.71,Blocked,2023-06-27
5007,9801,Gold,236333.35,0.241,56956.34,Active,2025-06-22
5008,2739,Platinum,399592.92,0.367,146650.6,Active,2021-10-15
5009,8231,Gold,180611.37,0.207,37386.55,Active,2021-08-02
5010,6554,Signature,721550.17,0.151,108954.08,Closed,2022-10-01
5011,922,Classic,94385.0,0.439,41435.01,Active,2021-07-22
5012,4398,Platinum,442894.76,0.423,187344.48,Active,2021-01-31
5013,9309,Gold,207374.21,0.423,87719.29,Active,2022-10-25
5014,3107,Signature,920886.89,0.349,321389.52,Closed,2025-02-12
5015,6219,Signature,899165.39,0.443,398330.27,Active,2023-12-19
5016,6497,Gold,247042.04,0.536,132414.53,Closed,2024-08-25
5017,3611,Platinum,401821.34,0.192,77149.7,Blocked,2023-08-28
5018,6230,Gold,257699.88,0.264,68032.77,Active,2023-07-06
5019,6930,Signature,939298.2,0.308,289303.85,Active,2022-11-01
5020,2884,Gold,293806.17,0.138,40545.25,Active,2024-10-05
5021,8270,Classic,85614.25,0.495,42379.05,Active,2024-11-04
5022,1370,Signature,943651.44,0.383,361418.5,Active,2021-11-30
5023,7710,Gold,181560.32,0.21,38127.67,Active,2021-05-11
5024,8364,Signature,908362.92,0.117,106278.46,Active,2021-07-17
5025,2014,Classic,120724.04,0.3,36217.21,Closed,2024-08-05
5026,6351,Platinum,418180.61,0.316,132145.07,Active,2025-04-06
5027,685,Gold,276490.74,0.183,50597.81,Closed,2022-10-22
5028,6575,Classic,107473.65,0.471,50620.09,Active,2024-08-10
5029,1770,Signature,1031082.99,0.229,236118.0,Active,2023-10-21
5030,8253,Signature,711948.41,0.258,183682.69,Active,2025-07-12
5031,2027,Classic,84400.92,0.269,22703.85,Active,2023-01-18
5032,531,Gold,243096.62,0.23,55912.22,Closed,2024-11-07
5033,1906,Signature,1219979.97,0.074,90278.52,Active,2025-06-25
5034,6463,Signature,1226762.42,0.154,188921.41,Active,2023-10-29
5035,3758,Signature,1142315.82,0.129,147358.74,Active,2025-03-17
5036,8153,Platinum,395152.16,0.264,104320.17,Active,2023-01-30
5037,5459,Platinum,511894.76,0.209,106986.0,Active,2022-07-17
5038,8753,Platinum,495096.75,0.192,95058.58,Active,2021-03-24
5039,5199,Platinum,576429.27,0.253,145836.61,Active,2021-01-03
5040,801,Platinum,605567.2,0.208,125957.98,Blocked,2024-10-10
5041,4093,Platinum,463855.8,0.314,145650.72,Blocked,2021-10-03
5042,6756,Signature,964827.79,0.263,253749.71,Active,2023-01-29
5043,3023,Gold,221953.97,0.293,65032.51,Active,2021-05-05
5044,4047,Platinum,586811.91,0.137,80393.23,Blocked,2023-06-10
5045,8292,Signature,1116669.77,0.174,194300.54,Closed,2024-10-22
5046,8611,Platinum,392999.99,0.288,113184.0,Active,2025-04-25
5047,7747,Signature,985093.4,0.308,303408.77,Active,2025-04-11
5048,6903,Gold,293077.72,0.65,190500.52,Active,2022-01-28
5049,8890,Signature,713730.09,0.229,163444.19,Closed,2021-01-01
5050,9435,Gold,250640.72,0.315,78951.83,Closed,2021-10-15
5051,2738,Platinum,572009.52,0.144,82369.37,Active,2025-01-13
5052,3080,Classic,92612.91,0.078,7223.81,Active,2021-10-12
5053,9318,Platinum,591288.64,0.09,53215.98,Closed,2023-12-22
5054,6444,Gold,241170.08,0.332,80068.47,Active,2021-11-04
5055,199,Gold,218316.58,0.279,60910.33,Active,2022-07-22
5056,5811,Signature,1144434.07,0.284,325019.28,Blocked,2023-08-23
5057,150,Platinum,480874.86,0.316,151956.46,Blocked,2024-11-12
5058,3251,Classic,79468.59,0.273,21694.93,Active,2024-06-24
5059,6581,Signature,819716.44,0.262,214765.71,Blocked,2025-10-14
5060,1994,Classic,99634.21,0.239,23812.58,Active,2023-07-06
5061,6070,Platinum,398254.69,0.359,142973.43,Blocked,2024-11-23
5062,881,Gold,269314.75,0.374,100723.72,Active,2022-08-16
5063,152,Gold,280562.74,0.132,37034.28,Closed,2024-05-17
5064,3502,Platinum,434357.76,0.069,29970.69,Active,2023-10-02
5065,2399,Gold,264754.94,0.337,89222.41,Active,2023-04-14
5066,3209,Gold,182155.86,0.245,44628.19,Closed,2022-06-20
5067,7123,Platinum,581901.7,0.416,242071.11,Active,2025-04-30
5068,3595,Gold,214943.55,0.472,101453.36,Active,2025-10-19
5069,2718,Platinum,458364.3,0.105,48128.25,Active,2021-12-10
5070,2726,Platinum,400878.83,0.22,88193.34,Active,2024-08-18
5071,1032,Platinum,398225.37,0.204,81237.98,Active,2024-12-03
5072,5683,Signature,921272.59,0.447,411808.85,Active,2021-08-15
5073,9128,Platinum,395605.44,0.084,33230.86,Active,2023-04-22
5074,1766,Gold,305931.0,0.393,120230.88,Active,2023-12-30
5075,8732,Signature,921356.95,0.212,195327.67,Active,2023-03-17
5076,6137,Classic,113231.8,0.152,17211.23,Closed,2021-09-24
5077,9408,Signature,720187.36,0.25,180046.84,Closed,2025-08-27
5078,6458,Classic,117264.95,0.365,42801.71,Active,2022-04-01
5079,9641,Platinum,505524.76,0.132,66729.27,Blocked,2024-07-24
5080,7461,Gold,320584.2,0.236,75657.87,Blocked,2024-06-18
5081,9828,Signature,1022586.63,0.395,403921.72,Active,2021-01-07
5082,3311,Classic,75908.85,0.383,29073.09,Active,2023-07-15
5083,7020,Signature,910009.81,0.295,268452.89,Active,2025-02-18
5084,5724,Platinum,437365.69,0.213,93158.89,Closed,2023-11-30
5085,2878,Signature,849748.58,0.072,61181.9,Active,2022-07-27
5086,2876,Platinum,540017.74,0.469,253268.32,Active,2025-09-29
5087,7336,Signature,1271016.31,0.205,260558.34,Active,2025-04-26
5088,2760,Classic,112626.36,0.284,31985.89,Active,2023-01-07
5089,965,Classic,74658.59,0.147,10974.81,Closed,2023-10-27
5090,6156,Platinum,588941.76,0.277,163136.87,Closed,2024-11-27
5091,4626,Signature,1061699.55,0.457,485196.69,Active,2023-03-05
5092,3119,Gold,284753.81,0.469,133549.54,Active,2022-10-15
5093,8459,Signature,987829.62,0.301,297336.72,Closed,2025-12-15
5094,8517,Gold,281860.36,0.177,49889.28,Active,2022-02-20
5095,4125,Classic,114957.19,0.111,12760.25,Closed,2025-04-03
5096,4746,Classic,90707.65,0.589,53426.81,Active,2022-05-29
5097,3164,Classic,84934.17,0.447,37965.57,Active,2023-12-11
5098,1073,Platinum,585455.46,0.19,111236.54,Active,2024-10-03
5099,9507,Classic,70923.93,0.341,24185.06,Active,2024-06-16
5100,8578,Classic,125543.5,0.521,65408.16,Active,2022-06-13
5101,9839,Classic,95600.25,0.279,26672.47,Active,2023-04-20
5102,4988,Platinum,433796.53,0.588,255072.36,Active,2024-10-06
5103,6921,Gold,312307.75,0.11,34353.85,Active,2023-07-27
5104,7960,Gold,202968.41,0.264,53583.66,Active,2022-11-18
5105,909,Gold,270332.73,0.299,80829.49,Closed,2022-01-20
5106,6596,Signature,978153.65,0.181,177045.81,Blocked,2024-05-14
5107,6218,Platinum,583448.85,0.194,113189.08,Blocked,2021-04-21
5108,181,Platinum,521132.67,0.322,167804.72,Closed,2022-12-01
5109,3524,Classic,98886.99,0.449,44400.26,Active,2025-07-05
5110,7698,Classic,108905.04,0.124,13504.22,Active,2025-02-25
5111,6485,Classic,79724.07,0.349,27823.7,Closed,2021-08-30
5112,6640,Gold,195000.87,0.301,58695.26,Blocked,2022-05-16
5113,3764,Platinum,514784.13,0.131,67436.72,Blocked,2021-05-26
5114,7258,Gold,303291.68,0.674,204418.59,Blocked,2021-02-12
5115,9408,Platinum,645930.33,0.324,209281.43,Closed,2023-08-30
5116,4323,Gold,180376.6,0.214,38600.59,Active,2021-06-07
5117,1400,Platinum,648030.65,0.642,416035.68,Closed,2025-09-15
5118,1185,Platinum,419334.01,0.018,7548.01,Blocked,2024-10-19
5119,8396,Gold,177158.4,0.529,93716.79,Active,2023-09-30
5120,5394,Gold,227697.67,0.07,15938.84,Active,2021-03-12
5121,6680,Platinum,560960.26,0.198,111070.13,Active,2023-01-14
5122,8154,Platinum,363950.29,0.04,14558.01,Blocked,2022-02-18
5123,452,Gold,203457.99,0.196,39877.77,Blocked,2023-06-11
5124,9050,Gold,252040.64,0.384,96783.61,Closed,2024-09-03
5125,502,Gold,192840.05,0.564,108761.79,Blocked,2024-03-05
5126,7956,Signature,804702.1,0.303,243824.74,Active,2022-07-22
5127,3957,Classic,77482.82,0.273,21152.81,Active,2022-10-03
5128,6661,Gold,268977.1,0.103,27704.64,Closed,2024-12-11
5129,755,Gold,282285.49,0.275,77628.51,Active,2022-08-21
5130,5368,Signature,1038997.69,0.199,206760.54,Active,2024-11-21
5131,9272,Platinum,581622.91,0.362,210547.49,Active,2021-08-21
5132,202,Gold,186804.49,0.326,60898.26,Closed,2022-04-25
5133,3288,Platinum,409026.4,0.273,111664.21,Active,2025-10-29
5134,3949,Gold,237339.73,0.249,59097.59,Active,2024-08-19
5135,949,Platinum,533971.53,0.332,177278.55,Blocked,2024-04-20
5136,2781,Platinum,507561.9,0.573,290832.97,Closed,2024-05-19
5137,5660,Classic,96362.22,0.226,21777.86,Closed,2022-02-27
5138,9244,Signature,928927.89,0.249,231303.04,Active,2021-12-02
5139,2641,Gold,286819.56,0.101,28968.78,Closed,2022-08-06
5140,9945,Signature,913592.83,0.168,153483.6,Blocked,2021-01-15
5141,9686,Signature,1239127.77,0.322,398999.14,Active,2021-09-08
5142,2673,Gold,273262.72,0.515,140730.3,Closed,2025-04-10
5143,4215,Classic,111903.39,0.145,16225.99,Closed,2021-12-11
5144,7249,Platinum,374697.54,0.336,125898.37,Active,2025-02-19
5145,3790,Classic,109786.74,0.234,25690.1,Active,2025-11-02
5146,1296,Signature,1255996.36,0.2,251199.27,Closed,2021-10-26
5147,4584,Platinum,428530.23,0.43,184268.0,Blocked,2022-11-04
5148,6796,Gold,313690.28,0.215,67443.41,Active,2023-01-10
5149,687,Signature,802101.6,0.151,121117.34,Active,2023-04-07
5150,268,Signature,704669.86,0.433,305122.05,Blocked,2024-09-02
5151,4941,Signature,1098785.88,0.324,356006.63,Blocked,2025-11-25
5152,9095,Signature,789657.07,0.508,401145.79,Active,2024-03-28
5153,2474,Classic,112447.8,0.316,35533.5,Active,2025-02-21
5154,5563,Gold,260420.21,0.379,98699.26,Closed,2023-11-07
5155,1571,Classic,119704.81,0.021,2513.8,Active,2025-04-08
5156,5612,Signature,1107445.46,0.761,842766.0,Closed,2023-05-27
5157,6135,Platinum,415359.75,0.359,149114.15,Closed,2022-07-09
5158,6699,Platinum,546506.3,0.402,219695.53,Active,2024-03-31
5159,5831,Signature,793008.77,0.157,124502.38,Active,2023-07-28
5160,5895,Gold,264469.58,0.321,84894.74,Closed,2021-03-29
5161,3001,Gold,197070.07,0.087,17145.1,Blocked,2023-09-24
5162,1636,Classic,118907.4,0.395,46968.42,Blocked,2022-05-06
5163,3443,Signature,709324.32,0.579,410698.78,Blocked,2025-04-04
5164,2740,Signature,836099.49,0.085,71068.46,Closed,2023-06-25
5165,4119,Signature,789067.81,0.49,386643.23,Active,2024-03-31
5166,6928,Platinum,397819.43,0.159,63253.29,Active,2024-01-12
5167,1788,Gold,244269.15,0.359,87692.62,Active,2023-05-06
5168,6535,Gold,233973.25,0.208,48666.44,Active,2023-08-03
5169,693,Platinum,548846.51,0.376,206366.29,Active,2024-05-23
5170,8293,Platinum,598575.61,0.272,162812.57,Closed,2022-02-22
5171,9507,Classic,103473.25,0.212,21936.33,Closed,2024-04-12
5172,8181,Gold,288992.99,0.087,25142.39,Closed,2022-11-05
5173,1323,Platinum,432234.89,0.255,110219.9,Active,2022-08-18
5174,3534,Platinum,611565.28,0.33,201816.54,Active,2024-08-18
5175,7033,Gold,307442.09,0.126,38737.7,Blocked,2021-05-24
5176,3309,Platinum,619318.05,0.391,242153.36,Closed,2022-05-26
5177,2156,Classic,105217.17,0.282,29671.24,Active,2021-02-20
5178,6168,Platinum,507824.16,0.143,72618.85,Active,2023-07-13
5179,5789,Gold,184150.02,0.248,45669.2,Active,2024-07-10
5180,4064,Signature,848160.77,0.292,247662.94,Active,2025-03-30
5181,5655,Signature,793819.18,0.245,194485.7,Closed,2021-02-10
5182,5965,Gold,311696.14,0.159,49559.69,Active,2025-07-29
5183,2310,Signature,1134106.8,0.514,582930.9,Active,2024-01-26
5184,4757,Classic,106499.75,0.315,33547.42,Blocked,2021-08-09
5185,5548,Platinum,564004.58,0.182,102648.83,Active,2021-08-22
5186,1690,Gold,198892.25,0.547,108794.06,Active,2021-02-08
5187,9332,Platinum,521490.33,0.246,128286.62,Blocked,2023-10-21
5188,8013,Platinum,518975.67,0.264,137009.58,Blocked,2023-07-10
5189,6855,Classic,97417.23,0.317,30881.26,Active,2025-04-02
5190,4693,Platinum,368148.93,0.25,92037.23,Active,2021-11-30
5191,9594,Platinum,459786.97,0.107,49197.21,Active,2024-03-26
5192,4911,Signature,799457.44,0.473,378143.37,Active,2024-07-07
5193,5305,Platinum,554480.12,0.058,32159.85,Active,2021-10-26
5194,6400,Classic,76492.18,0.218,16675.3,Blocked,2023-07-07
5195,5176,Platinum,476394.81,0.614,292506.41,Active,2024-10-13
5196,4356,Gold,244827.55,0.218,53372.41,Active,2023-11-13
5197,1208,Platinum,360626.72,0.07,25243.87,Active,2024-08-18
5198,7023,Classic,124027.17,0.247,30634.71,Blocked,2022-10-15
5199,4241,Platinum,579024.87,0.464,268667.54,Active,2022-11-08
5200,1719,Gold,214348.33,0.294,63018.41,Active,2023-07-17
5201,3242,Classic,116675.07,0.051,5950.43,Active,2021-11-04
5202,7979,Gold,303295.41,0.25,75823.85,Active,2025-11-17
5203,7252,Signature,1077358.44,0.503,541911.3,Active,2021-09-10
5204,3465,Platinum,399419.54,0.228,91067.66,Active,2022-02-22
5205,2167,Gold,289700.73,0.186,53884.34,Active,2022-12-12
5206,3209,Platinum,528746.48,0.342,180831.3,Active,2021-03-15
5207,3202,Gold,237582.66,0.077,18293.86,Blocked,2023-08-02
5208,3260,Signature,1162909.52,0.172,200020.44,Closed,2021-10-03
5209,4533,Signature,813759.15,0.173,140780.33,Blocked,2024-08-03
5210,3104,Gold,276703.2,0.455,125899.96,Closed,2025-06-20
5211,5382,Platinum,551272.42,0.048,26461.08,Closed,2025-11-23
5212,5074,Classic,117019.3,0.434,50786.38,Active,2023-03-23
5213,3845,Classic,77741.15,0.294,22855.9,Blocked,2022-06-03
5214,1398,Platinum,504881.82,0.435,219623.59,Active,2024-07-13
5215,9429,Gold,320628.48,0.442,141717.79,Active,2021-10-14
5216,3806,Gold,239076.84,0.074,17691.69,Blocked,2023-04-03
5217,9780,Platinum,415776.53,0.126,52387.84,Blocked,2021-10-13
5218,5497,Platinum,357968.52,0.211,75531.36,Active,2021-09-25
5219,1061,Signature,880605.69,0.049,43149.68,Active,2022-05-04
5220,8554,Gold,185782.23,0.395,73383.98,Active,2023-06-17
5221,1799,Classic,112659.54,0.086,9688.72,Active,2024-10-15
5222,8470,Platinum,546870.93,0.162,88593.09,Closed,2024-06-21
5223,7067,Gold,297654.21,0.328,97630.58,Active,2023-06-09
5224,8140,Classic,87725.39,0.145,12720.18,Active,2023-08-30
5225,6969,Signature,1057907.03,0.131,138585.82,Blocked,2024-02-03
5226,4507,Signature,1217118.2,0.653,794778.18,Active,2021-06-29
5227,611,Gold,235394.62,0.106,24951.83,Blocked,2024-05-16
5228,5287,Signature,1215672.79,0.109,132508.33,Active,2023-08-03
5229,4506,Signature,1179812.76,0.499,588726.57,Active,2024-10-06
5230,4836,Platinum,512713.39,0.502,257382.12,Active,2021-06-08
5231,8468,Classic,78296.77,0.173,13545.34,Active,2021-03-06
5232,2420,Signature,862732.24,0.503,433954.32,Blocked,2025-02-16
5233,6983,Platinum,618355.98,0.284,175613.1,Active,2022-08-08
5234,4484,Gold,226831.01,0.323,73266.42,Active,2024-12-05
5235,6688,Signature,968333.58,0.202,195603.38,Active,2022-02-04
5236,2158,Classic,77789.17,0.584,45428.88,Closed,2025-07-13
5237,653,Classic,129114.8,0.206,26597.65,Closed,2021-05-28
5238,2808,Gold,321858.35,0.114,36691.85,Active,2024-02-09
5239,9709,Signature,843123.52,0.216,182114.68,Active,2025-02-28
5240,6776,Gold,191672.97,0.074,14183.8,Closed,2023-09-01
5241,8372,Gold,181499.82,0.539,97828.4,Closed,2023-05-17
5242,324,Classic,115508.74,0.086,9933.75,Blocked,2022-04-11
5243,9784,Signature,771366.86,0.312,240666.46,Active,2021-01-02
5244,3302,Platinum,561394.54,0.112,62876.19,Active,2021-09-13
5245,9113,Gold,226794.51,0.303,68718.74,Active,2025-10-20
5246,6004,Platinum,381374.07,0.155,59112.98,Active,2021-01-07
5247,4770,Classic,76459.8,0.394,30125.16,Active,2024-10-16
5248,7189,Classic,90950.77,0.313,28467.59,Active,2021-12-07
5249,2290,Classic,85779.66,0.155,13295.85,Active,2021-04-10
5250,4068,Gold,195183.46,0.189,36889.67,Active,2024-01-06
5251,3321,Classic,102449.47,0.45,46102.26,Active,2025-04-12
5252,7026,Platinum,523812.37,0.135,70714.67,Active,2023-08-11
5253,6067,Gold,310743.44,0.457,142009.75,Active,2023-10-02
5254,1922,Gold,283294.37,0.301,85271.61,Active,2023-10-29
5255,6270,Classic,126560.32,0.602,76189.31,Active,2022-09-13
5256,6263,Platinum,618855.61,0.35,216599.46,Active,2023-11-17
5257,9390,Classic,102575.85,0.241,24720.78,Blocked,2024-08-06
5258,4700,Platinum,393986.42,0.501,197387.2,Active,2024-05-24
5259,8838,Classic,123833.96,0.445,55106.11,Blocked,2023-12-24
5260,1210,Platinum,463302.13,0.428,198293.31,Active,2024-05-22
5261,2518,Signature,843134.55,0.069,58176.28,Blocked,2022-06-25
5262,5420,Gold,273567.43,0.178,48695.0,Active,2024-09-23
5263,9971,Classic,114203.44,0.079,9022.07,Active,2023-06-20
5264,8819,Platinum,386501.61,0.157,60680.75,Blocked,2021-07-16
5265,1240,Gold,267890.05,0.353,94565.19,Active,2023-12-19
5266,3202,Classic,75002.01,0.173,12975.35,Active,2021-08-01
5267,2179,Classic,120739.76,0.118,14247.29,Active,2025-01-16
5268,5441,Gold,315039.26,0.157,49461.16,Blocked,2025-04-28
5269,6787,Classic,86169.88,0.445,38345.6,Closed,2023-11-04
5270,1058,Signature,1014849.59,0.357,362301.3,Blocked,2023-03-09
5271,7507,Gold,205498.66,0.142,29180.81,Active,2025-02-05
5272,1903,Gold,215798.62,0.386,83298.27,Blocked,2024-09-17
5273,2527,Classic,88136.44,0.53,46712.31,Blocked,2022-10-10
5274,133,Classic,125173.68,0.357,44687.0,Closed,2021-07-05
5275,2393,Classic,87354.98,0.179,15636.54,Active,2022-01-16
5276,3755,Gold,217110.95,0.158,34303.53,Closed,2022-06-04
5277,2667,Gold,213369.16,0.116,24750.82,Blocked,2023-04-28
5278,655,Gold,299967.0,0.244,73191.95,Active,2024-01-20
5279,5466,Classic,95108.48,0.536,50978.15,Active,2022-02-10
5280,9755,Gold,287776.61,0.166,47770.92,Active,2025-04-30
5281,4284,Gold,238844.29,0.708,169101.76,Active,2022-06-01
5282,3939,Signature,1087108.88,0.173,188069.84,Closed,2022-09-29
5283,2752,Classic,116457.91,0.502,58461.87,Closed,2021-11-28
5284,2215,Signature,1252754.33,0.161,201693.45,Blocked,2024-11-25
5285,8952,Platinum,640192.7,0.175,112033.72,Closed,2023-04-24
5286,2551,Gold,241613.87,0.602,145451.55,Blocked,2023-11-22
5287,8901,Gold,219604.24,0.555,121880.35,Blocked,2022-03-29
5288,4286,Classic,91457.79,0.32,29266.49,Active,2022-06-02
5289,2401,Platinum,607582.99,0.063,38277.73,Active,2024-09-09
5290,5577,Platinum,620530.01,0.302,187400.06,Active,2024-05-21
5291,3858,Gold,176034.06,0.366,64428.47,Active,2024-02-24
5292,3308,Gold,241426.83,0.141,34041.18,Closed,2022-11-08
5293,1299,Platinum,630604.85,0.514,324130.89,Active,2025-01-04
5294,1831,Signature,756781.26,0.226,171032.56,Active,2025-12-03
5295,1672,Classic,96321.44,0.117,11269.61,Active,2025-01-23
5296,1171,Classic,98439.71,0.335,32977.3,Closed,2023-02-06
5297,3138,Signature,1274710.17,0.205,261315.58,Active,2022-01-23
5298,1956,Platinum,618168.53,0.339,209559.13,Active,2021-05-28
5299,146,Platinum,530622.64,0.169,89675.23,Active,2022-08-05
5300,5734,Gold,184195.62,0.069,12709.5,Active,2025-09-18
5301,2873,Signature,1046515.41,0.582,609071.97,Closed,2025-12-09
5302,3624,Platinum,498909.47,0.562,280387.12,Active,2024-07-26
5303,9538,Gold,243454.74,0.217,52829.68,Active,2025-07-21
5304,4306,Platinum,639700.65,0.313,200226.3,Blocked,2024-06-26
5305,5476,Signature,805185.08,0.093,74882.21,Blocked,2023-03-03
5306,1661,Signature,939005.3,0.218,204703.16,Blocked,2022-06-17
5307,5428,Platinum,566151.94,0.027,15286.1,Active,2025-09-22
5308,6997,Classic,101913.18,0.191,19465.42,Closed,2025-04-14
5309,7281,Gold,289322.25,0.633,183140.98,Active,2021-07-23
5310,1895,Platinum,420125.9,0.136,57137.12,Active,2023-10-11
5311,8507,Gold,272255.8,0.364,99101.11,Active,2022-12-18
5312,5814,Classic,100499.28,0.136,13667.9,Active,2025-02-11
5313,8098,Platinum,462293.0,0.247,114186.37,Blocked,2022-11-24
5314,1890,Gold,194118.82,0.224,43482.62,Closed,2024-02-17
5315,4994,Classic,110411.79,0.664,73313.43,Active,2022-12-10
5316,2438,Classic,70271.54,0.205,14405.67,Closed,2023-03-30
5317,6730,Platinum,362734.68,0.281,101928.45,Blocked,2023-04-06
5318,1817,Signature,706853.28,0.102,72099.03,Active,2024-05-07
5319,3289,Platinum,549529.6,0.189,103861.09,Active,2024-02-28
5320,4293,Classic,102623.17,0.466,47822.4,Active,2021-01-11
5321,7314,Gold,296152.46,0.21,62192.02,Blocked,2022-05-18
5322,7990,Signature,1218692.86,0.349,425323.81,Active,2025-07-17
5323,3769,Classic,89024.08,0.498,44333.99,Active,2024-01-24
5324,3485,Signature,967026.58,0.323,312349.59,Active,2024-12-26
5325,6142,Gold,282236.31,0.53,149585.24,Blocked,2025-03-02
5326,9202,Signature,1127247.08,0.261,294211.49,Active,2025-04-18
5327,7562,Platinum,427097.53,0.509,217392.64,Active,2021-04-26
5328,9772,Classic,96942.61,0.127,12311.71,Active,2021-10-23
5329,9286,Platinum,619948.92,0.153,94852.18,Closed,2021-09-24
5330,3396,Signature,769691.85,0.238,183186.66,Active,2023-07-07
5331,1687,Platinum,351321.03,0.222,77993.27,Active,2022-07-02
5332,6933,Platinum,566223.14,0.633,358419.25,Active,2023-11-20
5333,2554,Signature,771052.61,0.321,247507.89,Active,2022-10-09
5334,2136,Gold,244001.18,0.301,73444.36,Active,2025-10-09
5335,4868,Gold,252638.58,0.228,57601.6,Closed,2021-01-12
5336,5690,Gold,231912.13,0.118,27365.63,Active,2023-10-24
5337,2200,Signature,1002613.72,0.355,355927.87,Active,2024-02-09
5338,2254,Gold,221147.5,0.247,54623.43,Active,2021-07-18
5339,6974,Platinum,604577.87,0.557,336749.87,Active,2022-10-12
5340,9660,Gold,204406.54,0.436,89121.25,Closed,2022-01-13
5341,6340,Signature,1119520.82,0.282,315704.87,Closed,2021-12-01
5342,8495,Classic,122729.34,0.713,87506.02,Active,2021-04-28
5343,4842,Classic,123854.86,0.323,40005.12,Blocked,2025-06-27
5344,5497,Gold,192376.07,0.448,86184.48,Active,2022-11-12
5345,7173,Classic,95738.38,0.368,35231.72,Closed,2021-10-27
5346,8710,Signature,893311.41,0.172,153649.56,Active,2022-12-19
5347,2681,Signature,904900.15,0.452,409014.87,Active,2022-06-20
5348,2848,Signature,736200.67,0.345,253989.23,Active,2021-01-15
5349,5457,Classic,95963.44,0.338,32435.64,Active,2021-09-05
5350,7704,Platinum,639044.26,0.059,37703.61,Active,2024-02-24
5351,5570,Gold,180133.7,0.438,78898.56,Active,2023-11-19
5352,1113,Gold,205272.55,0.289,59323.77,Active,2024-07-17
5353,8927,Signature,1209031.49,0.48,580335.12,Blocked,2021-09-11
5354,5216,Platinum,634792.06,0.215,136480.29,Closed,2024-07-28
5355,7558,Classic,91826.49,0.197,18089.82,Active,2021-02-16
5356,9595,Gold,293853.9,0.24,70524.94,Active,2021-02-05
5357,3946,Gold,317206.24,0.328,104043.65,Active,2024-08-07
5358,8515,Classic,110217.82,0.275,30309.9,Blocked,2025-01-17
5359,194,Gold,251484.86,0.178,44764.31,Active,2024-12-28
5360,2167,Gold,314987.92,0.261,82211.85,Active,2021-11-23
5361,7681,Platinum,611626.97,0.227,138839.32,Blocked,2024-12-13
5362,6313,Classic,107767.79,0.487,52482.91,Closed,2021-06-08
5363,5372,Signature,978047.86,0.393,384372.81,Closed,2023-04-12
5364,4690,Gold,228793.55,0.279,63833.4,Closed,2025-06-23
5365,4100,Classic,91959.22,0.247,22713.93,Active,2024-10-06
5366,163,Gold,263432.97,0.264,69546.3,Active,2025-02-04
5367,6617,Platinum,355633.28,0.294,104556.18,Blocked,2025-07-14
5368,3159,Platinum,389480.77,0.336,130865.54,Active,2023-02-10
5369,710,Classic,94424.83,0.168,15863.37,Active,2025-07-20
5370,5393,Platinum,580981.83,0.306,177780.44,Active,2023-05-12
5371,4913,Classic,94276.12,0.143,13481.49,Active,2023-01-13
5372,1833,Platinum,403008.18,0.536,216012.38,Active,2021-01-16
5373,1049,Gold,248992.78,0.108,26891.22,Active,2023-09-02
5374,2300,Signature,999384.17,0.602,601629.27,Blocked,2022-10-28
5375,6118,Classic,105931.87,0.316,33474.47,Blocked,2022-10-13
5376,539,Gold,279131.94,0.282,78715.21,Active,2024-04-25
5377,5512,Platinum,467739.52,0.104,48644.91,Blocked,2021-12-25
5378,4584,Signature,987219.45,0.26,256677.06,Closed,2021-04-08
5379,6178,Classic,126669.85,0.275,34834.21,Active,2021-02-11
5380,1725,Classic,77993.94,0.319,24880.07,Active,2022-05-10
5381,2412,Classic,128399.04,0.587,75370.24,Closed,2024-10-26
5382,6713,Gold,189815.17,0.179,33976.92,Active,2024-07-27
5383,1930,Classic,111577.01,0.073,8145.12,Active,2024-02-08
5384,1476,Classic,77518.16,0.349,27053.84,Active,2024-06-18
5385,5142,Classic,129402.38,0.248,32091.79,Closed,2022-06-22
5386,5803,Signature,1185738.37,0.204,241890.63,Blocked,2021-10-16
5387,6599,Signature,946479.88,0.33,312338.36,Closed,2023-06-25
5388,7298,Signature,1250504.66,0.457,571480.63,Closed,2025-02-11
5389,7322,Platinum,579639.14,0.238,137954.12,Closed,2023-01-25
5390,7961,Classic,98014.41,0.242,23719.49,Blocked,2024-12-09
5391,4175,Signature,1279936.67,0.198,253427.46,Active,2023-10-04
5392,2256,Platinum,486841.95,0.422,205447.3,Active,2025-05-13
5393,6938,Gold,268232.45,0.624,167377.05,Active,2021-08-17
5394,7982,Classic,94795.42,0.194,18390.31,Active,2023-09-17
5395,9043,Classic,119788.39,0.216,25874.29,Active,2022-09-04
5396,3451,Classic,77440.28,0.146,11306.28,Blocked,2023-08-17
5397,2970,Signature,866180.22,0.511,442618.09,Active,2021-11-08
5398,3457,Signature,761345.15,0.224,170541.31,Closed,2023-01-11
5399,138,Signature,1037655.34,0.206,213757.0,Blocked,2024-08-03
5400,9012,Platinum,356278.3,0.293,104389.54,Closed,2022-10-18
5401,4809,Gold,292396.1,0.287,83917.68,Closed,2024-12-25
5402,9775,Signature,907786.9,0.376,341327.87,Blocked,2022-10-05
5403,5728,Signature,1295748.45,0.149,193066.52,Active,2022-04-07
5404,2715,Platinum,498696.5,0.213,106222.35,Active,2025-05-10
5405,4760,Platinum,591040.05,0.586,346349.47,Closed,2022-08-28
5406,5323,Signature,753698.09,0.405,305247.73,Closed,2025-02-18
5407,5696,Platinum,461726.98,0.319,147290.91,Active,2022-11-30
5408,4797,Platinum,370281.54,0.184,68131.8,Blocked,2021-12-29
5409,6276,Classic,74845.08,0.514,38470.37,Blocked,2021-05-03
5410,8696,Signature,737952.0,0.377,278207.9,Closed,2024-03-18
5411,3943,Platinum,427058.33,0.27,115305.75,Closed,2021-07-25
5412,137,Platinum,514135.55,0.142,73007.25,Active,2024-02-03
5413,7134,Gold,287293.45,0.137,39359.2,Closed,2021-08-18
5414,605,Classic,92585.73,0.035,3240.5,Active,2021-09-03
5415,8162,Platinum,578795.74,0.308,178269.09,Active,2023-09-09
5416,5729,Classic,113351.54,0.241,27317.72,Closed,2024-05-02
5417,281,Signature,1179817.98,0.55,648899.89,Closed,2021-05-28
5418,8875,Platinum,634377.07,0.151,95790.94,Blocked,2022-09-10
5419,7067,Signature,1003385.97,0.349,350181.7,Active,2021-09-13
5420,5594,Classic,97189.19,0.382,37126.27,Active,2025-08-18
5421,2578,Gold,203984.1,0.26,53035.87,Closed,2022-04-16
5422,3151,Platinum,360834.8,0.073,26340.94,Active,2021-05-11
5423,1859,Platinum,606491.66,0.287,174063.11,Blocked,2024-06-27
5424,6209,Classic,115034.61,0.182,20936.3,Closed,2021-05-05
5425,3048,Platinum,614988.4,0.129,79333.5,Closed,2021-10-08
5426,9312,Classic,107202.99,0.422,45239.66,Active,2022-11-06
5427,952,Gold,299636.63,0.183,54833.5,Active,2022-12-26
5428,9609,Platinum,628397.02,0.05,31419.85,Active,2023-06-03
5429,9660,Platinum,641310.32,0.1,64131.03,Closed,2022-09-28
5430,3130,Signature,1022703.79,0.317,324197.1,Closed,2022-10-10
5431,5401,Classic,101487.7,0.068,6901.16,Blocked,2021-08-15
5432,7531,Classic,80259.86,0.357,28652.77,Active,2025-11-26
5433,4039,Gold,244384.68,0.368,89933.56,Closed,2021-09-02
5434,4743,Platinum,394615.97,0.165,65111.64,Blocked,2025-07-22
5435,7720,Signature,1295245.86,0.219,283658.84,Closed,2023-12-10
5436,1143,Gold,307736.08,0.065,20002.85,Active,2022-02-12
5437,2380,Signature,763197.33,0.098,74793.34,Closed,2023-09-29
5438,3092,Gold,230744.85,0.213,49148.65,Closed,2023-07-11
5439,3242,Classic,72897.35,0.079,5758.89,Active,2023-08-23
5440,6565,Gold,270255.45,0.088,23782.48,Blocked,2023-07-28
5441,6740,Signature,1148169.38,0.583,669382.75,Active,2025-08-05
5442,7846,Platinum,528796.29,0.013,6874.35,Blocked,2025-11-01
5443,4573,Classic,71810.63,0.39,28006.15,Active,2022-02-07
5444,830,Signature,826265.55,0.257,212350.25,Active,2023-04-17
5445,9263,Platinum,465245.69,0.347,161440.25,Closed,2024-12-30
5446,6329,Classic,109670.15,0.083,9102.62,Active,2025-07-28
5447,2482,Signature,874091.74,0.241,210656.11,Active,2023-11-27
5448,85,Platinum,379149.37,0.346,131185.68,Active,2021-10-11
5449,9158,Signature,1054017.56,0.221,232937.88,Active,2023-03-07
5450,7537,Classic,105537.64,0.269,28389.63,Closed,2022-01-31
5451,8154,Gold,303749.03,0.501,152178.26,Active,2021-10-05
5452,8427,Platinum,524869.06,0.29,152212.03,Active,2023-07-04
5453,8313,Platinum,624957.0,0.004,2499.83,Active,2022-02-28
5454,4911,Gold,184375.33,0.36,66375.12,Active,2024-01-18
5455,457,Signature,1087658.65,0.025,27191.47,Active,2023-11-29
5456,1539,Classic,116034.39,0.011,1276.38,Active,2025-09-29
5457,2721,Classic,128017.71,0.109,13953.93,Blocked,2024-04-21
5458,6083,Platinum,602692.95,0.109,65693.53,Active,2024-05-16
5459,4634,Gold,270012.47,0.39,105304.86,Blocked,2021-12-17
5460,1447,Platinum,434756.24,0.406,176511.03,Active,2023-06-26
5461,5537,Signature,1122384.04,0.324,363652.43,Active,2024-10-05
5462,954,Signature,1055874.83,0.675,712715.51,Active,2024-04-17
5463,65,Signature,947294.36,0.306,289872.07,Closed,2021-08-14
5464,1768,Signature,847926.31,0.542,459576.06,Active,2024-08-09
5465,7259,Signature,1029331.7,0.502,516724.51,Blocked,2021-05-15
5466,7582,Platinum,555575.59,0.429,238341.93,Active,2025-06-10
5467,5532,Classic,70593.59,0.561,39603.0,Active,2022-09-17
5468,256,Gold,274565.45,0.207,56835.05,Active,2021-11-24
5469,7237,Gold,241475.3,0.287,69303.41,Active,2022-04-28
5470,9272,Platinum,418044.27,0.463,193554.5,Active,2023-04-13
5471,5450,Gold,286273.92,0.215,61548.89,Active,2023-02-26
5472,5797,Gold,299577.64,0.248,74295.25,Active,2021-08-04
5473,6341,Platinum,585008.43,0.513,300109.32,Active,2024-05-11
5474,5030,Gold,229591.88,0.188,43163.27,Closed,2021-04-30
5475,3826,Classic,81705.16,0.518,42323.27,Blocked,2024-04-09
5476,6575,Platinum,593492.72,0.385,228494.7,Blocked,2025-12-08
5477,1620,Gold,270422.38,0.475,128450.63,Closed,2025-03-12
5478,8909,Gold,273835.88,0.502,137465.61,Blocked,2021-07-06
5479,1008,Classic,89388.94,0.196,17520.23,Closed,2021-03-22
5480,7738,Signature,727093.9,0.129,93795.11,Active,2025-02-27
5481,954,Classic,94307.79,0.116,10939.7,Closed,2021-01-02
5482,9278,Signature,1250225.13,0.251,313806.51,Active,2021-04-14
5483,1255,Signature,754355.91,0.378,285146.53,Active,2022-04-16
5484,6782,Classic,117592.36,0.155,18226.82,Closed,2022-11-27
5485,4002,Platinum,570525.45,0.346,197401.81,Active,2021-07-19
5486,7276,Signature,921101.05,0.386,355545.01,Blocked,2021-11-07
5487,9173,Platinum,625479.16,0.532,332754.91,Blocked,2024-07-11
5488,4092,Gold,315946.93,0.476,150390.74,Active,2021-09-03
5489,1207,Gold,189147.02,0.188,35559.64,Active,2023-01-26
5490,7859,Classic,115495.3,0.291,33609.13,Active,2022-05-28
5491,1971,Signature,1234729.16,0.306,377827.12,Closed,2023-03-07
5492,2652,Platinum,629265.85,0.254,159833.53,Blocked,2025-08-19
5493,2179,Platinum,586334.47,0.525,307825.6,Closed,2023-05-27
5494,391,Signature,706261.99,0.261,184334.38,Active,2023-06-26
5495,2344,Gold,177689.74,0.104,18479.73,Active,2024-05-26
5496,4800,Classic,74949.39,0.165,12366.65,Active,2025-07-20
5497,7619,Platinum,406780.28,0.164,66711.97,Active,2024-03-24
5498,6471,Classic,110766.23,0.343,37992.82,Closed,2024-05-29
5499,4017,Classic,110158.81,0.552,60807.66,Closed,2023-08-31
5500,5552,Platinum,632882.16,0.262,165815.13,Active,2025-06-09
5501,2413,Platinum,396091.83,0.553,219038.78,Closed,2021-04-24
5502,1099,Platinum,379971.52,0.395,150088.75,Active,2022-11-05
5503,7905,Classic,101338.52,0.128,12971.33,Active,2023-01-04
5504,2538,Signature,1031779.0,0.25,257944.75,Active,2025-03-13
5505,1578,Gold,200282.04,0.048,9613.54,Active,2023-06-13
5506,5217,Signature,1295666.6,0.429,555840.97,Active,2022-07-04
5507,217,Platinum,519983.02,0.36,187193.89,Active,2023-09-08
5508,5599,Gold,222655.21,0.183,40745.9,Blocked,2023-10-29
5509,3776,Classic,116212.86,0.461,53574.13,Active,2025-08-14
5510,5320,Gold,236003.02,0.299,70564.9,Blocked,2021-12-26
5511,8173,Gold,214241.96,0.25,53560.49,Active,2025-12-26
5512,3188,Platinum,617026.48,0.317,195597.39,Blocked,2022-01-11
5513,8187,Signature,979411.19,0.12,117529.34,Closed,2022-07-07
5514,9143,Classic,89162.83,0.35,31206.99,Closed,2025-01-30
5515,8163,Platinum,618124.07,0.084,51922.42,Active,2021-12-02
5516,9932,Classic,98837.89,0.605,59796.92,Active,2024-06-15
5517,9389,Signature,961432.6,0.172,165366.41,Active,2023-08-08
5518,9150,Platinum,477425.84,0.449,214364.2,Closed,2024-03-17
5519,6138,Gold,297581.26,0.238,70824.34,Active,2022-10-27
5520,4074,Platinum,570835.66,0.38,216917.55,Active,2025-06-14
5521,6716,Classic,95387.98,0.26,24800.87,Active,2025-11-02
5522,2474,Platinum,374193.24,0.199,74464.45,Closed,2022-12-03
5523,8573,Platinum,604070.82,0.338,204175.94,Active,2024-01-09
5524,8946,Gold,317012.22,0.33,104614.03,Active,2023-07-18
5525,2961,Classic,128567.87,0.143,18385.21,Blocked,2022-05-01
5526,8106,Classic,73576.23,0.192,14126.64,Blocked,2024-12-07
5527,7892,Classic,84874.62,0.428,36326.34,Blocked,2024-08-31
5528,7762,Gold,187569.75,0.411,77091.17,Active,2023-07-10
5529,572,Gold,305415.28,0.473,144461.43,Active,2024-11-19
5530,3800,Gold,253935.42,0.372,94463.98,Active,2025-11-12
5531,3479,Gold,258072.64,0.323,83357.46,Active,2022-08-12
5532,7955,Classic,102098.54,0.21,21440.69,Blocked,2023-07-18
5533,6410,Classic,98803.38,0.281,27763.75,Blocked,2022-12-03
5534,1042,Gold,268237.58,0.243,65181.73,Active,2024-09-29
5535,690,Platinum,643022.67,0.172,110599.9,Closed,2024-07-05
5536,6732,Platinum,467605.18,0.048,22445.05,Active,2021-10-02
5537,7108,Classic,100476.95,0.281,28234.02,Blocked,2022-05-16
5538,105,Classic,110397.83,0.031,3422.33,Closed,2025-06-09
5539,9425,Gold,190478.79,0.197,37524.32,Blocked,2022-10-27
5540,3437,Platinum,580104.9,0.4,232041.96,Active,2024-07-05
5541,412,Signature,1126059.19,0.15,168908.88,Active,2025-02-28
5542,6849,Platinum,630993.53,0.099,62468.36,Active,2025-11-04
5543,4953,Signature,879308.83,0.15,131896.32,Active,2025-12-19
5544,7201,Gold,262250.04,0.489,128240.27,Active,2024-04-27
5545,5894,Platinum,407265.66,0.451,183676.81,Active,2022-01-09
5546,2631,Platinum,539269.13,0.19,102461.13,Active,2021-02-22
5547,6316,Signature,872135.31,0.288,251174.97,Blocked,2023-09-22
5548,715,Platinum,605364.49,0.09,54482.8,Active,2021-05-16
5549,220,Signature,719366.09,0.428,307888.69,Active,2023-10-12
5550,4977,Classic,70299.87,0.236,16590.77,Closed,2023-04-30
5551,8006,Platinum,636319.28,0.152,96720.53,Active,2022-10-25
5552,7067,Signature,1119132.56,0.191,213754.32,Active,2024-04-27
5553,2855,Gold,216434.54,0.191,41339.0,Active,2022-07-14
5554,6235,Classic,128667.83,0.047,6047.39,Active,2021-02-08
5555,1285,Gold,265486.95,0.425,112831.95,Active,2023-05-04
5556,4245,Signature,1016909.43,0.312,317275.74,Active,2022-04-20
5557,4153,Classic,100811.65,0.161,16230.68,Closed,2023-12-10
5558,232,Classic,108550.57,0.085,9226.8,Active,2023-11-28
5559,708,Gold,221000.1,0.154,34034.02,Active,2022-11-05
5560,648,Classic,86633.03,0.334,28935.43,Active,2024-05-11
5561,6497,Gold,230865.67,0.238,54946.03,Active,2024-03-17
5562,7545,Signature,1081750.31,0.434,469479.63,Active,2022-12-16
5563,360,Gold,262663.53,0.099,26003.69,Closed,2023-09-20
5564,2616,Classic,90761.57,0.259,23507.25,Active,2024-12-11
5565,1050,Platinum,569832.46,0.05,28491.62,Active,2022-07-30
5566,2505,Signature,788168.17,0.274,215958.08,Closed,2023-08-19
5567,4447,Signature,1287516.37,0.342,440330.6,Blocked,2021-04-12
5568,3081,Signature,878201.21,0.146,128217.38,Blocked,2023-12-02
5569,6818,Platinum,455027.9,0.068,30941.9,Blocked,2024-04-26
5570,101,Classic,120026.57,0.231,27726.14,Active,2022-06-25
5571,2107,Gold,216633.76,0.245,53075.27,Active,2024-04-29
5572,7554,Platinum,562461.58,0.245,137803.09,Active,2025-01-02
5573,1979,Platinum,543093.31,0.668,362786.33,Active,2021-11-21
5574,8839,Platinum,635017.83,0.124,78742.21,Closed,2022-03-24
5575,5757,Gold,189459.72,0.127,24061.38,Active,2023-02-02
5576,6242,Gold,306650.25,0.095,29131.77,Blocked,2023-03-20
5577,7137,Platinum,366617.85,0.418,153246.26,Blocked,2025-09-21
5578,3999,Signature,800083.93,0.322,257627.03,Active,2025-01-23
5579,7186,Platinum,600028.77,0.087,52202.5,Active,2023-02-02
5580,6830,Signature,1083311.14,0.522,565488.42,Blocked,2024-09-19
5581,1254,Gold,295698.52,0.095,28091.36,Active,2021-11-02
5582,9096,Gold,292398.33,0.129,37719.38,Closed,2025-01-31
5583,2184,Classic,127439.38,0.28,35683.03,Blocked,2021-08-05
5584,9476,Signature,1268059.55,0.231,292921.76,Active,2021-09-05
5585,5473,Gold,282554.09,0.457,129127.22,Active,2023-03-23
5586,3897,Classic,80916.11,0.333,26945.06,Active,2025-07-22
5587,1672,Gold,225739.32,0.098,22122.45,Blocked,2025-03-02
5588,9994,Gold,319878.2,0.186,59497.35,Closed,2025-12-22
5589,8030,Classic,102937.34,0.177,18219.91,Active,2023-03-16
5590,8887,Platinum,461081.59,0.369,170139.11,Blocked,2023-10-13
5591,3330,Gold,316691.57,0.442,139977.67,Active,2024-10-31
5592,2547,Classic,84584.65,0.132,11165.17,Blocked,2022-08-03
5593,801,Classic,127151.49,0.589,74892.23,Active,2024-04-18
5594,6457,Gold,276553.38,0.151,41759.56,Active,2025-01-22
5595,4310,Platinum,589487.63,0.235,138529.59,Closed,2021-07-02
5596,6100,Platinum,382601.22,0.602,230325.93,Active,2024-12-21
5597,1954,Gold,267767.78,0.382,102287.29,Closed,2022-01-18
5598,2190,Platinum,363381.55,0.41,148986.44,Active,2023-08-13
5599,31,Gold,249395.55,0.195,48632.13,Active,2021-12-28
5600,1524,Gold,192829.04,0.506,97571.49,Closed,2024-11-27
5601,1120,Platinum,591598.77,0.477,282192.61,Closed,2024-09-06
5602,6819,Platinum,451727.22,0.376,169849.43,Blocked,2024-12-31
5603,3030,Gold,276471.44,0.247,68288.45,Active,2025-04-29
5604,5831,Platinum,444786.86,0.273,121426.81,Active,2022-07-21
5605,2272,Platinum,361754.02,0.493,178344.73,Closed,2021-02-22
5606,8914,Gold,322619.33,0.099,31939.31,Blocked,2023-04-13
5607,9033,Signature,987113.15,0.106,104633.99,Active,2025-11-21
5608,7502,Gold,250858.74,0.445,111632.14,Closed,2022-01-16
5609,5180,Signature,733079.89,0.045,32988.6,Closed,2023-01-12
5610,4140,Classic,82570.17,0.134,11064.4,Blocked,2025-02-27
5611,6633,Signature,1146987.85,0.465,533349.35,Active,2021-12-07
5612,8338,Platinum,533874.59,0.14,74742.44,Active,2022-12-26
5613,9463,Classic,74622.77,0.202,15073.8,Active,2022-06-08
5614,9541,Gold,224838.8,0.135,30353.24,Active,2021-01-25
5615,164,Gold,198770.73,0.515,102366.93,Active,2024-04-05
5616,1653,Gold,322526.34,0.378,121914.96,Closed,2024-09-19
5617,2755,Platinum,383601.9,0.3,115080.57,Closed,2023-10-21
5618,6116,Classic,95278.55,0.387,36872.8,Closed,2024-12-23
5619,7605,Classic,98123.5,0.124,12167.31,Active,2025-06-02
5620,6625,Classic,74095.64,0.171,12670.35,Closed,2025-10-31
5621,1621,Platinum,351310.9,0.558,196031.48,Active,2024-08-07
5622,6495,Platinum,388312.56,0.582,225997.91,Active,2021-02-18
5623,8039,Signature,902367.97,0.22,198520.95,Active,2022-03-19
5624,5967,Signature,808503.17,0.671,542505.63,Closed,2023-03-02
5625,1743,Signature,1006858.81,0.575,578943.82,Blocked,2022-05-26
5626,4815,Gold,273924.0,0.381,104365.04,Active,2021-10-18
5627,2280,Platinum,566056.21,0.207,117173.64,Closed,2024-01-23
5628,3112,Platinum,428537.42,0.345,147845.41,Active,2023-04-29
5629,4618,Classic,103661.02,0.203,21043.19,Active,2024-04-11
5630,8438,Signature,922698.1,0.25,230674.52,Closed,2023-10-09
5631,732,Classic,114626.35,0.138,15818.44,Active,2022-06-18
5632,1944,Signature,1025204.74,0.2,205040.95,Active,2023-04-08
5633,2634,Gold,290330.77,0.214,62130.78,Blocked,2022-09-27
5634,7236,Gold,180859.75,0.063,11394.16,Closed,2025-03-20
5635,3899,Classic,109934.84,0.188,20667.75,Active,2021-09-18
5636,5322,Platinum,420206.15,0.408,171444.11,Active,2021-04-16
5637,4528,Platinum,561203.96,0.316,177340.45,Blocked,2022-01-29
5638,3572,Platinum,532993.98,0.515,274491.9,Active,2023-01-13
5639,4987,Classic,90736.58,0.405,36748.31,Blocked,2021-08-29
5640,5904,Signature,979130.57,0.123,120433.06,Closed,2025-01-18
5641,4683,Platinum,532016.8,0.24,127684.03,Active,2021-07-24
5642,4923,Platinum,410517.77,0.373,153123.13,Active,2025-04-10
5643,1202,Signature,899743.15,0.1,89974.32,Active,2025-02-09
5644,2221,Classic,115496.65,0.036,4157.88,Active,2021-11-17
5645,500,Platinum,385164.7,0.126,48530.75,Closed,2021-12-09
5646,9907,Gold,300450.29,0.238,71507.17,Active,2023-02-20
5647,7736,Platinum,386376.84,0.523,202075.09,Blocked,2021-08-12
5648,6870,Signature,1043143.37,0.217,226362.11,Blocked,2022-07-27
5649,3403,Signature,1168964.98,0.622,727096.22,Blocked,2024-05-22
5650,2240,Platinum,509249.03,0.172,87590.83,Active,2021-01-04
5651,9800,Gold,288415.28,0.236,68066.01,Active,2023-04-24
5652,562,Classic,97161.08,0.306,29731.29,Closed,2024-05-07
5653,7242,Gold,184228.67,0.262,48267.91,Active,2025-05-19
5654,5931,Signature,1256118.13,0.2,251223.63,Closed,2022-01-10
5655,4217,Classic,85627.23,0.464,39731.03,Blocked,2023-08-23
5656,3667,Classic,110519.1,0.581,64211.6,Closed,2021-02-21
5657,3945,Classic,101097.82,0.097,9806.49,Active,2023-08-11
5658,3399,Signature,790669.59,0.525,415101.53,Active,2022-07-06
5659,1711,Classic,86357.26,0.294,25389.03,Active,2025-12-25
5660,6812,Platinum,564437.96,0.226,127562.98,Closed,2022-10-19
5661,2231,Platinum,460772.24,0.304,140074.76,Closed,2024-12-23
5662,1963,Signature,795611.4,0.197,156735.45,Closed,2024-03-14
5663,3786,Platinum,469987.44,0.29,136296.36,Closed,2021-08-20
5664,1752,Classic,128242.69,0.231,29624.06,Active,2023-04-18
5665,9031,Classic,104219.5,0.043,4481.44,Active,2023-01-11
5666,8666,Signature,942840.18,0.27,254566.85,Active,2021-01-29
5667,845,Gold,234508.92,0.289,67773.08,Closed,2021-05-20
5668,8409,Platinum,610970.2,0.245,149687.7,Active,2025-03-17
5669,9735,Signature,864064.46,0.025,21601.61,Active,2025-01-22
5670,5183,Platinum,519257.49,0.144,74773.08,Blocked,2024-09-10
5671,1080,Classic,126831.51,0.219,27776.1,Active,2021-02-01
5672,6428,Signature,1232559.01,0.139,171325.7,Active,2025-06-17
5673,1483,Platinum,393790.31,0.075,29534.27,Active,2021-01-03
5674,3195,Classic,76354.96,0.126,9620.72,Closed,2021-05-17
5675,7460,Platinum,390777.64,0.077,30089.88,Active,2023-07-24
5676,1586,Signature,750491.79,0.13,97563.93,Active,2025-08-23
5677,1121,Signature,825198.02,0.298,245909.01,Active,2025-10-03
5678,4076,Gold,267207.9,0.329,87911.4,Active,2025-09-24
5679,1295,Classic,82673.24,0.372,30754.45,Closed,2022-10-28
5680,8508,Classic,105819.6,0.249,26349.08,Active,2024-09-14
5681,5089,Gold,300095.34,0.275,82526.22,Blocked,2021-01-21
5682,2039,Gold,310578.6,0.502,155910.46,Active,2023-11-14
5683,4933,Signature,890299.8,0.139,123751.67,Blocked,2024-09-14
5684,4300,Platinum,648782.42,0.127,82395.37,Active,2025-01-25
5685,1429,Classic,106018.66,0.432,45800.06,Blocked,2021-04-28
5686,8260,Signature,1129499.25,0.382,431468.71,Closed,2024-03-29
5687,8074,Classic,91396.54,0.434,39666.1,Active,2024-12-27
5688,8546,Gold,303483.93,0.28,84975.5,Active,2024-09-09
5689,9079,Classic,127317.46,0.255,32465.95,Closed,2023-10-25
5690,9841,Classic,99145.5,0.269,26670.14,Active,2023-03-13
5691,9419,Signature,845321.13,0.118,99747.89,Active,2023-11-02
5692,706,Gold,216294.86,0.137,29632.4,Closed,2022-02-01
5693,4299,Platinum,447028.43,0.291,130085.27,Closed,2021-04-04
5694,4446,Signature,768939.23,0.482,370628.71,Active,2023-09-12
5695,2176,Platinum,459443.77,0.071,32620.51,Active,2024-01-26
5696,8246,Signature,1221879.74,0.115,140516.17,Active,2022-07-15
5697,9838,Platinum,490153.61,0.471,230862.35,Blocked,2021-12-06
5698,4426,Classic,88509.44,0.394,34872.72,Active,2022-06-04
5699,558,Signature,820864.54,0.075,61564.84,Blocked,2023-10-11
5700,1975,Platinum,600872.62,0.089,53477.66,Blocked,2023-08-02
5701,5812,Gold,296057.85,0.513,151877.68,Active,2023-04-06
5702,1315,Gold,216920.09,0.111,24078.13,Active,2023-12-09
5703,5913,Classic,91757.17,0.333,30555.14,Closed,2021-04-05
5704,1725,Gold,316895.18,0.353,111864.0,Active,2023-08-25
5705,4990,Signature,1063390.05,0.098,104212.22,Closed,2022-07-08
5706,2085,Classic,99106.73,0.216,21407.05,Blocked,2022-10-28
5707,9875,Classic,118792.45,0.203,24114.87,Active,2023-01-31
5708,3346,Platinum,490891.62,0.26,127631.82,Active,2023-04-28
5709,520,Signature,1268375.73,0.031,39319.65,Active,2024-02-07
5710,3230,Gold,194823.79,0.204,39744.05,Active,2022-06-13
5711,731,Classic,90919.89,0.601,54642.85,Active,2021-01-17
5712,1097,Platinum,359061.4,0.387,138956.76,Active,2022-08-22
5713,2714,Classic,86756.24,0.233,20214.2,Closed,2024-03-26
5714,4582,Platinum,362362.46,0.095,34424.43,Blocked,2025-06-09
5715,177,Gold,186279.12,0.279,51971.87,Active,2023-01-13
5716,8225,Platinum,510532.79,0.538,274666.64,Blocked,2024-09-23
5717,4834,Classic,124493.2,0.382,47556.4,Active,2023-07-01
5718,7440,Platinum,411218.96,0.255,104860.83,Closed,2025-09-09
5719,8020,Platinum,356754.05,0.119,42453.73,Active,2024-01-02
5720,472,Platinum,423857.93,0.567,240327.45,Blocked,2022-04-24
5721,5576,Classic,97477.62,0.435,42402.76,Closed,2025-08-30
5722,9199,Platinum,424466.98,0.635,269536.53,Blocked,2021-01-25
5723,797,Platinum,599802.05,0.276,165545.37,Closed,2024-07-22
5724,7807,Gold,321832.23,0.337,108457.46,Active,2023-10-01
5725,3699,Platinum,363793.69,0.492,178986.5,Blocked,2025-11-10
5726,269,Platinum,354240.6,0.211,74744.77,Active,2023-05-10
5727,2456,Classic,87394.78,0.389,33996.57,Active,2021-04-15
5728,3232,Platinum,460798.85,0.082,37785.51,Active,2021-11-05
5729,340,Signature,863416.69,0.375,323781.26,Active,2023-02-28
5730,4376,Classic,75089.48,0.225,16895.13,Active,2021-06-05
5731,3961,Signature,930930.68,0.125,116366.34,Active,2025-05-22
5732,8714,Platinum,627270.7,0.132,82799.73,Blocked,2021-01-01
5733,6627,Classic,111509.99,0.309,34456.59,Active,2024-03-01
5734,8971,Classic,116162.02,0.328,38101.14,Active,2021-06-08
5735,9928,Gold,233060.75,0.397,92525.12,Active,2024-03-18
5736,6287,Gold,276464.99,0.119,32899.33,Active,2022-04-10
5737,6232,Gold,199827.62,0.121,24179.14,Active,2021-09-27
5738,2623,Classic,125198.83,0.122,15274.26,Active,2023-05-14
5739,3896,Signature,765600.9,0.342,261835.51,Blocked,2025-09-30
5740,3040,Signature,1040651.0,0.259,269528.61,Active,2024-03-25
5741,382,Platinum,573263.86,0.357,204655.2,Active,2023-09-29
5742,598,Gold,201141.35,0.218,43848.81,Active,2023-08-13
5743,2546,Platinum,363794.89,0.078,28376.0,Active,2025-03-22
5744,3410,Gold,321260.62,0.393,126255.42,Active,2021-04-02
5745,5633,Gold,228446.73,0.206,47060.03,Closed,2024-05-13
5746,7609,Classic,99985.86,0.144,14397.96,Blocked,2023-07-28
5747,4622,Platinum,503530.1,0.071,35750.64,Blocked,2025-11-30
5748,7429,Signature,1186530.88,0.403,478171.94,Closed,2023-11-27
5749,2027,Gold,250059.09,0.456,114026.95,Active,2021-06-12
5750,2842,Gold,253794.28,0.255,64717.54,Blocked,2022-08-24
5751,9913,Platinum,618939.23,0.151,93459.82,Active,2022-07-15
5752,2777,Signature,1137633.01,0.181,205911.57,Active,2023-11-11
5753,8810,Signature,1006745.99,0.137,137924.2,Active,2021-09-17
5754,7634,Signature,1232703.07,0.08,98616.25,Active,2023-05-26
5755,9206,Platinum,538382.71,0.164,88294.76,Active,2022-07-18
5756,450,Platinum,458167.75,0.654,299641.71,Closed,2023-05-03
5757,3452,Gold,275764.87,0.408,112512.07,Active,2024-05-30
5758,9283,Classic,102778.27,0.114,11716.72,Closed,2022-09-24
5759,9023,Gold,232178.7,0.363,84280.87,Active,2021-11-02
5760,3288,Classic,118856.89,0.375,44571.33,Closed,2023-12-09
5761,3498,Classic,117885.32,0.327,38548.5,Active,2023-12-08
5762,8774,Platinum,358537.14,0.477,171022.22,Active,2021-11-28
5763,3196,Classic,108819.07,0.436,47445.11,Active,2023-06-04
5764,3160,Signature,879042.54,0.348,305906.8,Closed,2024-05-03
5765,8879,Gold,284027.6,0.606,172120.73,Active,2023-08-22
5766,2648,Signature,935152.61,0.418,390893.79,Active,2022-03-18
5767,7356,Signature,937762.97,0.212,198805.75,Active,2024-08-26
5768,2166,Signature,1113642.28,0.145,161478.13,Active,2024-01-02
5769,6621,Signature,897013.68,0.278,249369.8,Closed,2025-06-25
5770,3134,Gold,273533.33,0.19,51971.33,Closed,2025-11-24
5771,1433,Platinum,538207.56,0.358,192678.31,Active,2022-01-17
5772,8398,Signature,932907.52,0.131,122210.89,Active,2022-11-10
5773,9548,Signature,786414.88,0.254,199749.38,Active,2021-12-06
5774,5136,Platinum,640795.68,0.288,184549.16,Closed,2022-04-26
5775,2659,Classic,91703.97,0.276,25310.3,Blocked,2021-05-14
5776,1465,Gold,316827.96,0.119,37702.53,Active,2022-03-06
5777,7656,Classic,81262.67,0.111,9020.16,Closed,2024-10-22
5778,247,Platinum,542771.14,0.272,147633.75,Closed,2023-04-16
5779,7881,Platinum,578663.02,0.583,337360.54,Active,2023-05-24
5780,6373,Classic,114233.95,0.107,12223.03,Active,2021-10-28
5781,4284,Gold,324162.46,0.456,147818.08,Active,2025-06-25
5782,592,Signature,1071902.7,0.293,314067.49,Active,2023-09-25
5783,1665,Platinum,394546.47,0.407,160580.41,Active,2025-09-23
5784,955,Signature,919917.71,0.255,234579.02,Active,2021-03-25
5785,6267,Classic,127129.14,0.259,32926.45,Closed,2024-01-04
5786,4680,Signature,1064161.12,0.322,342659.88,Active,2024-09-05
5787,1267,Gold,228891.42,0.442,101170.01,Active,2024-03-12
5788,8843,Platinum,493100.75,0.599,295367.35,Active,2025-07-31
5789,5143,Gold,296991.98,0.221,65635.23,Active,2021-02-06
5790,5129,Classic,90742.98,0.48,43556.63,Active,2022-11-17
5791,6277,Signature,966356.46,0.33,318897.63,Blocked,2021-11-12
5792,5538,Platinum,464635.22,0.257,119411.25,Active,2025-01-01
5793,7985,Classic,76088.91,0.324,24652.81,Active,2021-01-14
5794,502,Classic,94453.67,0.146,13790.24,Blocked,2022-06-06
5795,7133,Gold,199579.7,0.12,23949.56,Active,2024-11-21
5796,9399,Gold,204804.7,0.06,12288.28,Active,2024-12-29
5797,1242,Platinum,456891.34,0.469,214282.04,Blocked,2024-04-08
5798,5873,Gold,214677.57,0.121,25975.99,Active,2023-05-03
5799,9728,Gold,253265.33,0.516,130684.91,Active,2023-03-17
5800,7559,Platinum,396117.72,0.251,99425.55,Active,2022-11-02
5801,5396,Signature,952941.57,0.353,336388.37,Active,2024-09-22
5802,6286,Gold,232242.67,0.263,61079.82,Active,2025-05-04
5803,6198,Platinum,635713.98,0.05,31785.7,Active,2021-11-15
5804,8097,Gold,238958.38,0.241,57588.97,Closed,2024-06-20
5805,7869,Platinum,396396.92,0.584,231495.8,Closed,2021-05-05
5806,6262,Gold,190001.89,0.286,54340.54,Blocked,2023-03-21
5807,4643,Classic,118763.93,0.418,49643.32,Closed,2025-07-15
5808,6878,Gold,192685.79,0.356,68596.14,Active,2023-08-04
5809,5713,Gold,294753.93,0.22,64845.86,Active,2025-12-13
5810,7028,Signature,700339.47,0.149,104350.58,Blocked,2023-10-29
5811,5948,Classic,86398.85,0.408,35250.73,Active,2022-11-23
5812,304,Signature,1010960.49,0.071,71778.19,Active,2022-03-31
5813,8752,Signature,1261486.77,0.338,426382.53,Blocked,2021-03-19
5814,8901,Gold,219466.69,0.384,84275.21,Active,2022-05-25
5815,7334,Classic,83469.25,0.26,21702.01,Closed,2025-07-06
5816,2919,Classic,117659.78,0.481,56594.35,Closed,2022-07-31
5817,1482,Signature,1077889.4,0.64,689849.22,Active,2024-01-17
5818,5617,Gold,236467.74,0.147,34760.76,Active,2025-03-14
5819,2797,Signature,842715.77,0.221,186240.19,Active,2023-04-26
5820,6291,Platinum,644015.57,0.259,166800.03,Blocked,2022-08-12
5821,1823,Classic,106197.5,0.446,47364.08,Closed,2023-04-06
5822,7525,Platinum,428115.52,0.259,110881.92,Active,2023-12-01
5823,1270,Classic,107035.88,0.344,36820.34,Active,2023-02-04
5824,4000,Platinum,637932.55,0.426,271759.27,Closed,2022-06-23
5825,8532,Platinum,492772.06,0.19,93626.69,Active,2023-11-05
5826,388,Signature,1124637.49,0.047,52857.96,Blocked,2023-03-29
5827,3774,Classic,79103.67,0.059,4667.12,Blocked,2024-08-18
5828,4990,Classic,102295.76,0.13,13298.45,Closed,2022-05-07
5829,7906,Signature,1150202.58,0.258,296752.27,Active,2024-07-29
5830,919,Gold,280453.97,0.571,160139.22,Active,2024-03-02
5831,5944,Gold,248017.31,0.473,117312.19,Blocked,2025-06-04
5832,2918,Platinum,496391.95,0.131,65027.35,Active,2025-05-21
5833,2660,Signature,779015.43,0.311,242273.8,Blocked,2024-02-14
5834,101,Platinum,535472.53,0.233,124765.1,Closed,2025-06-22
5835,128,Platinum,509296.67,0.14,71301.53,Active,2023-02-23
5836,3987,Signature,856729.44,0.268,229603.49,Active,2024-07-17
5837,6838,Platinum,582026.53,0.092,53546.44,Active,2025-02-27
5838,8308,Gold,200745.57,0.052,10438.77,Active,2025-07-22
5839,1341,Classic,97967.99,0.284,27822.91,Active,2024-06-02
5840,1852,Signature,864015.22,0.218,188355.32,Blocked,2022-06-23
5841,4975,Gold,210861.28,0.25,52715.32,Active,2024-05-02
5842,1871,Gold,267735.05,0.553,148057.48,Closed,2023-07-18
5843,6740,Platinum,515193.04,0.224,115403.24,Closed,2022-07-05
5844,9834,Signature,975341.67,0.374,364777.78,Blocked,2023-10-23
5845,352,Signature,803997.53,0.3,241199.26,Blocked,2022-05-30
5846,1475,Platinum,596027.75,0.385,229470.68,Active,2024-09-18
5847,9063,Platinum,501942.14,0.131,65754.42,Closed,2024-07-08
5848,9117,Gold,205663.13,0.222,45657.21,Active,2022-07-18
5849,9231,Signature,1088394.69,0.286,311280.88,Blocked,2025-04-19
5850,6313,Classic,81969.39,0.385,31558.22,Active,2025-01-29
5851,4312,Gold,192927.35,0.363,70032.63,Closed,2022-09-03
5852,966,Signature,1183324.19,0.264,312397.59,Closed,2022-02-16
5853,6588,Platinum,407862.64,0.144,58732.22,Blocked,2025-01-31
5854,3897,Classic,72713.47,0.37,26903.98,Closed,2021-10-18
5855,5581,Classic,74510.62,0.385,28686.59,Active,2023-06-27
5856,6858,Classic,76184.19,0.269,20493.55,Active,2025-09-26
5857,5481,Platinum,416200.47,0.496,206435.43,Closed,2021-03-04
5858,8702,Classic,99176.47,0.107,10611.88,Active,2025-12-17
5859,4289,Gold,286948.64,0.585,167864.95,Blocked,2021-12-12
5860,2190,Classic,107741.81,0.209,22518.04,Active,2022-02-26
5861,8618,Gold,275062.85,0.467,128454.35,Blocked,2025-03-07
5862,8303,Gold,239207.64,0.108,25834.43,Active,2024-02-11
5863,8285,Classic,87766.48,0.427,37476.29,Blocked,2022-10-10
5864,2867,Platinum,383629.53,0.232,89002.05,Closed,2024-05-23
5865,7536,Classic,128642.46,0.207,26628.99,Closed,2024-09-09
5866,2506,Classic,104092.6,0.363,37785.61,Active,2025-01-17
5867,4623,Gold,182901.41,0.186,34019.66,Blocked,2022-08-12
5868,2534,Gold,256734.32,0.282,72399.08,Active,2025-04-12
5869,2419,Signature,1180797.63,0.06,70847.86,Blocked,2023-12-26
5870,7850,Platinum,375403.37,0.515,193332.74,Active,2022-02-03
5871,9082,Signature,780774.12,0.435,339636.74,Blocked,2024-04-27
5872,7402,Platinum,435527.52,0.108,47036.97,Active,2022-08-12
5873,6215,Classic,96668.09,0.457,44177.32,Active,2021-03-17
5874,7589,Classic,102143.68,0.425,43411.06,Blocked,2023-07-07
5875,3277,Signature,1151190.42,0.033,37989.28,Active,2022-09-03
5876,9785,Gold,191124.27,0.117,22361.54,Blocked,2024-02-25
5877,6740,Signature,1293880.08,0.113,146208.45,Closed,2023-08-22
5878,9527,Signature,824886.64,0.282,232618.03,Closed,2023-05-31
5879,9228,Classic,108562.69,0.064,6948.01,Closed,2022-05-14
5880,5806,Signature,1188347.41,0.074,87937.71,Blocked,2022-11-06
5881,8635,Gold,229896.56,0.126,28966.97,Closed,2024-09-08
5882,9949,Classic,124624.44,0.058,7228.22,Active,2025-06-02
5883,4565,Platinum,381912.45,0.104,39718.89,Active,2023-06-12
5884,9396,Signature,1057169.1,0.248,262177.94,Active,2024-02-18
5885,28,Classic,81421.54,0.312,25403.52,Closed,2024-05-07
5886,5375,Classic,117691.37,0.505,59434.14,Active,2025-07-23
5887,6545,Gold,217383.98,0.478,103909.54,Active,2022-06-30
5888,9931,Gold,246208.65,0.315,77555.72,Active,2024-06-04
5889,4656,Classic,94509.38,0.241,22776.76,Closed,2025-02-07
5890,3312,Gold,323735.1,0.768,248628.56,Active,2022-04-05
5891,2129,Gold,267880.1,0.247,66166.38,Active,2025-03-01
5892,3510,Platinum,530156.2,0.282,149504.05,Blocked,2021-02-15
5893,7741,Signature,957188.53,0.095,90932.91,Closed,2024-03-02
5894,757,Gold,293885.36,0.231,67887.52,Closed,2025-07-18
5895,4272,Signature,803252.53,0.604,485164.53,Active,2021-01-10
5896,7295,Signature,1014295.35,0.071,72014.97,Active,2025-03-24
5897,7239,Classic,120694.34,0.265,31984.0,Active,2023-04-07
5898,5127,Platinum,433110.93,0.202,87488.41,Closed,2023-11-02
5899,3047,Gold,298816.37,0.224,66934.87,Blocked,2022-05-11
5900,2505,Classic,118150.41,0.114,13469.15,Closed,2025-02-25
5901,109,Signature,1208140.04,0.295,356401.31,Active,2025-10-06
5902,7105,Signature,1245948.45,0.114,142038.12,Active,2025-09-29
5903,8753,Platinum,489102.55,0.054,26411.54,Active,2024-10-10
5904,299,Signature,999124.23,0.183,182839.73,Active,2021-10-12
5905,3660,Signature,789820.81,0.247,195085.74,Blocked,2023-06-21
5906,8738,Gold,235613.49,0.656,154562.45,Closed,2023-05-15
5907,8601,Classic,104846.54,0.265,27784.33,Active,2025-12-06
5908,1213,Platinum,645116.7,0.339,218694.56,Active,2025-01-12
5909,518,Platinum,512056.38,0.398,203798.44,Blocked,2025-02-17
5910,1647,Signature,1065112.73,0.168,178938.94,Closed,2021-09-23
5911,9222,Signature,797970.96,0.559,446065.77,Blocked,2023-09-08
5912,2831,Classic,87520.56,0.345,30194.59,Blocked,2023-11-11
5913,4862,Gold,292774.87,0.146,42745.13,Active,2025-09-12
5914,917,Classic,97322.65,0.475,46228.26,Active,2025-03-31
5915,8182,Signature,1295661.4,0.195,252653.97,Active,2021-01-25
5916,6153,Platinum,351130.17,0.27,94805.15,Active,2024-11-22
5917,4763,Platinum,525073.8,0.101,53032.45,Active,2025-01-22
5918,1208,Platinum,601624.04,0.334,200942.43,Active,2023-06-05
5919,2340,Gold,206871.77,0.097,20066.56,Closed,2022-02-13
5920,142,Platinum,375523.57,0.247,92754.32,Active,2024-10-14
5921,6524,Classic,81071.34,0.454,36806.39,Active,2022-03-02
5922,9283,Gold,315982.29,0.227,71727.98,Active,2021-10-27
5923,9321,Classic,114157.04,0.136,15525.36,Active,2025-10-28
5924,4616,Platinum,624287.27,0.155,96764.53,Active,2023-05-16
5925,467,Platinum,412888.21,0.485,200250.78,Active,2024-09-07
5926,8140,Signature,783218.37,0.355,278042.52,Active,2023-10-23
5927,6970,Classic,74029.0,0.206,15249.97,Active,2021-02-21
5928,116,Platinum,474432.61,0.524,248602.69,Active,2021-06-05
5929,7010,Gold,264289.39,0.09,23786.05,Active,2023-02-24
5930,3092,Classic,124446.69,0.141,17546.98,Active,2024-03-11
5931,5119,Gold,216379.95,0.62,134155.57,Active,2022-06-09
5932,6432,Platinum,522192.17,0.135,70495.94,Active,2021-08-16
5933,5959,Classic,113600.26,0.452,51347.32,Active,2021-08-07
5934,7287,Platinum,627833.47,0.377,236693.22,Active,2024-06-25
5935,2224,Classic,92063.28,0.371,34155.48,Blocked,2023-04-18
5936,7541,Classic,121388.51,0.324,39329.88,Blocked,2023-12-16
5937,605,Signature,700051.91,0.281,196714.59,Active,2023-02-02
5938,7497,Platinum,419410.32,0.582,244096.81,Blocked,2025-07-28
5939,2415,Signature,1101318.59,0.301,331496.9,Active,2021-12-03
5940,6085,Platinum,385678.3,0.243,93719.83,Closed,2021-08-26
5941,2498,Signature,1062149.51,0.062,65853.27,Closed,2025-08-05
5942,4038,Signature,755899.69,0.461,348469.76,Active,2024-12-28
5943,7104,Gold,178854.29,0.687,122872.9,Active,2022-06-16
5944,1598,Gold,234394.47,0.217,50863.6,Closed,2022-02-11
5945,5062,Signature,906640.46,0.573,519504.98,Active,2023-06-08
5946,4775,Signature,1188577.55,0.339,402927.79,Active,2021-06-10
5947,3859,Signature,711317.38,0.188,133727.67,Active,2025-05-30
5948,9072,Gold,291152.46,0.285,82978.45,Closed,2025-11-02
5949,8624,Signature,818920.93,0.091,74521.8,Active,2024-05-26
5950,2131,Platinum,529804.58,0.333,176424.93,Active,2025-06-04
5951,4754,Classic,79201.63,0.119,9424.99,Active,2023-04-22
5952,5105,Signature,1266306.9,0.21,265924.45,Blocked,2025-12-27
5953,7235,Classic,85894.17,0.302,25940.04,Active,2023-09-02
5954,8959,Platinum,535275.78,0.034,18199.38,Active,2023-06-01
5955,5092,Classic,104949.07,0.19,19940.32,Active,2023-12-24
5956,7204,Classic,99216.18,0.448,44448.85,Blocked,2021-05-27
5957,9804,Gold,319386.04,0.108,34493.69,Active,2023-01-05
5958,5522,Platinum,487296.99,0.334,162757.19,Active,2025-06-28
5959,7523,Classic,115802.24,0.473,54774.46,Active,2021-08-21
5960,5791,Platinum,459396.8,0.033,15160.09,Active,2022-08-01
5961,7451,Platinum,534428.21,0.058,30996.84,Active,2025-05-09
5962,7835,Platinum,626127.13,0.086,53846.93,Closed,2025-09-17
5963,1508,Gold,225252.57,0.089,20047.48,Closed,2023-06-01
5964,3990,Signature,1014896.08,0.137,139040.76,Closed,2021-08-04
5965,9187,Gold,242865.71,0.105,25500.9,Blocked,2022-09-05
5966,1206,Classic,77267.27,0.092,7108.59,Active,2025-09-02
5967,7162,Classic,114559.38,0.338,38721.07,Active,2025-11-24
5968,3808,Classic,106758.69,0.276,29465.4,Blocked,2024-04-08
5969,603,Signature,1234654.67,0.419,517320.31,Active,2021-06-12
5970,4205,Platinum,495394.2,0.187,92638.72,Active,2021-05-15
5971,9147,Gold,281041.53,0.381,107076.82,Active,2023-12-01
5972,8249,Platinum,392403.6,0.317,124391.94,Active,2024-03-04
5973,7323,Platinum,403927.98,0.026,10502.13,Active,2024-12-26
5974,7227,Signature,1189070.47,0.282,335317.87,Blocked,2024-03-02
5975,1044,Platinum,637873.78,0.113,72079.74,Closed,2024-05-04
5976,5999,Platinum,534604.11,0.165,88209.68,Closed,2021-01-20
5977,347,Platinum,567779.61,0.283,160681.63,Blocked,2023-12-13
5978,4764,Platinum,390586.84,0.299,116785.47,Blocked,2021-01-09
5979,9748,Platinum,512142.39,0.25,128035.6,Active,2024-07-07
5980,2184,Signature,905048.91,0.535,484201.17,Active,2024-05-27
5981,9895,Classic,96903.22,0.134,12985.03,Active,2024-05-09
5982,4624,Platinum,629124.76,0.213,134003.57,Active,2025-01-04
5983,7481,Signature,771940.62,0.143,110387.51,Active,2025-06-25
5984,9505,Platinum,598498.42,0.228,136457.64,Active,2023-05-20
5985,2739,Gold,230255.65,0.241,55491.61,Blocked,2024-06-18
5986,2050,Gold,310459.0,0.206,63954.55,Closed,2022-05-03
5987,2894,Signature,1178174.93,0.175,206180.61,Active,2023-11-18
5988,3020,Gold,198839.6,0.403,80132.36,Active,2023-10-23
5989,3979,Gold,224227.75,0.158,35427.98,Active,2025-07-04
5990,4564,Classic,107592.51,0.114,12265.55,Blocked,2025-12-20
5991,8483,Classic,102339.48,0.311,31827.58,Closed,2023-01-11
5992,2339,Platinum,464347.12,0.179,83118.13,Blocked,2022-11-06
5993,3372,Platinum,444522.52,0.416,184921.37,Active,2022-11-19
5994,695,Classic,72840.11,0.294,21414.99,Active,2023-02-18
5995,5366,Classic,94461.91,0.332,31361.35,Active,2023-12-03
5996,3625,Classic,105000.4,0.321,33705.13,Active,2022-10-10
5997,1454,Classic,84499.31,0.37,31264.74,Active,2025-01-23
5998,4842,Classic,90819.8,0.089,8082.96,Active,2024-03-03
5999,1617,Platinum,489780.49,0.301,147423.93,Closed,2023-05-13
6000,6201,Gold,255754.16,0.666,170332.27,Active,2024-05-04
6001,9319,Platinum,455465.93,0.042,19129.57,Closed,2024-06-13
6002,7303,Classic,124459.39,0.086,10703.51,Active,2024-08-02
6003,4347,Gold,287748.32,0.501,144161.91,Active,2023-12-20
6004,8869,Gold,307022.08,0.172,52807.8,Active,2021-06-30
6005,9702,Gold,282018.07,0.183,51609.31,Active,2024-09-26
6006,5657,Platinum,385067.07,0.467,179826.32,Closed,2023-09-08
6007,1185,Classic,72241.77,0.22,15893.19,Active,2023-08-21
6008,1767,Classic,117604.79,0.103,12113.29,Blocked,2025-01-15
6009,1481,Signature,730324.42,0.107,78144.71,Blocked,2022-04-01
6010,3275,Signature,1080091.6,0.511,551926.81,Active,2022-04-01
6011,4736,Signature,1015543.35,0.407,413326.14,Closed,2022-06-16
6012,2904,Platinum,535954.08,0.058,31085.34,Active,2021-10-15
6013,4780,Classic,100450.12,0.317,31842.69,Closed,2021-04-29
6014,4771,Platinum,465646.86,0.19,88472.9,Active,2022-04-25
6015,2073,Gold,291023.2,0.365,106223.47,Blocked,2021-03-02
6016,2140,Signature,955852.67,0.417,398590.56,Active,2025-07-31
6017,4725,Gold,214077.67,0.224,47953.4,Active,2025-02-26
6018,2899,Signature,1092259.22,0.241,263234.47,Active,2025-07-05
6019,152,Classic,80463.83,0.633,50933.6,Closed,2024-01-31
6020,4737,Classic,97843.63,0.606,59293.24,Active,2021-06-03
6021,3165,Signature,850602.63,0.083,70600.02,Active,2021-05-16
6022,4459,Gold,207676.01,0.388,80578.29,Active,2023-02-19
6023,5484,Signature,1064144.12,0.194,206443.96,Active,2021-10-24
6024,8014,Platinum,617399.88,0.072,44452.79,Active,2025-07-10
6025,7010,Signature,1094950.55,0.075,82121.29,Blocked,2021-12-09
6026,1902,Gold,300833.53,0.335,100779.23,Closed,2025-04-18
6027,7678,Classic,92907.54,0.089,8268.77,Active,2025-05-22
6028,8483,Signature,970718.31,0.252,244621.01,Blocked,2022-08-25
6029,9482,Platinum,471201.94,0.221,104135.63,Closed,2023-06-27
6030,1102,Classic,120325.72,0.402,48370.94,Active,2025-03-10
6031,2950,Classic,84946.94,0.482,40944.43,Closed,2021-07-03
6032,9361,Classic,121547.45,0.607,73779.3,Closed,2024-03-31
6033,594,Gold,249152.59,0.395,98415.27,Active,2021-09-24
6034,980,Gold,319516.59,0.166,53039.75,Active,2022-01-04
6035,9591,Signature,989817.13,0.403,398896.3,Active,2022-03-08
6036,8637,Platinum,632620.65,0.225,142339.65,Active,2023-06-05
6037,9485,Gold,200146.14,0.137,27420.02,Active,2022-10-18
6038,4112,Signature,731145.97,0.338,247127.34,Active,2024-01-20
6039,5057,Classic,94948.75,0.32,30383.6,Active,2022-04-12
6040,5082,Platinum,407174.53,0.325,132331.72,Blocked,2022-08-09
6041,7141,Platinum,421945.43,0.06,25316.73,Closed,2022-01-02
6042,9368,Platinum,535942.47,0.436,233670.92,Blocked,2021-02-20
6043,8332,Platinum,430383.06,0.521,224229.57,Active,2021-06-11
6044,9132,Classic,107032.99,0.335,35856.05,Closed,2021-11-05
6045,6545,Signature,1201692.04,0.53,636896.78,Closed,2024-07-28
6046,9490,Platinum,492838.07,0.129,63576.11,Active,2023-11-22
6047,4309,Signature,1059650.22,0.064,67817.61,Blocked,2023-02-07
6048,5217,Gold,229074.21,0.449,102854.32,Blocked,2021-09-29
6049,1638,Classic,71679.26,0.071,5089.23,Closed,2021-11-17
6050,5871,Signature,1167417.82,0.299,349057.93,Active,2024-06-16
6051,907,Classic,91319.44,0.392,35797.22,Active,2025-07-02
6052,7231,Gold,186408.74,0.165,30757.44,Closed,2021-04-09
6053,6459,Classic,108325.01,0.345,37372.13,Active,2025-05-27
6054,1303,Classic,73842.22,0.451,33302.84,Blocked,2023-03-02
6055,6394,Classic,109197.18,0.27,29483.24,Active,2023-05-03
6056,4228,Gold,232287.04,0.152,35307.63,Active,2021-10-21
6057,28,Signature,1275961.61,0.367,468277.91,Active,2023-02-14
6058,1833,Classic,92829.76,0.702,65166.49,Active,2022-07-29
6059,3347,Gold,285475.28,0.034,9706.16,Active,2023-06-14
6060,589,Signature,1151652.36,0.401,461812.6,Blocked,2024-10-19
6061,779,Signature,1011777.33,0.171,173013.92,Blocked,2023-07-27
6062,969,Classic,87461.93,0.406,35509.54,Active,2024-11-25
6063,3329,Signature,1034164.02,0.243,251301.86,Active,2022-10-01
6064,8528,Signature,1235776.76,0.28,346017.49,Closed,2023-10-10
6065,9775,Classic,112852.93,0.189,21329.2,Active,2023-06-08
6066,2738,Platinum,386748.14,0.113,43702.54,Active,2021-06-20
6067,6461,Classic,73678.91,0.159,11714.95,Blocked,2023-02-20
6068,8731,Platinum,435669.74,0.072,31368.22,Active,2023-07-27
6069,5882,Platinum,649401.1,0.127,82473.94,Active,2022-12-19
6070,6574,Signature,871033.4,0.195,169851.51,Active,2021-03-18
6071,2306,Platinum,387234.45,0.039,15102.14,Active,2024-06-01
6072,6917,Platinum,542485.56,0.061,33091.62,Active,2025-12-19
6073,1375,Gold,222892.4,0.123,27415.77,Active,2022-06-15
6074,8868,Platinum,530065.83,0.156,82690.27,Active,2025-11-21
6075,4866,Platinum,460636.05,0.2,92127.21,Active,2023-09-04
6076,6891,Platinum,439227.58,0.364,159878.84,Active,2023-10-01
6077,6579,Platinum,479679.45,0.179,85862.62,Closed,2024-12-02
6078,3168,Signature,1155914.4,0.273,315564.63,Closed,2021-01-18
6079,7836,Platinum,571298.99,0.241,137683.06,Active,2025-08-13
6080,2504,Platinum,622545.87,0.426,265204.54,Blocked,2022-03-06
6081,750,Gold,285018.83,0.166,47313.13,Active,2023-02-21
6082,5040,Gold,234982.62,0.258,60625.52,Active,2024-06-30
6083,6785,Classic,86774.68,0.374,32453.73,Blocked,2022-10-08
6084,8509,Classic,72503.72,0.256,18560.95,Active,2025-07-29
6085,5781,Gold,292461.05,0.038,11113.52,Active,2021-01-31
6086,8427,Gold,263401.36,0.313,82444.63,Blocked,2023-07-17
6087,953,Classic,80204.93,0.339,27189.47,Active,2022-12-13
6088,7103,Platinum,407339.14,0.276,112425.6,Active,2022-10-04
6089,8496,Platinum,577726.36,0.238,137498.87,Blocked,2024-01-03
6090,4076,Signature,1178467.2,0.24,282832.13,Active,2023-10-08
6091,9784,Classic,82313.26,0.143,11770.8,Closed,2025-10-04
6092,2846,Gold,250760.95,0.12,30091.31,Active,2025-01-28
6093,9508,Signature,953992.94,0.258,246130.18,Blocked,2022-09-19
6094,2415,Classic,126339.01,0.171,21603.97,Blocked,2024-05-24
6095,5505,Gold,277568.51,0.306,84935.96,Closed,2021-06-08
6096,7573,Signature,1222683.09,0.191,233532.47,Active,2023-08-30
6097,9517,Platinum,483239.3,0.194,93748.42,Blocked,2024-08-30
6098,3313,Signature,993769.21,0.479,476015.45,Closed,2022-02-12
6099,6051,Classic,109481.23,0.248,27151.35,Active,2023-09-22
6100,6347,Gold,224886.34,0.047,10569.66,Active,2024-10-23
6101,2894,Platinum,645310.91,0.589,380088.13,Blocked,2022-08-24
6102,2821,Signature,1285617.26,0.274,352259.13,Closed,2022-10-13
6103,6254,Gold,198120.57,0.084,16642.13,Blocked,2024-09-28
6104,6485,Gold,294076.66,0.195,57344.95,Active,2023-04-10
6105,6374,Signature,1053337.87,0.305,321268.05,Closed,2025-08-11
6106,4376,Classic,120754.2,0.422,50958.27,Active,2022-10-11
6107,7995,Platinum,583292.71,0.264,153989.28,Active,2024-05-19
6108,5996,Platinum,552519.29,0.393,217140.08,Closed,2021-12-03
6109,4778,Classic,73887.61,0.391,28890.06,Active,2021-05-03
6110,7914,Signature,908403.23,0.336,305223.49,Active,2022-01-09
6111,5862,Gold,240628.26,0.395,95048.16,Closed,2022-08-01
6112,7818,Gold,209616.94,0.294,61627.38,Active,2025-07-15
6113,6483,Platinum,543463.48,0.424,230428.52,Active,2021-08-31
6114,6366,Signature,1077465.4,0.481,518260.86,Active,2022-07-13
6115,2329,Gold,259470.21,0.442,114685.83,Active,2024-05-04
6116,4120,Signature,1233647.99,0.418,515664.86,Blocked,2025-01-18
6117,8356,Classic,128319.68,0.273,35031.27,Blocked,2024-05-30
6118,7149,Platinum,635723.93,0.068,43229.23,Active,2023-12-05
6119,1290,Platinum,436859.44,0.107,46743.96,Active,2023-06-26
6120,4335,Classic,91339.27,0.441,40280.62,Active,2025-08-20
6121,736,Platinum,480567.98,0.351,168679.36,Blocked,2025-02-18
6122,2573,Platinum,381867.09,0.21,80192.09,Closed,2021-11-17
6123,4839,Gold,268947.71,0.452,121564.36,Active,2022-03-19
6124,37,Signature,736098.66,0.57,419576.24,Active,2023-09-18
6125,6971,Classic,102214.93,0.15,15332.24,Active,2021-12-08
6126,5857,Signature,936869.03,0.328,307293.04,Closed,2024-10-11
6127,5715,Gold,242011.48,0.252,60986.89,Active,2021-06-04
6128,3160,Signature,760831.59,0.566,430630.68,Active,2023-01-20
6129,9167,Platinum,445347.22,0.421,187491.18,Active,2024-07-20
6130,633,Gold,291993.07,0.012,3503.92,Active,2022-03-25
6131,468,Classic,83388.2,0.163,13592.28,Closed,2023-06-05
6132,8505,Platinum,641474.66,0.102,65430.42,Blocked,2025-02-22
6133,1106,Classic,85467.99,0.103,8803.2,Active,2022-12-11
6134,9749,Platinum,451495.2,0.355,160280.8,Active,2025-04-07
6135,8551,Platinum,639611.41,0.153,97860.55,Closed,2025-03-11
6136,8342,Platinum,574713.3,0.195,112069.09,Active,2025-02-07
6137,5834,Platinum,497806.13,0.072,35842.04,Active,2024-01-09
6138,8106,Platinum,407228.89,0.432,175922.88,Active,2022-09-29
6139,483,Classic,84012.73,0.234,19658.98,Closed,2021-01-30
6140,9419,Platinum,509743.35,0.212,108065.59,Active,2023-11-15
6141,6182,Signature,1036282.35,0.231,239381.22,Closed,2025-01-16
6142,7872,Gold,275180.37,0.382,105118.9,Blocked,2024-06-19
6143,9675,Platinum,482120.69,0.327,157653.47,Active,2024-09-12
6144,4408,Platinum,482683.24,0.712,343670.47,Closed,2023-05-31
6145,5981,Gold,254628.68,0.284,72314.55,Closed,2025-08-31
6146,1804,Signature,928251.81,0.276,256197.5,Active,2021-02-09
6147,793,Classic,107674.73,0.589,63420.42,Active,2021-09-16
6148,9104,Signature,1217208.45,0.182,221531.94,Active,2022-08-25
6149,8480,Signature,753693.42,0.138,104009.69,Active,2024-01-06
6150,4558,Classic,80543.17,0.189,15222.66,Closed,2025-06-08
6151,7615,Signature,1215408.44,0.491,596765.54,Active,2021-11-22
6152,4451,Platinum,456462.24,0.346,157935.94,Active,2023-03-10
6153,1220,Signature,1099237.83,0.236,259420.13,Active,2023-09-14
6154,7786,Signature,999016.74,0.666,665345.15,Active,2023-12-19
6155,6879,Signature,961148.19,0.641,616095.99,Blocked,2025-04-22
6156,5715,Signature,899336.34,0.405,364231.22,Closed,2023-11-01
6157,3441,Classic,111127.08,0.123,13668.63,Active,2025-01-15
6158,5881,Classic,93224.29,0.466,43442.52,Active,2023-01-20
6159,7830,Signature,874939.75,0.219,191611.81,Closed,2023-08-18
6160,6089,Classic,111997.45,0.262,29343.33,Active,2023-11-08
6161,4834,Signature,882854.53,0.229,202173.69,Active,2023-07-14
6162,3965,Signature,1234367.63,0.273,336982.36,Active,2021-06-08
6163,2089,Signature,718645.38,0.108,77613.7,Active,2025-11-21
6164,1473,Platinum,561002.97,0.113,63393.34,Blocked,2021-03-04
6165,1911,Signature,1024729.16,0.343,351482.1,Active,2023-01-09
6166,64,Gold,211308.46,0.274,57898.52,Active,2025-12-17
6167,3002,Classic,118681.49,0.356,42250.61,Closed,2024-12-26
6168,4086,Platinum,496377.54,0.519,257619.94,Active,2024-12-26
6169,1288,Platinum,371792.67,0.512,190357.85,Active,2021-05-30
6170,2774,Platinum,545380.11,0.214,116711.34,Active,2024-10-05
6171,2160,Platinum,442518.3,0.675,298699.85,Active,2021-06-14
6172,279,Gold,234913.17,0.331,77756.26,Active,2025-09-02
6173,7549,Classic,83413.5,0.43,35867.81,Blocked,2021-06-15
6174,7208,Gold,268132.68,0.097,26008.87,Active,2025-06-08
6175,1495,Platinum,493034.58,0.285,140514.86,Blocked,2024-01-30
6176,4114,Gold,192927.06,0.376,72540.57,Closed,2023-09-12
6177,7271,Classic,81449.12,0.432,35186.02,Closed,2022-09-19
6178,9257,Platinum,626151.62,0.251,157164.06,Active,2021-01-29
6179,9684,Gold,238283.61,0.404,96266.58,Blocked,2025-03-26
6180,9231,Signature,816964.71,0.522,426455.58,Active,2021-08-19
6181,8434,Classic,99217.63,0.206,20438.83,Active,2021-02-01
6182,7576,Gold,256236.72,0.175,44841.43,Closed,2022-04-13
6183,8608,Signature,1175563.98,0.421,494912.44,Blocked,2022-01-22
6184,3468,Gold,313157.43,0.308,96452.49,Active,2021-08-27
6185,9756,Classic,78417.49,0.308,24152.59,Closed,2025-11-22
6186,4166,Signature,1085749.45,0.526,571104.21,Active,2022-10-28
6187,4987,Platinum,605083.55,0.211,127672.63,Active,2023-02-02
6188,3623,Classic,121133.97,0.191,23136.59,Active,2022-12-07
6189,2164,Gold,221100.22,0.143,31617.33,Active,2023-04-08
6190,9279,Classic,102536.28,0.079,8100.37,Blocked,2024-09-18
6191,6914,Classic,123715.56,0.297,36743.52,Active,2025-05-07
6192,6078,Classic,125567.82,0.375,47087.93,Active,2022-05-06
6193,9768,Platinum,439044.45,0.353,154982.69,Active,2025-06-05
6194,3070,Platinum,555118.7,0.381,211500.22,Blocked,2023-05-27
6195,8918,Gold,240595.8,0.236,56780.61,Blocked,2023-07-26
6196,7226,Platinum,507501.88,0.187,94902.85,Closed,2022-11-13
6197,7011,Signature,1039648.57,0.663,689287.0,Active,2024-09-13
6198,3961,Platinum,406519.69,0.394,160168.76,Blocked,2023-10-30
6199,3484,Signature,1117889.02,0.043,48069.23,Active,2025-07-17
6200,302,Gold,191830.75,0.06,11509.84,Active,2025-01-23
6201,9236,Classic,119642.56,0.63,75374.81,Active,2024-06-12
6202,1215,Platinum,464820.35,0.409,190111.52,Active,2021-04-06
6203,1160,Signature,763382.41,0.235,179394.87,Active,2022-04-21
6204,3014,Platinum,356026.98,0.154,54828.15,Blocked,2024-08-23
6205,6585,Signature,1079425.94,0.028,30223.93,Active,2023-07-03
6206,372,Gold,295675.77,0.134,39620.55,Active,2024-07-08
6207,55,Classic,124141.23,0.071,8814.03,Blocked,2024-12-17
6208,204,Platinum,570871.41,0.123,70217.18,Closed,2025-03-27
6209,5872,Platinum,440382.87,0.031,13651.87,Active,2021-09-19
6210,1734,Signature,1152932.33,0.175,201763.16,Active,2024-05-27
6211,3493,Signature,1205071.64,0.424,510950.38,Closed,2022-02-13
6212,6553,Classic,113815.4,0.442,50306.41,Active,2023-05-12
6213,7345,Signature,1041507.96,0.32,333282.55,Closed,2021-07-31
6214,1214,Classic,105148.13,0.429,45108.55,Active,2024-02-18
6215,350,Platinum,546397.41,0.089,48629.37,Blocked,2024-03-02
6216,6536,Gold,245360.07,0.129,31651.45,Active,2023-06-21
6217,8572,Platinum,412316.71,0.211,86998.83,Active,2021-06-25
6218,7763,Signature,1229824.34,0.315,387394.67,Active,2022-05-13
6219,6430,Signature,894061.01,0.345,308451.05,Active,2022-02-27
6220,1500,Classic,79412.21,0.282,22394.24,Closed,2024-12-21
6221,8278,Signature,995416.95,0.387,385226.36,Closed,2021-06-30
6222,9646,Signature,998909.0,0.356,355611.6,Active,2025-03-29
6223,1372,Classic,72039.31,0.662,47690.02,Closed,2023-02-10
6224,7104,Platinum,525488.22,0.508,266948.02,Active,2021-01-06
6225,6461,Classic,102034.51,0.129,13162.45,Closed,2024-02-18
6226,7617,Classic,112950.56,0.205,23154.86,Blocked,2025-06-29
6227,3719,Gold,287931.35,0.176,50675.92,Blocked,2022-02-15
6228,6306,Classic,101350.61,0.544,55134.73,Active,2025-04-09
6229,117,Classic,113205.88,0.224,25358.12,Active,2024-10-02
6230,6104,Gold,215915.19,0.402,86797.91,Active,2022-11-18
6231,9354,Signature,854016.31,0.692,590979.29,Active,2023-02-14
6232,5788,Gold,284264.37,0.274,77888.44,Blocked,2025-02-19
6233,9414,Classic,81159.44,0.24,19478.27,Active,2025-09-29
6234,8541,Classic,74788.02,0.238,17799.55,Active,2023-09-18
6235,7878,Classic,94277.55,0.338,31865.81,Closed,2023-08-26
6236,307,Platinum,523890.06,0.283,148260.89,Blocked,2022-09-15
6237,5577,Classic,129473.79,0.277,35864.24,Active,2022-05-26
6238,6468,Gold,189106.8,0.341,64485.42,Active,2023-12-10
6239,8650,Platinum,437946.85,0.39,170799.27,Active,2025-07-06
6240,468,Classic,94809.08,0.692,65607.88,Blocked,2022-11-17
6241,9340,Gold,177463.81,0.274,48625.08,Active,2022-04-18
6242,120,Signature,707361.6,0.045,31831.27,Active,2022-05-12
6243,3730,Signature,924201.21,0.237,219035.69,Active,2021-12-22
6244,8889,Signature,1131102.07,0.088,99536.98,Active,2025-01-10
6245,4714,Gold,198621.4,0.218,43299.47,Active,2024-01-16
6246,7713,Gold,213531.8,0.231,49325.85,Active,2021-08-09
6247,3221,Signature,1067396.88,0.429,457913.26,Closed,2024-04-09
6248,2022,Classic,129555.83,0.447,57911.46,Active,2025-01-08
6249,5788,Platinum,490592.98,0.376,184462.96,Active,2021-11-28
6250,3525,Classic,99667.95,0.175,17441.89,Active,2022-12-25
6251,8235,Signature,1165579.53,0.404,470894.13,Active,2021-03-20
6252,5231,Gold,220898.47,0.119,26286.92,Active,2025-08-12
6253,7199,Gold,251952.43,0.357,89947.02,Blocked,2022-04-05
6254,7978,Signature,1228834.28,0.335,411659.48,Active,2025-09-18
6255,3443,Classic,87605.08,0.476,41700.02,Active,2023-05-06
6256,8326,Classic,105623.12,0.312,32954.41,Active,2024-10-30
6257,288,Gold,309595.42,0.041,12693.41,Active,2025-04-06
6258,1586,Platinum,566136.11,0.166,93978.59,Closed,2025-05-14
6259,8281,Platinum,414633.32,0.174,72146.2,Active,2022-08-05
6260,4882,Gold,199113.83,0.189,37632.51,Active,2024-03-31
6261,2249,Gold,273228.94,0.182,49727.67,Active,2024-12-07
6262,853,Platinum,411195.3,0.191,78538.3,Active,2025-01-31
6263,7004,Classic,94018.39,0.214,20119.94,Active,2024-06-26
6264,5279,Gold,280100.58,0.458,128286.07,Active,2023-12-03
6265,948,Signature,1196819.44,0.468,560111.5,Active,2021-04-18
6266,8619,Classic,70813.66,0.194,13737.85,Active,2021-08-17
6267,4691,Signature,1224366.49,0.249,304867.26,Blocked,2021-11-04
6268,420,Platinum,397723.72,0.603,239827.4,Closed,2025-04-11
6269,3987,Classic,96446.35,0.361,34817.13,Active,2025-10-14
6270,6933,Gold,222636.91,0.216,48089.57,Active,2023-12-05
6271,2338,Signature,737377.21,0.304,224162.67,Active,2021-03-24
6272,2722,Signature,1261477.46,0.175,220758.56,Active,2021-11-14
6273,3915,Signature,727246.91,0.438,318534.15,Closed,2024-04-30
6274,1220,Classic,125309.35,0.197,24685.94,Active,2024-08-08
6275,2974,Signature,850791.64,0.204,173561.49,Closed,2025-03-09
6276,2224,Gold,184436.31,0.849,156586.43,Active,2025-01-01
6277,8201,Classic,112991.0,0.355,40111.81,Active,2021-12-24
6278,9758,Platinum,597592.07,0.165,98602.69,Active,2023-10-21
6279,3935,Gold,312160.28,0.52,162323.35,Blocked,2023-01-09
6280,6883,Platinum,572978.94,0.648,371290.35,Active,2025-01-19
6281,6329,Gold,193686.71,0.383,74182.01,Blocked,2025-02-02
6282,808,Classic,83846.17,0.154,12912.31,Closed,2021-11-08
6283,1794,Platinum,610358.19,0.086,52490.8,Active,2025-04-19
6284,5295,Signature,1124623.62,0.16,179939.78,Closed,2022-06-23
6285,5078,Classic,73378.51,0.287,21059.63,Active,2025-01-17
6286,8319,Gold,258299.24,0.309,79814.47,Active,2021-02-06
6287,6440,Gold,238877.84,0.103,24604.42,Blocked,2025-12-12
6288,6551,Signature,899043.95,0.079,71024.47,Blocked,2021-10-16
6289,4375,Platinum,430841.0,0.351,151225.19,Blocked,2025-12-12
6290,3861,Platinum,428361.51,0.146,62540.78,Active,2025-10-21
6291,4206,Classic,82927.13,0.179,14843.96,Active,2024-10-07
6292,3733,Platinum,571928.9,0.256,146413.8,Closed,2022-06-19
6293,8133,Gold,176865.19,0.045,7958.93,Active,2025-11-05
6294,8750,Platinum,630278.05,0.529,333417.09,Active,2021-10-21
6295,1177,Classic,72904.3,0.07,5103.3,Closed,2025-02-26
6296,8572,Gold,219175.72,0.065,14246.42,Active,2022-09-10
6297,8745,Gold,270442.6,0.202,54629.41,Closed,2021-07-10
6298,5008,Gold,276629.75,0.22,60858.54,Blocked,2024-04-15
6299,3344,Platinum,619123.95,0.336,208025.65,Blocked,2022-10-05
6300,5847,Platinum,391366.95,0.404,158112.25,Active,2022-05-05
6301,8164,Gold,208793.95,0.433,90407.78,Active,2024-12-17
6302,1715,Classic,127991.66,0.324,41469.3,Blocked,2022-01-13
6303,2506,Classic,70580.57,0.305,21527.07,Blocked,2024-02-22
6304,8466,Classic,78334.2,0.208,16293.51,Closed,2025-03-28
6305,7198,Gold,314355.09,0.334,104994.6,Active,2025-10-19
6306,4857,Gold,277676.1,0.201,55812.9,Active,2023-11-01
6307,6021,Platinum,513345.13,0.523,268479.5,Closed,2023-06-13
6308,4603,Signature,1055141.99,0.206,217359.25,Active,2022-02-23
6309,9626,Classic,122309.45,0.278,34002.03,Blocked,2025-05-22
6310,3466,Gold,176412.18,0.128,22580.76,Active,2023-01-18
6311,6801,Gold,199857.52,0.311,62155.69,Blocked,2022-09-13
6312,641,Signature,961435.34,0.126,121140.85,Blocked,2025-10-04
6313,5192,Classic,73053.44,0.401,29294.43,Active,2025-11-29
6314,87,Signature,1109143.3,0.459,509096.77,Active,2021-03-03
6315,2187,Gold,292831.83,0.287,84042.74,Active,2023-09-21
6316,2355,Signature,819697.73,0.367,300829.07,Closed,2021-05-30
6317,9079,Signature,779019.93,0.264,205661.26,Active,2025-05-06
6318,1536,Gold,274921.82,0.694,190795.74,Active,2024-08-06
6319,5971,Gold,227042.11,0.346,78556.57,Closed,2022-05-08
6320,6544,Classic,114454.3,0.307,35137.47,Active,2021-02-04
6321,3856,Classic,122788.52,0.379,46536.85,Active,2024-06-06
6322,213,Gold,221698.38,0.531,117721.84,Blocked,2024-09-21
6323,8252,Platinum,586540.37,0.478,280366.3,Blocked,2021-09-11
6324,1067,Platinum,586728.56,0.437,256400.38,Active,2021-07-14
6325,4826,Classic,84174.5,0.41,34511.54,Closed,2021-11-27
6326,3456,Platinum,548764.19,0.14,76826.99,Active,2024-05-07
6327,1737,Gold,287574.84,0.265,76207.33,Active,2022-10-28
6328,3990,Classic,75959.37,0.332,25218.51,Blocked,2024-12-16
6329,1381,Classic,114485.99,0.274,31369.16,Active,2022-03-05
6330,2530,Gold,301501.13,0.557,167936.13,Active,2025-04-28
6331,9806,Classic,96523.22,0.213,20559.45,Closed,2021-07-05
6332,1805,Classic,82088.43,0.231,18962.43,Active,2023-01-11
6333,9014,Signature,934744.52,0.085,79453.28,Active,2022-07-06
6334,2767,Signature,1289915.64,0.054,69655.44,Active,2021-11-13
6335,4711,Classic,72803.25,0.164,11939.73,Blocked,2025-06-24
6336,5721,Platinum,475605.06,0.575,273472.91,Active,2023-09-09
6337,6697,Gold,236768.83,0.057,13495.82,Active,2023-12-11
6338,7201,Classic,101081.18,0.035,3537.84,Active,2022-08-26
6339,8317,Gold,203239.65,0.114,23169.32,Active,2024-05-16
6340,8509,Platinum,458409.67,0.145,66469.4,Active,2025-05-08
6341,5199,Signature,806274.37,0.233,187861.93,Active,2022-03-10
6342,4548,Platinum,538904.69,0.112,60357.33,Blocked,2024-08-04
6343,150,Platinum,440346.04,0.234,103040.97,Active,2023-07-26
6344,951,Signature,857758.03,0.064,54896.51,Blocked,2021-12-17
6345,6519,Classic,73551.37,0.393,28905.69,Closed,2024-07-27
6346,614,Classic,76898.35,0.245,18840.1,Active,2023-06-08
6347,6325,Gold,264406.18,0.319,84345.57,Closed,2025-09-02
6348,8817,Classic,117864.77,0.046,5421.78,Blocked,2025-03-29
6349,2670,Classic,70704.26,0.072,5090.71,Active,2022-05-09
6350,3391,Signature,737540.85,0.452,333368.46,Active,2023-03-18
6351,4361,Classic,113827.84,0.284,32327.11,Active,2025-02-24
6352,2581,Classic,118860.32,0.534,63471.41,Active,2021-06-09
6353,6911,Platinum,636026.9,0.187,118937.03,Blocked,2022-04-18
6354,8780,Gold,269280.29,0.027,7270.57,Active,2024-12-07
6355,3187,Signature,987471.46,0.346,341665.13,Closed,2024-01-31
6356,4188,Gold,250574.81,0.164,41094.27,Active,2024-07-05
6357,4481,Platinum,407120.95,0.02,8142.42,Active,2025-12-11
6358,3994,Signature,1129161.0,0.159,179536.6,Blocked,2025-04-27
6359,3087,Signature,1009577.37,0.201,202925.05,Blocked,2021-05-18
6360,3444,Signature,1277316.25,0.148,189042.8,Blocked,2024-05-31
6361,2645,Gold,299932.81,0.313,93878.97,Active,2021-08-12
6362,9280,Gold,308735.62,0.074,22846.44,Active,2021-02-02
6363,374,Gold,187418.65,0.205,38420.82,Active,2023-06-22
6364,4092,Signature,1203698.86,0.386,464627.76,Blocked,2025-06-23
6365,696,Platinum,362919.41,0.27,97988.24,Active,2022-09-17
6366,8061,Platinum,594939.89,0.378,224887.28,Closed,2024-01-23
6367,7111,Signature,961638.43,0.5,480819.22,Blocked,2022-03-08
6368,3924,Signature,786122.95,0.029,22797.57,Closed,2022-07-08
6369,1175,Platinum,390810.28,0.452,176646.25,Blocked,2022-12-11
6370,7831,Platinum,614991.23,0.189,116233.34,Active,2022-12-21
6371,9820,Platinum,356529.9,0.542,193239.21,Active,2025-06-17
6372,693,Signature,1030318.59,0.286,294671.12,Closed,2023-01-18
6373,4774,Gold,265734.57,0.284,75468.62,Active,2024-03-03
6374,1804,Signature,1103822.03,0.168,185442.1,Blocked,2022-11-22
6375,3394,Gold,321626.89,0.365,117393.81,Active,2025-02-02
6376,8437,Gold,307964.34,0.353,108711.41,Blocked,2025-04-07
6377,6455,Gold,212434.87,0.332,70528.38,Active,2025-02-12
6378,9571,Platinum,536799.1,0.29,155671.74,Closed,2024-08-30
6379,3743,Classic,99442.22,0.144,14319.68,Blocked,2021-10-18
6380,4162,Platinum,578196.51,0.535,309335.13,Active,2022-09-29
6381,1126,Signature,945089.84,0.457,431906.06,Closed,2022-07-31
6382,6266,Classic,78461.58,0.111,8709.24,Blocked,2021-11-28
6383,5695,Gold,262978.76,0.248,65218.73,Closed,2023-07-18
6384,848,Platinum,363310.5,0.095,34514.5,Active,2024-05-02
6385,7353,Gold,247321.04,0.226,55894.56,Active,2024-08-24
6386,7711,Classic,100153.05,0.102,10215.61,Closed,2021-12-04
6387,5175,Platinum,544666.99,0.241,131264.74,Blocked,2023-08-29
6388,4232,Platinum,377459.05,0.066,24912.3,Active,2022-12-28
6389,8574,Signature,957780.0,0.55,526779.0,Active,2022-10-28
6390,773,Platinum,504444.27,0.522,263319.91,Closed,2024-11-17
6391,2085,Platinum,598283.38,0.577,345209.51,Active,2025-03-06
6392,4583,Classic,120783.77,0.24,28988.1,Active,2025-12-11
6393,6786,Gold,213265.63,0.245,52250.08,Active,2023-04-06
6394,9512,Platinum,573155.82,0.328,187995.11,Blocked,2021-01-18
6395,8290,Gold,187240.92,0.104,19473.06,Active,2023-06-29
6396,7700,Signature,1054201.82,0.462,487041.24,Closed,2021-10-08
6397,5368,Platinum,465989.63,0.312,145388.76,Blocked,2023-04-01
6398,2206,Platinum,526235.15,0.11,57885.87,Closed,2022-10-08
6399,5185,Gold,253717.49,0.24,60892.2,Active,2021-10-07
6400,4688,Signature,838313.49,0.176,147543.17,Active,2023-07-15
6401,410,Gold,321573.14,0.282,90683.63,Blocked,2025-10-01
6402,915,Signature,856212.55,0.32,273988.02,Active,2022-06-16
6403,8408,Platinum,622671.01,0.287,178706.58,Closed,2023-12-12
6404,8988,Classic,85369.81,0.066,5634.41,Active,2021-07-05
6405,7722,Gold,184094.55,0.518,95360.98,Active,2022-04-07
6406,5772,Platinum,520159.89,0.066,34330.55,Active,2025-12-15
6407,1727,Classic,74178.32,0.089,6601.87,Active,2024-07-30
6408,7754,Platinum,432571.79,0.333,144046.41,Active,2023-01-29
6409,2367,Classic,75672.41,0.248,18766.76,Closed,2021-06-14
6410,4552,Signature,983090.38,0.322,316555.1,Closed,2025-06-03
6411,9991,Platinum,502053.68,0.429,215381.03,Active,2022-01-24
6412,8149,Gold,239940.9,0.167,40070.13,Blocked,2023-07-31
6413,6637,Platinum,376817.67,0.576,217046.98,Closed,2024-05-10
6414,9032,Signature,932873.22,0.588,548529.45,Active,2023-03-05
6415,8258,Gold,200192.63,0.193,38637.18,Active,2025-09-29
6416,3749,Signature,851125.64,0.313,266402.33,Closed,2022-12-19
6417,1740,Classic,102460.2,0.169,17315.77,Active,2025-06-28
6418,6445,Gold,211839.71,0.373,79016.21,Active,2022-02-26
6419,8611,Signature,728126.06,0.443,322559.84,Active,2021-07-18
6420,8488,Platinum,444331.13,0.257,114193.1,Blocked,2022-09-15
6421,1791,Classic,125454.46,0.22,27599.98,Active,2024-07-07
6422,2958,Classic,126393.02,0.471,59531.11,Blocked,2021-02-07
6423,5590,Classic,78299.94,0.619,48467.66,Blocked,2022-02-02
6424,2930,Platinum,402031.7,0.21,84426.66,Active,2021-06-23
6425,7392,Classic,106385.36,0.309,32873.08,Active,2023-07-09
6426,3025,Classic,92577.97,0.135,12498.03,Active,2022-11-13
6427,1751,Classic,126824.01,0.321,40710.51,Blocked,2023-08-15
6428,2944,Gold,253695.29,0.199,50485.36,Active,2022-09-21
6429,656,Platinum,642894.68,0.326,209583.67,Blocked,2023-12-20
6430,3897,Classic,102539.78,0.342,35068.6,Closed,2023-08-13
6431,8347,Signature,1284630.5,0.714,917226.18,Closed,2024-12-31
6432,9950,Platinum,424124.24,0.428,181525.17,Active,2022-12-21
6433,9912,Gold,210679.1,0.356,75001.76,Active,2025-12-01
6434,4298,Gold,318913.54,0.242,77177.08,Active,2025-05-01
6435,4435,Platinum,412641.97,0.612,252536.89,Blocked,2023-03-27
6436,7683,Platinum,401652.13,0.168,67477.56,Active,2021-05-29
6437,7720,Signature,1042172.38,0.155,161536.72,Closed,2022-10-31
6438,6881,Gold,193780.52,0.414,80225.14,Active,2024-07-22
6439,5105,Classic,121490.57,0.183,22232.77,Closed,2024-06-28
6440,6295,Classic,115991.88,0.584,67739.26,Closed,2024-09-16
6441,3178,Classic,104987.79,0.046,4829.44,Active,2023-09-14
6442,8536,Platinum,423649.43,0.267,113114.4,Active,2021-12-12
6443,9249,Platinum,527666.74,0.294,155134.02,Closed,2021-10-04
6444,6966,Platinum,394287.81,0.416,164023.73,Active,2023-06-19
6445,3441,Platinum,465212.67,0.318,147937.63,Closed,2024-08-17
6446,3034,Signature,745430.47,0.097,72306.76,Closed,2023-11-04
6447,1912,Platinum,536497.19,0.217,116419.89,Active,2024-09-04
6448,8818,Gold,211364.18,0.379,80107.02,Closed,2022-04-17
6449,1340,Platinum,629263.22,0.237,149135.38,Active,2024-09-02
6450,8235,Gold,187516.46,0.545,102196.47,Active,2024-08-20
6451,887,Classic,126505.47,0.302,38204.65,Blocked,2023-06-04
6452,7367,Gold,182765.16,0.27,49346.59,Closed,2022-02-19
6453,2773,Gold,259993.33,0.453,117776.98,Active,2023-01-29
6454,384,Signature,1278678.55,0.103,131703.89,Active,2025-08-28
6455,9469,Gold,306805.43,0.263,80689.83,Active,2023-12-23
6456,4340,Classic,81128.81,0.44,35696.68,Active,2025-10-22
6457,2629,Classic,124040.15,0.28,34731.24,Active,2021-09-21
6458,1936,Gold,282798.0,0.355,100393.29,Active,2021-06-19
6459,6036,Signature,1013258.69,0.142,143882.73,Active,2022-04-26
6460,7589,Signature,883257.31,0.318,280875.82,Blocked,2022-07-13
6461,8479,Classic,115265.73,0.234,26972.18,Closed,2022-05-06
6462,1662,Signature,1254732.9,0.291,365127.27,Closed,2021-12-29
6463,2220,Platinum,619540.86,0.121,74964.44,Active,2024-09-08
6464,8186,Gold,176857.3,0.385,68090.06,Active,2024-08-23
6465,1269,Gold,310849.71,0.176,54709.55,Closed,2023-01-11
6466,6204,Platinum,516681.73,0.158,81635.71,Active,2022-10-10
6467,3554,Classic,82395.38,0.203,16726.26,Active,2021-12-09
6468,6202,Platinum,602577.26,0.23,138592.77,Active,2024-06-29
6469,7441,Gold,223576.4,0.304,67967.23,Closed,2024-05-10
6470,4425,Gold,215046.48,0.477,102577.17,Blocked,2022-04-16
6471,8859,Classic,112297.5,0.456,51207.66,Active,2025-11-07
6472,795,Gold,250906.77,0.352,88319.18,Active,2024-09-17
6473,8054,Signature,1176718.21,0.306,360075.77,Active,2022-09-16
6474,9857,Signature,1299942.18,0.126,163792.71,Blocked,2021-09-01
6475,8761,Platinum,540435.04,0.325,175641.39,Active,2024-02-20
6476,7354,Classic,119078.45,0.214,25482.79,Blocked,2023-08-11
6477,7550,Classic,124957.21,0.214,26740.84,Blocked,2021-11-02
6478,1311,Gold,206080.82,0.123,25347.94,Active,2024-11-19
6479,8121,Platinum,524926.46,0.199,104460.37,Active,2024-03-26
6480,8328,Signature,1045976.92,0.137,143298.84,Closed,2022-06-14
6481,4875,Classic,77597.41,0.017,1319.16,Closed,2025-04-30
6482,8330,Signature,957824.35,0.119,113981.1,Active,2022-05-31
6483,6249,Classic,113826.13,0.495,56343.93,Active,2022-08-27
6484,3494,Platinum,521328.5,0.19,99052.42,Blocked,2025-03-16
6485,1094,Classic,93363.68,0.391,36505.2,Active,2025-12-09
6486,2539,Classic,90657.17,0.065,5892.72,Active,2022-12-12
6487,308,Signature,974340.61,0.248,241636.47,Active,2023-10-14
6488,6348,Signature,1280780.42,0.223,285614.03,Active,2025-07-30
6489,5526,Gold,308425.4,0.422,130155.52,Active,2022-12-06
6490,1123,Platinum,559822.4,0.361,202095.89,Blocked,2025-10-01
6491,843,Gold,206076.35,0.286,58937.84,Blocked,2022-09-16
6492,9901,Signature,835803.02,0.527,440468.19,Active,2024-05-03
6493,1152,Classic,85031.67,0.281,23893.9,Blocked,2021-01-07
6494,2591,Platinum,617123.07,0.2,123424.61,Active,2022-04-03
6495,876,Platinum,450316.91,0.136,61243.1,Closed,2023-03-11
6496,7567,Signature,1019816.72,0.042,42832.3,Active,2024-09-05
6497,1690,Gold,314492.76,0.451,141836.23,Active,2024-10-03
6498,3891,Signature,828751.58,0.338,280118.03,Closed,2021-09-06
6499,2126,Signature,1077238.23,0.32,344716.23,Blocked,2025-11-02
6500,9548,Signature,716096.35,0.222,158973.39,Active,2023-07-05
6501,134,Signature,1196841.27,0.134,160376.73,Active,2025-06-20
6502,4984,Gold,224260.79,0.176,39469.9,Active,2021-02-28
6503,3535,Gold,243652.07,0.427,104039.43,Active,2025-09-29
6504,7372,Platinum,531533.02,0.119,63252.43,Closed,2022-01-08
6505,4228,Gold,204945.56,0.072,14756.08,Active,2023-03-10
6506,231,Classic,81103.21,0.107,8678.04,Active,2022-07-19
6507,5437,Signature,970256.0,0.43,417210.08,Active,2023-09-02
6508,9212,Platinum,514621.98,0.089,45801.36,Active,2024-07-24
6509,4336,Classic,93765.62,0.151,14158.61,Active,2024-05-06
6510,5899,Gold,283683.98,0.405,114892.01,Active,2022-09-24
6511,1336,Signature,826063.31,0.354,292426.41,Active,2021-01-08
6512,937,Classic,100931.66,0.099,9992.23,Closed,2023-03-08
6513,305,Platinum,454131.18,0.332,150771.55,Closed,2021-01-25
6514,3473,Gold,318290.03,0.267,84983.44,Active,2024-11-15
6515,7593,Platinum,528170.11,0.098,51760.67,Blocked,2023-07-13
6516,8047,Signature,1277754.24,0.684,873983.9,Blocked,2021-02-11
6517,4860,Signature,888048.91,0.373,331242.24,Blocked,2022-12-02
6518,5618,Platinum,517105.2,0.372,192363.13,Closed,2022-06-06
6519,3367,Platinum,491811.22,0.55,270496.17,Active,2025-03-05
6520,3489,Signature,1183612.57,0.079,93505.39,Active,2022-05-09
6521,685,Gold,309984.82,0.344,106634.78,Closed,2024-11-21
6522,1573,Gold,313627.02,0.319,100047.02,Blocked,2022-11-05
6523,1086,Gold,214927.74,0.222,47713.96,Active,2021-05-18
6524,2898,Platinum,574026.28,0.431,247405.33,Active,2025-03-21
6525,9321,Gold,222275.4,0.44,97801.18,Active,2023-04-05
6526,5376,Platinum,362261.09,0.229,82957.79,Active,2022-06-09
6527,8636,Platinum,504935.2,0.453,228735.65,Active,2023-09-23
6528,2251,Classic,76069.8,0.52,39556.3,Active,2024-08-27
6529,4384,Classic,128395.45,0.449,57649.56,Closed,2025-06-29
6530,6559,Classic,89433.63,0.037,3309.04,Blocked,2023-05-10
6531,6571,Platinum,534203.78,0.476,254281.0,Blocked,2023-02-25
6532,8259,Platinum,565869.47,0.587,332165.38,Closed,2025-03-01
6533,9029,Classic,117399.13,0.525,61634.54,Active,2024-06-25
6534,6048,Classic,126929.66,0.143,18150.94,Active,2021-09-01
6535,5803,Classic,101261.23,0.169,17113.15,Closed,2024-02-12
6536,1818,Gold,207684.77,0.08,16614.78,Active,2023-08-19
6537,8894,Gold,287593.46,0.139,39975.49,Active,2024-10-19
6538,3661,Platinum,485093.37,0.066,32016.16,Blocked,2023-08-17
6539,7568,Gold,187095.15,0.178,33302.94,Blocked,2022-09-17
6540,248,Platinum,518519.62,0.677,351037.78,Active,2021-12-20
6541,3610,Classic,89387.83,0.539,48180.04,Active,2024-09-02
6542,6117,Platinum,605805.75,0.338,204762.34,Active,2024-08-05
6543,5330,Platinum,485771.81,0.134,65093.42,Active,2024-10-28
6544,1096,Gold,324478.13,0.199,64571.15,Blocked,2021-06-06
6545,3692,Signature,1145240.45,0.192,219886.17,Active,2023-06-03
6546,9722,Platinum,397585.68,0.039,15505.84,Closed,2023-08-25
6547,921,Classic,80903.47,0.024,1941.68,Active,2024-06-02
6548,629,Signature,745782.33,0.149,111121.57,Blocked,2024-01-20
6549,1504,Platinum,538306.84,0.194,104431.53,Closed,2025-11-17
6550,4348,Classic,96746.3,0.095,9190.9,Active,2023-03-07
6551,3224,Platinum,558663.75,0.078,43575.77,Closed,2024-11-13
6552,7295,Signature,944584.85,0.074,69899.28,Active,2025-03-04
6553,3560,Platinum,409053.55,0.365,149304.55,Closed,2025-03-17
6554,1575,Signature,1207118.53,0.422,509404.02,Active,2023-08-18
6555,2021,Gold,285847.6,0.046,13148.99,Active,2025-01-03
6556,2457,Platinum,352018.15,0.175,61603.18,Active,2023-08-25
6557,232,Classic,83677.57,0.497,41587.75,Blocked,2025-04-15
6558,1750,Classic,91009.88,0.202,18384.0,Active,2025-06-30
6559,5219,Classic,80142.75,0.117,9376.7,Active,2025-04-23
6560,4038,Gold,275691.18,0.11,30326.03,Active,2025-05-10
6561,506,Platinum,433118.69,0.517,223922.36,Active,2024-11-14
6562,8688,Classic,70444.86,0.194,13666.3,Blocked,2021-01-10
6563,3523,Platinum,590322.16,0.169,99764.45,Active,2024-02-14
6564,5362,Gold,200199.99,0.331,66266.2,Active,2023-11-30
6565,6902,Signature,1265489.75,0.028,35433.71,Blocked,2021-09-25
6566,8927,Signature,949889.03,0.228,216574.7,Closed,2023-03-08
6567,9657,Signature,878031.74,0.142,124680.51,Active,2025-03-11
6568,9568,Platinum,510142.53,0.285,145390.62,Active,2023-10-19
6569,7867,Classic,91962.12,0.322,29611.8,Blocked,2025-02-06
6570,2300,Gold,192813.88,0.317,61122.0,Closed,2022-06-07
6571,6095,Gold,240156.8,0.692,166188.51,Active,2025-04-11
6572,9782,Signature,704728.46,0.35,246654.96,Active,2022-01-08
6573,2149,Platinum,590459.23,0.465,274563.54,Active,2022-10-07
6574,4293,Signature,1020443.57,0.502,512262.67,Active,2021-11-16
6575,2598,Signature,762449.89,0.55,419347.44,Closed,2021-10-22
6576,974,Gold,177351.99,0.227,40258.9,Active,2024-11-27
6577,682,Classic,98564.57,0.447,44058.36,Blocked,2021-05-04
6578,8738,Classic,111894.37,0.612,68479.35,Closed,2025-07-12
6579,1195,Gold,268241.92,0.341,91470.49,Active,2022-03-13
6580,7272,Platinum,633682.25,0.34,215451.97,Active,2023-04-30
6581,53,Gold,275175.12,0.256,70444.83,Active,2022-05-11
6582,6107,Signature,1177572.54,0.278,327365.17,Blocked,2024-05-03
6583,1555,Classic,88288.81,0.154,13596.48,Active,2021-08-19
6584,2623,Platinum,497035.61,0.177,87975.3,Active,2024-12-04
6585,4779,Platinum,353979.96,0.221,78229.57,Active,2021-12-11
6586,2911,Classic,112169.81,0.274,30734.53,Blocked,2025-10-13
6587,1424,Platinum,493057.9,0.092,45361.33,Active,2025-01-23
6588,9687,Platinum,433927.54,0.531,230415.52,Active,2023-05-23
6589,6407,Classic,99677.19,0.252,25118.65,Active,2021-01-24
6590,8555,Gold,218270.28,0.117,25537.62,Closed,2024-12-07
6591,5298,Classic,84866.22,0.117,9929.35,Blocked,2021-05-24
6592,7045,Signature,1166325.77,0.271,316074.28,Active,2024-05-23
6593,1947,Classic,97375.65,0.235,22883.28,Active,2024-09-14
6594,8277,Signature,1202637.59,0.132,158748.16,Blocked,2021-11-01
6595,4626,Classic,100265.17,0.148,14839.25,Active,2023-10-22
6596,6175,Platinum,494563.26,0.14,69238.86,Closed,2023-05-08
6597,3664,Signature,1294934.53,0.495,640992.59,Active,2023-11-19
6598,1116,Platinum,505160.47,0.816,412210.94,Active,2025-11-04
6599,6917,Platinum,404918.77,0.406,164397.02,Blocked,2022-12-09
6600,7465,Classic,119159.97,0.363,43255.07,Active,2021-08-04
6601,7769,Gold,235828.42,0.239,56362.99,Closed,2023-06-30
6602,7668,Gold,229510.51,0.31,71148.26,Active,2025-06-27
6603,4596,Signature,938201.55,0.038,35651.66,Closed,2024-10-10
6604,1145,Signature,701362.49,0.444,311404.95,Active,2025-11-06
6605,5533,Gold,212936.76,0.126,26830.03,Closed,2023-02-10
6606,7402,Gold,318526.39,0.209,66572.02,Active,2024-10-23
6607,7972,Classic,90976.42,0.352,32023.7,Active,2021-09-26
6608,5500,Signature,788910.89,0.604,476502.18,Active,2021-06-21
6609,4901,Platinum,575801.98,0.214,123221.62,Active,2025-07-21
6610,391,Platinum,599270.83,0.522,312819.37,Active,2024-07-23
6611,7763,Signature,876477.67,0.223,195454.52,Active,2023-05-29
6612,151,Classic,81266.31,0.285,23160.9,Closed,2024-10-24
6613,7393,Gold,191737.05,0.113,21666.29,Active,2022-06-05
6614,8647,Gold,304220.28,0.412,125338.76,Blocked,2022-08-19
6615,2529,Platinum,547299.37,0.126,68959.72,Active,2021-04-11
6616,8178,Signature,1081744.61,0.318,343994.79,Closed,2023-11-22
6617,927,Signature,899929.29,0.362,325774.4,Active,2021-11-07
6618,1431,Classic,85706.04,0.379,32482.59,Closed,2025-03-30
6619,7312,Signature,1206337.82,0.103,124252.8,Closed,2023-02-12
6620,9074,Platinum,595939.79,0.149,88795.03,Active,2024-12-30
6621,4788,Signature,835021.91,0.41,342358.98,Active,2023-02-07
6622,8709,Signature,980236.93,0.05,49011.85,Active,2021-03-15
6623,4907,Signature,923380.12,0.751,693458.47,Active,2024-02-23
6624,8925,Gold,281833.39,0.322,90750.35,Active,2025-03-04
6625,8935,Gold,245442.11,0.204,50070.19,Active,2023-06-08
6626,9780,Classic,129107.28,0.394,50868.27,Blocked,2025-10-15
6627,4619,Signature,1067641.88,0.395,421718.54,Blocked,2022-06-25
6628,4950,Gold,260495.68,0.395,102895.79,Active,2021-07-21
6629,3488,Classic,127669.97,0.481,61409.26,Active,2025-09-22
6630,4447,Platinum,466887.14,0.174,81238.36,Active,2022-12-09
6631,1691,Platinum,431066.23,0.323,139234.39,Active,2024-10-15
6632,713,Gold,291683.55,0.132,38502.23,Blocked,2024-09-17
6633,3784,Signature,1048920.23,0.582,610471.57,Active,2024-05-06
6634,2687,Platinum,534358.13,0.344,183819.2,Closed,2025-05-22
6635,4331,Gold,193076.73,0.532,102716.82,Active,2023-08-19
6636,9663,Signature,1217864.16,0.201,244790.7,Active,2025-07-11
6637,4686,Platinum,467548.55,0.431,201513.43,Active,2021-04-27
6638,1464,Classic,105778.16,0.352,37233.91,Active,2023-08-13
6639,9682,Classic,106399.83,0.19,20215.97,Active,2022-07-03
6640,3601,Classic,79169.14,0.178,14092.11,Active,2022-03-13
6641,9106,Platinum,513536.22,0.228,117086.26,Active,2024-04-01
6642,2064,Gold,281797.41,0.505,142307.69,Active,2023-08-18
6643,2142,Platinum,419763.71,0.34,142719.66,Blocked,2024-10-05
6644,6944,Signature,834619.78,0.244,203647.23,Closed,2024-04-09
6645,3883,Gold,298487.17,0.252,75218.77,Blocked,2025-12-28
6646,3657,Signature,837159.14,0.271,226870.13,Active,2025-02-06
6647,2326,Classic,88062.24,0.154,13561.58,Active,2024-10-28
6648,4974,Platinum,498018.42,0.19,94623.5,Active,2021-02-23
6649,5232,Classic,87751.64,0.286,25096.97,Active,2023-11-02
6650,9767,Signature,975965.01,0.231,225447.92,Blocked,2023-05-02
6651,2662,Signature,1197543.2,0.098,117359.23,Active,2023-05-26
6652,3899,Platinum,619512.19,0.212,131336.58,Active,2024-07-08
6653,3032,Classic,91032.34,0.264,24032.54,Active,2022-03-11
6654,4111,Classic,127662.34,0.365,46596.75,Blocked,2022-05-15
6655,8409,Platinum,356604.44,0.496,176875.8,Active,2022-09-26
6656,4930,Platinum,472953.68,0.44,208099.62,Closed,2025-08-21
6657,8878,Platinum,362484.6,0.647,234527.54,Active,2023-07-09
6658,8632,Gold,232174.03,0.263,61061.77,Blocked,2021-11-19
6659,6556,Gold,213862.95,0.563,120404.84,Active,2024-05-04
6660,6,Classic,76826.28,0.238,18284.65,Active,2022-06-12
6661,1042,Gold,304355.92,0.746,227049.52,Active,2023-10-23
6662,7050,Classic,125061.14,0.407,50899.88,Closed,2023-04-07
6663,9035,Signature,728545.96,0.314,228763.43,Active,2025-02-19
6664,6710,Gold,270242.12,0.538,145390.26,Closed,2024-06-05
6665,1925,Gold,314150.54,0.08,25132.04,Active,2023-12-09
6666,3415,Classic,108631.1,0.115,12492.58,Active,2021-12-10
6667,8653,Signature,907816.12,0.244,221507.13,Active,2022-08-04
6668,7182,Classic,124239.36,0.088,10933.06,Active,2021-12-03
6669,1017,Signature,1270204.04,0.15,190530.61,Active,2023-12-22
6670,9526,Platinum,530719.03,0.347,184159.5,Active,2023-07-03
6671,8838,Gold,303214.99,0.314,95209.51,Active,2023-08-25
6672,8347,Classic,99271.32,0.232,23030.95,Closed,2021-04-18
6673,3432,Platinum,531005.54,0.395,209747.19,Blocked,2025-01-25
6674,9362,Classic,114274.88,0.297,33939.64,Closed,2024-05-10
6675,5435,Classic,76175.42,0.118,8988.7,Blocked,2024-06-28
6676,6506,Classic,89880.23,0.095,8538.62,Active,2023-07-31
6677,5248,Platinum,500906.63,0.419,209879.88,Closed,2024-03-31
6678,6833,Signature,894921.84,0.227,203147.26,Active,2023-08-27
6679,5265,Signature,1019960.64,0.418,426343.55,Active,2021-05-03
6680,9894,Platinum,472367.55,0.341,161077.33,Active,2022-06-12
6681,6497,Signature,813205.01,0.431,350491.36,Active,2021-12-12
6682,6930,Platinum,593342.45,0.037,21953.67,Active,2025-01-24
6683,6889,Gold,261537.06,0.134,35045.97,Active,2024-03-21
6684,7628,Classic,99543.29,0.385,38324.17,Active,2023-02-05
6685,4426,Gold,250024.7,0.152,38003.75,Active,2025-01-26
6686,406,Classic,78145.74,0.284,22193.39,Blocked,2025-12-17
6687,6624,Classic,102024.52,0.189,19282.63,Active,2021-05-06
6688,1004,Platinum,507472.77,0.552,280124.97,Blocked,2024-06-21
6689,4203,Classic,128356.35,0.404,51855.97,Active,2022-11-25
6690,2273,Classic,78989.94,0.134,10584.65,Closed,2021-05-01
6691,6963,Platinum,562364.21,0.315,177144.73,Active,2025-03-21
6692,1593,Gold,319794.72,0.168,53725.51,Blocked,2022-12-25
6693,5317,Gold,267214.96,0.35,93525.24,Active,2023-12-27
6694,689,Platinum,408664.52,0.307,125460.01,Active,2023-09-19
6695,1030,Signature,849756.82,0.148,125764.01,Active,2023-04-02
6696,7464,Platinum,552951.88,0.096,53083.38,Active,2025-09-26
6697,9766,Classic,111266.1,0.558,62086.48,Blocked,2024-09-29
6698,4730,Classic,89698.75,0.185,16594.27,Active,2023-08-27
6699,8811,Gold,195153.54,0.485,94649.47,Active,2022-12-05
6700,864,Classic,72957.11,0.087,6347.27,Active,2022-09-01
6701,3275,Classic,125514.97,0.322,40415.82,Closed,2022-09-07
6702,3328,Signature,1220398.36,0.161,196484.14,Active,2023-11-02
6703,1114,Signature,1042851.85,0.446,465111.93,Active,2024-11-12
6704,8614,Platinum,418242.4,0.221,92431.57,Active,2021-10-19
6705,4152,Platinum,372629.82,0.2,74525.96,Active,2023-02-14
6706,2477,Platinum,459436.33,0.44,202151.99,Active,2022-08-08
6707,1952,Platinum,365803.16,0.458,167537.85,Active,2021-12-11
6708,4993,Signature,991643.76,0.095,94206.16,Active,2022-01-11
6709,2143,Gold,267202.88,0.205,54776.59,Closed,2024-07-17
6710,6153,Platinum,416816.93,0.25,104204.23,Blocked,2024-09-12
6711,4753,Classic,110220.64,0.229,25240.53,Blocked,2024-09-03
6712,8176,Gold,196892.92,0.611,120301.57,Closed,2025-04-22
6713,1760,Platinum,445314.89,0.074,32953.3,Closed,2025-08-20
6714,8433,Gold,176654.74,0.155,27381.48,Closed,2023-10-02
6715,8604,Platinum,379960.47,0.399,151604.23,Blocked,2021-11-30
6716,8290,Signature,784896.21,0.206,161688.62,Active,2023-03-05
6717,1805,Platinum,486059.06,0.373,181300.03,Active,2025-03-26
6718,5027,Gold,234816.99,0.267,62696.14,Active,2022-11-13
6719,4344,Platinum,437933.78,0.141,61748.66,Closed,2021-05-23
6720,6735,Platinum,404473.6,0.227,91815.51,Active,2025-05-27
6721,3578,Platinum,567502.81,0.582,330286.64,Closed,2021-12-03
6722,7078,Signature,818972.43,0.153,125302.78,Blocked,2024-12-21
6723,7507,Signature,1060343.06,0.271,287352.97,Active,2022-02-28
6724,3498,Gold,276546.21,0.099,27378.07,Closed,2021-10-24
6725,3603,Signature,1209145.13,0.394,476403.18,Active,2025-08-30
6726,8680,Platinum,514653.54,0.264,135868.53,Active,2024-05-14
6727,8054,Signature,726408.23,0.457,331968.56,Blocked,2024-02-12
6728,5742,Platinum,378575.46,0.09,34071.79,Active,2023-04-21
6729,9560,Gold,269749.82,0.284,76608.95,Active,2025-10-13
6730,8063,Signature,909160.46,0.378,343662.65,Active,2023-09-16
6731,3666,Platinum,540312.28,0.196,105901.21,Blocked,2021-07-17
6732,8449,Signature,1239236.66,0.535,662991.61,Active,2022-04-14
6733,3877,Platinum,354809.79,0.41,145472.01,Blocked,2021-11-02
6734,2696,Gold,223676.1,0.104,23262.31,Blocked,2023-09-07
6735,4026,Platinum,504948.22,0.339,171177.45,Active,2021-08-11
6736,5053,Gold,315647.46,0.162,51134.89,Active,2024-03-30
6737,628,Classic,114758.81,0.658,75511.3,Active,2021-06-16
6738,7798,Classic,88950.61,0.336,29887.4,Blocked,2024-12-07
6739,2031,Gold,226340.22,0.406,91894.13,Active,2021-10-22
6740,7341,Classic,121580.07,0.13,15805.41,Closed,2023-07-24
6741,5302,Gold,293880.26,0.211,62008.73,Active,2022-01-11
6742,1622,Classic,115673.12,0.118,13649.43,Active,2023-11-03
6743,376,Platinum,482759.23,0.235,113448.42,Blocked,2022-06-06
6744,7026,Signature,719701.51,0.36,259092.54,Active,2022-11-27
6745,9500,Signature,722090.9,0.416,300389.81,Active,2024-06-06
6746,4158,Signature,940377.55,0.039,36674.72,Active,2022-05-21
6747,7863,Signature,789542.05,0.396,312658.65,Closed,2023-08-06
6748,2278,Platinum,439860.5,0.312,137236.48,Active,2021-12-31
6749,4590,Gold,267841.37,0.202,54103.96,Closed,2025-08-21
6750,7085,Gold,251415.57,0.272,68385.04,Active,2024-04-07
6751,6783,Signature,1208236.35,0.527,636740.56,Closed,2021-03-08
6752,6178,Signature,1233296.48,0.03,36998.89,Closed,2024-12-13
6753,601,Gold,278993.53,0.379,105738.55,Active,2024-03-16
6754,6924,Platinum,566760.08,0.151,85580.77,Blocked,2025-09-10
6755,4163,Platinum,526262.95,0.252,132618.26,Blocked,2022-08-04
6756,3652,Signature,795012.76,0.068,54060.87,Active,2025-12-08
6757,3066,Gold,295992.59,0.301,89093.77,Active,2024-07-17
6758,4543,Gold,180529.83,0.609,109942.67,Blocked,2023-06-21
6759,8865,Platinum,464841.1,0.013,6042.93,Active,2024-03-28
6760,9559,Signature,973910.4,0.146,142190.92,Active,2021-04-08
6761,1841,Classic,113754.69,0.16,18200.75,Closed,2022-11-05
6762,215,Platinum,372695.01,0.206,76775.17,Closed,2021-04-26
6763,6338,Signature,753876.13,0.407,306827.58,Blocked,2023-03-06
6764,9991,Platinum,487267.11,0.138,67242.86,Active,2021-10-18
6765,4293,Platinum,385075.85,0.207,79710.7,Active,2023-10-19
6766,5951,Classic,124588.99,0.358,44602.86,Active,2022-06-26
6767,6222,Gold,244171.95,0.264,64461.39,Blocked,2022-06-15
6768,3854,Signature,1037274.7,0.243,252057.75,Blocked,2022-09-15
6769,2903,Platinum,489085.68,0.14,68472.0,Closed,2024-08-30
6770,6311,Signature,759614.74,0.232,176230.62,Active,2022-07-06
6771,7067,Classic,123374.97,0.146,18012.75,Blocked,2023-06-09
6772,5388,Gold,319721.79,0.209,66821.85,Active,2021-11-30
6773,284,Classic,80795.28,0.144,11634.52,Blocked,2023-02-06
6774,265,Classic,92295.72,0.183,16890.12,Closed,2025-08-22
6775,6955,Gold,251453.1,0.231,58085.67,Blocked,2025-09-03
6776,8755,Classic,80186.64,0.281,22532.45,Blocked,2021-05-17
6777,8912,Platinum,428091.02,0.174,74487.84,Active,2023-04-23
6778,6360,Platinum,537518.32,0.387,208019.59,Active,2024-08-19
6779,8377,Signature,1145830.69,0.156,178749.59,Blocked,2021-10-20
6780,2954,Platinum,371513.62,0.303,112568.63,Active,2022-02-12
6781,3706,Gold,250459.25,0.151,37819.35,Active,2021-05-09
6782,6676,Classic,114261.83,0.1,11426.18,Closed,2023-06-24
6783,5565,Platinum,617779.33,0.221,136529.23,Active,2022-02-02
6784,3336,Gold,225691.87,0.113,25503.18,Active,2025-10-25
6785,1806,Classic,109528.02,0.244,26724.84,Active,2023-10-04
6786,2845,Signature,1147240.81,0.395,453160.12,Active,2025-11-29
6787,7508,Classic,71858.15,0.634,45558.07,Active,2024-09-19
6788,9399,Classic,129749.45,0.404,52418.78,Closed,2021-11-11
6789,8099,Gold,319607.45,0.535,170989.99,Active,2022-06-13
6790,7298,Platinum,610357.91,0.488,297854.66,Closed,2024-06-14
6791,4421,Classic,108517.53,0.227,24633.48,Blocked,2022-04-06
6792,5670,Gold,311229.97,0.375,116711.24,Active,2023-04-22
6793,3034,Platinum,585066.46,0.461,269715.64,Active,2021-04-06
6794,1478,Classic,72955.05,0.042,3064.11,Active,2024-12-11
6795,8949,Signature,722624.49,0.372,268816.31,Closed,2023-02-05
6796,1332,Platinum,521208.77,0.308,160532.3,Active,2023-08-13
6797,9094,Platinum,373127.13,0.09,33581.44,Active,2022-11-01
6798,3565,Platinum,622514.6,0.317,197337.13,Active,2024-01-28
6799,6524,Gold,243548.48,0.517,125914.56,Active,2024-04-01
6800,3031,Signature,1246025.71,0.008,9968.21,Blocked,2021-02-24
6801,6100,Signature,728288.41,0.399,290587.08,Active,2022-11-22
6802,4478,Gold,308671.41,0.362,111739.05,Active,2025-01-30
6803,1943,Platinum,563292.62,0.291,163918.15,Blocked,2024-03-17
6804,8953,Platinum,405523.95,0.219,88809.75,Blocked,2021-11-08
6805,166,Platinum,573092.81,0.178,102010.52,Closed,2022-07-29
6806,9430,Gold,277798.98,0.148,41114.25,Active,2023-11-12
6807,7539,Gold,180865.02,0.575,103997.39,Active,2023-01-03
6808,9055,Platinum,574492.36,0.431,247606.21,Closed,2025-12-21
6809,239,Platinum,532790.66,0.129,68730.0,Closed,2021-11-08
6810,4007,Gold,319655.05,0.17,54341.36,Active,2024-05-20
6811,7285,Signature,1059259.48,0.077,81562.98,Active,2024-02-23
6812,3315,Classic,129564.28,0.095,12308.61,Active,2025-04-28
6813,3158,Classic,113289.09,0.029,3285.38,Active,2023-08-06
6814,7544,Gold,252366.72,0.164,41388.14,Closed,2021-07-27
6815,4280,Classic,124709.17,0.469,58488.6,Active,2021-10-02
6816,8606,Platinum,554438.18,0.17,94254.49,Active,2021-12-16
6817,7321,Classic,102646.3,0.261,26790.68,Closed,2022-07-13
6818,9843,Signature,840062.23,0.042,35282.61,Closed,2023-03-03
6819,6155,Signature,738442.26,0.637,470387.72,Active,2021-08-07
6820,3380,Platinum,624872.48,0.84,524892.88,Active,2023-12-09
6821,1358,Platinum,476824.37,0.134,63894.47,Active,2024-01-26
6822,6953,Signature,1097307.24,0.514,564015.92,Closed,2022-10-29
6823,9492,Signature,796381.96,0.457,363946.56,Active,2021-04-04
6824,7095,Platinum,572834.42,0.142,81342.49,Blocked,2025-01-20
6825,1860,Gold,284062.2,0.203,57664.63,Active,2025-04-12
6826,9315,Classic,91928.73,0.094,8641.3,Active,2025-01-01
6827,3273,Platinum,412040.78,0.679,279775.69,Active,2024-06-16
6828,1718,Signature,1056439.57,0.147,155296.62,Active,2022-09-09
6829,3045,Platinum,566794.5,0.25,141698.62,Active,2024-05-29
6830,3608,Classic,118119.19,0.425,50200.66,Active,2022-07-11
6831,3025,Gold,286947.1,0.381,109326.85,Active,2024-11-07
6832,2953,Signature,1224652.4,0.605,740914.7,Blocked,2024-03-23
6833,9338,Platinum,499316.62,0.075,37448.75,Closed,2022-08-14
6834,6807,Platinum,482517.79,0.275,132692.39,Active,2023-01-23
6835,142,Gold,175444.76,0.508,89125.94,Blocked,2022-07-22
6836,7784,Classic,77734.1,0.295,22931.56,Active,2021-03-21
6837,3489,Gold,299310.53,0.449,134390.43,Closed,2021-10-02
6838,8027,Classic,129866.91,0.476,61816.65,Blocked,2022-05-10
6839,1746,Signature,957832.97,0.242,231795.58,Active,2023-12-19
6840,4657,Classic,129183.49,0.257,33200.16,Active,2023-11-24
6841,6684,Classic,86427.94,0.596,51511.05,Blocked,2024-08-09
6842,297,Gold,280146.77,0.292,81802.86,Blocked,2022-04-04
6843,1261,Gold,197317.04,0.19,37490.24,Active,2022-09-23
6844,3865,Platinum,611010.73,0.137,83708.47,Blocked,2021-07-09
6845,3163,Signature,784818.79,0.063,49443.58,Active,2022-12-19
6846,6922,Platinum,560599.45,0.212,118847.08,Closed,2022-02-25
6847,4273,Classic,79466.32,0.219,17403.12,Active,2025-12-11
6848,1248,Platinum,558642.98,0.083,46367.37,Active,2025-06-17
6849,4921,Classic,104349.06,0.282,29426.43,Active,2024-12-09
6850,733,Gold,267344.36,0.278,74321.73,Closed,2022-04-03
6851,5423,Signature,1053686.7,0.258,271851.17,Active,2022-07-28
6852,5502,Classic,119052.46,0.098,11667.14,Active,2025-08-28
6853,9498,Platinum,613518.1,0.031,19019.06,Blocked,2021-04-19
6854,3776,Classic,85384.71,0.19,16223.09,Closed,2024-02-29
6855,4638,Classic,86341.26,0.409,35313.58,Active,2022-01-27
6856,6624,Signature,947589.46,0.591,560025.37,Active,2021-02-18
6857,315,Platinum,392647.89,0.477,187293.04,Active,2022-09-12
6858,3950,Signature,1039318.72,0.306,318031.53,Active,2025-07-27
6859,9785,Platinum,476573.91,0.315,150120.78,Active,2023-02-22
6860,7167,Signature,827335.56,0.252,208488.56,Closed,2025-09-27
6861,790,Signature,1128154.43,0.638,719762.53,Closed,2024-01-14
6862,3594,Signature,893981.73,0.185,165386.62,Blocked,2022-10-03
6863,6872,Gold,294324.02,0.486,143041.47,Blocked,2025-08-29
6864,9198,Gold,260099.48,0.351,91294.92,Closed,2021-11-07
6865,3394,Classic,102375.8,0.433,44328.72,Active,2023-03-13
6866,3648,Platinum,545190.42,0.324,176641.7,Active,2021-05-26
6867,4266,Signature,1069735.09,0.221,236411.45,Active,2024-06-22
6868,769,Signature,959348.0,0.436,418275.73,Active,2023-03-11
6869,5078,Classic,89576.91,0.322,28843.77,Blocked,2021-02-16
6870,7984,Platinum,445190.23,0.152,67668.91,Closed,2024-02-22
6871,2845,Gold,296500.94,0.314,93101.3,Active,2024-06-02
6872,7118,Classic,103061.57,0.517,53282.83,Active,2022-03-28
6873,5288,Signature,1067241.62,0.143,152615.55,Active,2022-07-10
6874,1657,Gold,192176.86,0.202,38819.73,Active,2024-06-16
6875,4602,Platinum,535179.55,0.034,18196.1,Active,2023-10-13
6876,4909,Classic,119883.12,0.424,50830.44,Closed,2025-07-17
6877,7402,Platinum,649933.95,0.129,83841.48,Active,2025-08-27
6878,1808,Gold,295029.66,0.184,54285.46,Active,2025-12-10
6879,5315,Gold,291599.12,0.259,75524.17,Active,2024-05-09
6880,1819,Classic,110419.71,0.268,29592.48,Active,2025-06-21
6881,3849,Platinum,608365.71,0.075,45627.43,Blocked,2021-11-16
6882,913,Platinum,525933.04,0.515,270855.52,Active,2024-07-20
6883,6183,Platinum,527836.87,0.322,169963.47,Active,2024-02-26
6884,6203,Signature,707847.85,0.221,156434.37,Active,2023-07-15
6885,9904,Gold,208715.48,0.407,84947.2,Active,2021-08-25
6886,8238,Platinum,630420.78,0.196,123562.47,Active,2021-10-31
6887,4465,Classic,108871.23,0.492,53564.65,Closed,2021-07-21
6888,5960,Platinum,633533.28,0.311,197028.85,Closed,2022-02-21
6889,1243,Gold,231680.02,0.078,18071.04,Active,2025-12-13
6890,2488,Classic,74073.92,0.339,25111.06,Active,2021-03-17
6891,6001,Platinum,563111.61,0.136,76583.18,Active,2023-06-23
6892,5269,Classic,101351.18,0.448,45405.33,Blocked,2021-03-15
6893,2915,Gold,230464.77,0.094,21663.69,Blocked,2021-06-13
6894,3633,Signature,1271346.2,0.315,400474.05,Active,2021-06-21
6895,6699,Gold,222996.02,0.49,109268.05,Blocked,2021-08-31
6896,4366,Gold,175983.8,0.075,13198.78,Closed,2025-10-24
6897,2819,Classic,122150.01,0.359,43851.85,Active,2024-10-14
6898,1896,Gold,300976.52,0.365,109856.43,Blocked,2021-07-04
6899,8425,Classic,116104.91,0.145,16835.21,Active,2021-07-04
6900,5900,Platinum,635366.4,0.203,128979.38,Blocked,2022-01-23
6901,4607,Signature,1023489.42,0.599,613070.16,Blocked,2023-08-05
6902,5382,Platinum,444703.85,0.054,24014.01,Blocked,2022-12-15
6903,8308,Platinum,532529.33,0.712,379160.88,Closed,2021-04-24
6904,4893,Platinum,598825.33,0.363,217373.59,Closed,2024-02-20
6905,68,Signature,1272900.24,0.354,450606.68,Active,2024-06-01
6906,4405,Platinum,646244.38,0.258,166731.05,Active,2025-06-03
6907,1705,Platinum,632865.1,0.264,167076.39,Closed,2023-03-05
6908,697,Classic,83911.28,0.402,33732.33,Active,2025-11-07
6909,9594,Platinum,596456.7,0.463,276159.45,Active,2023-08-20
6910,8730,Classic,97710.92,0.307,29997.25,Closed,2024-12-09
6911,5559,Platinum,636538.98,0.398,253342.51,Active,2024-03-30
6912,6890,Classic,86681.18,0.504,43687.31,Active,2022-05-30
6913,4626,Gold,201115.45,0.216,43440.94,Blocked,2022-12-12
6914,7384,Gold,255877.96,0.364,93139.58,Active,2022-06-11
6915,8843,Gold,211161.2,0.413,87209.58,Active,2023-05-27
6916,4520,Platinum,495569.44,0.216,107043.0,Blocked,2021-05-15
6917,5907,Classic,87657.69,0.392,34361.81,Closed,2023-05-07
6918,8118,Signature,1165427.51,0.259,301845.73,Active,2023-05-04
6919,7650,Signature,1192969.42,0.093,110946.16,Active,2025-07-12
6920,8549,Classic,127138.15,0.405,51490.95,Active,2024-09-07
6921,8375,Gold,187484.1,0.56,104991.1,Blocked,2021-09-01
6922,197,Gold,229005.93,0.268,61373.59,Blocked,2021-12-04
6923,5055,Gold,249084.06,0.224,55794.83,Blocked,2022-11-15
6924,9506,Classic,100363.21,0.084,8430.51,Active,2024-02-21
6925,1963,Platinum,590966.5,0.217,128239.73,Closed,2023-08-20
6926,41,Classic,109289.56,0.295,32240.42,Closed,2022-11-02
6927,3928,Classic,94873.71,0.231,21915.83,Active,2021-03-16
6928,3242,Gold,188804.28,0.158,29831.08,Closed,2022-02-21
6929,6425,Classic,112023.5,0.036,4032.85,Active,2024-11-06
6930,1475,Platinum,406836.57,0.644,262002.75,Blocked,2021-12-03
6931,8919,Signature,1191798.37,0.132,157317.38,Active,2024-11-30
6932,2270,Platinum,422953.47,0.213,90089.09,Active,2022-09-09
6933,8959,Gold,310250.57,0.5,155125.29,Active,2023-04-26
6934,5535,Platinum,359859.2,0.363,130628.89,Active,2024-04-16
6935,8781,Gold,274888.07,0.17,46730.97,Active,2023-11-25
6936,9259,Platinum,578736.65,0.194,112274.91,Active,2021-12-25
6937,5018,Gold,212668.11,0.192,40832.28,Active,2023-02-12
6938,9255,Classic,72716.05,0.187,13597.9,Active,2025-12-17
6939,8084,Platinum,454655.7,0.584,265518.93,Active,2025-06-30
6940,8100,Classic,79034.38,0.245,19363.42,Active,2021-09-21
6941,7344,Platinum,580993.94,0.361,209738.81,Active,2023-05-05
6942,3294,Platinum,562423.1,0.024,13498.15,Active,2024-06-24
6943,9882,Classic,111804.89,0.25,27951.22,Blocked,2022-05-19
6944,9361,Platinum,419144.39,0.219,91792.62,Active,2022-02-04
6945,3434,Classic,121918.94,0.285,34746.9,Active,2021-06-24
6946,1259,Platinum,476985.55,0.454,216551.44,Closed,2023-11-30
6947,7404,Platinum,498884.96,0.375,187081.86,Active,2024-12-09
6948,5041,Classic,103076.71,0.371,38241.46,Active,2025-07-30
6949,3550,Signature,840146.65,0.758,636831.16,Closed,2023-04-03
6950,7752,Signature,909470.58,0.162,147334.23,Active,2021-02-14
6951,766,Gold,255271.93,0.081,20677.03,Blocked,2023-06-23
6952,165,Classic,97743.34,0.292,28541.06,Active,2022-03-17
6953,2052,Gold,272913.86,0.138,37662.11,Active,2023-08-20
6954,816,Platinum,592549.69,0.224,132731.13,Active,2025-01-01
6955,1449,Signature,734140.68,0.581,426535.74,Active,2021-02-21
6956,3349,Signature,1143747.45,0.029,33168.68,Active,2022-08-07
6957,342,Gold,229407.52,0.054,12388.01,Active,2023-12-31
6958,6586,Platinum,628001.74,0.452,283856.79,Blocked,2021-09-10
6959,2056,Platinum,474459.51,0.174,82555.95,Active,2022-03-15
6960,1733,Gold,253233.7,0.206,52166.14,Active,2024-07-22
6961,2652,Gold,286025.27,0.098,28030.48,Active,2023-11-23
6962,748,Platinum,469639.99,0.202,94867.28,Closed,2023-05-17
6963,1147,Platinum,395924.08,0.786,311196.33,Active,2021-02-24
6964,5864,Gold,207135.79,0.585,121174.44,Active,2023-06-17
6965,3380,Gold,258656.32,0.211,54576.48,Blocked,2025-08-12
6966,7725,Classic,109302.34,0.347,37927.91,Active,2023-03-23
6967,8151,Signature,859780.26,0.111,95435.61,Active,2023-07-10
6968,9311,Classic,94295.06,0.281,26496.91,Blocked,2024-03-27
6969,9600,Platinum,358602.99,0.2,71720.6,Active,2022-08-24
6970,7300,Classic,113553.18,0.55,62454.25,Active,2021-03-26
6971,422,Classic,119879.85,0.375,44954.94,Active,2021-09-10
6972,1529,Platinum,490286.03,0.179,87761.2,Active,2025-10-22
6973,839,Classic,89017.96,0.279,24836.01,Active,2021-03-06
6974,3318,Classic,107321.34,0.166,17815.34,Active,2024-07-20
6975,4462,Platinum,491698.64,0.369,181436.8,Blocked,2023-08-09
6976,1265,Gold,207525.52,0.292,60597.45,Closed,2021-08-10
6977,8982,Platinum,560711.68,0.246,137935.07,Closed,2022-03-04
6978,5076,Platinum,611048.48,0.256,156428.41,Active,2022-11-28
6979,3592,Platinum,635925.81,0.473,300792.91,Active,2024-11-04
6980,5095,Gold,284649.35,0.394,112151.84,Blocked,2022-05-15
6981,2404,Platinum,602886.43,0.335,201966.95,Active,2022-03-17
6982,3968,Signature,724827.75,0.016,11597.24,Blocked,2025-09-28
6983,18,Classic,106265.15,0.073,7757.36,Closed,2023-01-15
6984,1512,Classic,70556.15,0.357,25188.55,Active,2024-03-18
6985,6593,Signature,1212966.27,0.685,830881.89,Active,2025-11-04
6986,3642,Signature,1169581.52,0.349,408183.95,Closed,2025-04-15
6987,610,Gold,199433.05,0.059,11766.55,Blocked,2024-11-01
6988,6683,Signature,1243159.75,0.141,175285.52,Active,2021-02-11
6989,5935,Platinum,425505.44,0.086,36593.47,Active,2022-03-26
6990,4827,Gold,177618.37,0.217,38543.19,Closed,2021-09-22
6991,4496,Signature,941470.31,0.069,64961.45,Blocked,2022-09-22
6992,5655,Signature,1176469.21,0.118,138823.37,Active,2025-06-07
6993,9577,Gold,261932.86,0.167,43742.79,Closed,2021-08-25
6994,5280,Platinum,502823.33,0.179,90005.38,Blocked,2024-04-14
6995,7211,Gold,274760.07,0.271,74459.98,Active,2024-01-18
6996,4387,Signature,1245993.02,0.253,315236.23,Active,2021-01-09
6997,8348,Gold,294374.74,0.384,113039.9,Blocked,2023-12-04
6998,1128,Gold,218667.01,0.351,76752.12,Active,2024-10-17
6999,9214,Classic,84816.53,0.138,11704.68,Closed,2021-08-16
7000,8050,Platinum,510545.42,0.192,98024.72,Closed,2021-02-11
7001,3701,Gold,220157.7,0.637,140240.45,Active,2023-08-31
7002,2145,Gold,276535.14,0.564,155965.82,Active,2023-01-10
7003,1726,Platinum,417073.77,0.131,54636.66,Active,2025-06-29
7004,5560,Platinum,395793.28,0.231,91428.25,Active,2021-05-26
7005,7088,Classic,102553.79,0.258,26458.88,Active,2022-11-09
7006,2263,Signature,813505.64,0.438,356315.47,Active,2023-03-18
7007,3248,Platinum,439374.43,0.235,103252.99,Active,2022-09-11
7008,4597,Platinum,505916.59,0.18,91064.99,Active,2025-02-21
7009,6535,Gold,270458.67,0.07,18932.11,Active,2025-10-27
7010,2275,Platinum,430875.14,0.136,58599.02,Blocked,2025-04-27
7011,4936,Gold,323136.71,0.419,135394.28,Blocked,2021-06-06
7012,3771,Gold,313788.44,0.009,2824.1,Blocked,2024-01-05
7013,3386,Classic,92836.28,0.19,17638.89,Blocked,2023-02-23
7014,5200,Classic,125494.59,0.125,15686.82,Active,2024-07-01
7015,1854,Classic,81211.1,0.037,3004.81,Active,2023-05-19
7016,5832,Gold,317711.63,0.127,40349.38,Closed,2024-09-27
7017,8562,Classic,105112.7,0.284,29852.01,Closed,2025-10-07
7018,7636,Signature,1109196.88,0.104,115356.48,Closed,2021-02-03
7019,9313,Gold,192827.82,0.337,64982.98,Blocked,2023-10-23
7020,2574,Signature,1011542.44,0.283,286266.51,Active,2021-01-31
7021,936,Signature,1135024.03,0.163,185008.92,Active,2022-12-18
7022,9481,Classic,123340.24,0.414,51062.86,Closed,2025-12-29
7023,897,Classic,129151.84,0.322,41586.89,Active,2024-12-10
7024,7774,Gold,180993.5,0.374,67691.57,Blocked,2024-01-08
7025,4709,Signature,1292252.53,0.517,668094.56,Active,2024-08-07
7026,5756,Classic,119079.01,0.187,22267.77,Active,2022-05-24
7027,7968,Classic,73794.62,0.313,23097.72,Blocked,2024-03-16
7028,4865,Classic,97504.57,0.107,10432.99,Active,2025-10-11
7029,3554,Classic,103239.38,0.488,50380.82,Active,2025-07-09
7030,1409,Signature,1156581.4,0.148,171174.05,Blocked,2021-02-18
7031,1260,Classic,113470.49,0.253,28708.03,Active,2021-09-17
7032,9130,Platinum,608981.36,0.239,145546.55,Closed,2024-01-20
7033,5170,Gold,308004.79,0.362,111497.73,Active,2021-06-02
7034,3533,Classic,115594.91,0.273,31557.41,Active,2025-03-24
7035,3145,Platinum,379834.11,0.752,285635.25,Active,2025-07-09
7036,8240,Signature,1192521.57,0.387,461505.85,Active,2024-04-28
7037,9062,Platinum,413379.11,0.363,150056.62,Active,2024-02-09
7038,3031,Classic,123509.77,0.314,38782.07,Active,2023-07-31
7039,8376,Platinum,456782.71,0.349,159417.17,Active,2023-10-29
7040,9093,Gold,273707.89,0.5,136853.95,Blocked,2023-07-02
7041,3653,Classic,96050.52,0.215,20650.86,Blocked,2025-04-05
7042,8015,Gold,310172.0,0.677,209986.44,Active,2022-01-06
7043,2103,Gold,180465.73,0.175,31581.5,Active,2022-05-21
7044,5609,Signature,975687.78,0.203,198064.62,Active,2023-04-04
7045,8839,Gold,274664.84,0.685,188145.42,Active,2023-02-13
7046,2377,Gold,277466.38,0.204,56603.14,Closed,2021-02-24
7047,2516,Platinum,552036.65,0.324,178859.87,Active,2024-10-02
7048,4536,Platinum,395353.01,0.262,103582.49,Active,2023-03-17
7049,28,Platinum,485089.15,0.126,61121.23,Closed,2021-06-06
7050,40,Classic,85249.27,0.228,19436.83,Active,2025-08-11
7051,4006,Platinum,437548.79,0.131,57318.89,Active,2023-08-20
7052,2462,Gold,199159.81,0.065,12945.39,Blocked,2025-06-07
7053,4514,Signature,1183895.15,0.2,236779.03,Active,2024-05-25
7054,6539,Gold,322248.07,0.292,94096.44,Active,2023-10-04
7055,2513,Classic,82815.08,0.137,11345.67,Active,2023-12-04
7056,5386,Gold,317468.2,0.64,203179.65,Active,2024-06-05
7057,4023,Gold,319366.99,0.287,91658.33,Closed,2021-05-11
7058,3000,Classic,103862.22,0.668,69379.96,Closed,2023-01-06
7059,2627,Signature,1288272.02,0.14,180358.08,Active,2025-03-08
7060,8171,Platinum,522981.68,0.058,30332.94,Closed,2021-07-08
7061,9985,Signature,1113261.16,0.17,189254.4,Blocked,2021-10-02
7062,2703,Classic,119878.1,0.153,18341.35,Active,2022-10-27
7063,7460,Classic,97683.4,0.629,61442.86,Closed,2022-08-26
7064,2733,Platinum,485716.7,0.147,71400.35,Closed,2024-02-17
7065,6052,Gold,184312.79,0.18,33176.3,Active,2022-12-11
7066,7822,Gold,306407.76,0.115,35236.89,Active,2021-10-11
7067,592,Platinum,418754.77,0.22,92126.05,Closed,2021-05-17
7068,7439,Signature,780560.76,0.215,167820.56,Closed,2022-03-04
7069,9187,Platinum,403784.27,0.163,65816.84,Active,2024-11-02
7070,4892,Signature,1036242.7,0.249,258024.43,Closed,2025-02-22
7071,1829,Signature,961119.14,0.402,386369.89,Active,2025-08-30
7072,1431,Classic,96061.22,0.571,54850.96,Active,2025-01-18
7073,9698,Signature,1254332.74,0.074,92820.62,Active,2024-05-17
7074,6803,Signature,1111276.09,0.443,492295.31,Active,2024-03-22
7075,5972,Signature,1041013.46,0.316,328960.25,Active,2024-07-04
7076,5764,Platinum,612573.3,0.242,148242.74,Active,2022-09-05
7077,4047,Platinum,609077.48,0.612,372755.42,Active,2023-01-16
7078,7771,Classic,104214.68,0.753,78473.65,Active,2021-06-04
7079,7115,Classic,126549.17,0.255,32270.04,Blocked,2024-04-29
7080,7244,Signature,734768.89,0.041,30125.52,Active,2023-06-03
7081,1734,Platinum,508722.4,0.63,320495.11,Active,2025-04-25
7082,7700,Signature,907319.33,0.2,181463.87,Active,2023-11-18
7083,9051,Gold,296914.43,0.571,169538.14,Blocked,2022-02-18
7084,2560,Platinum,556884.98,0.029,16149.66,Active,2024-12-30
7085,7871,Gold,262388.89,0.304,79766.22,Closed,2021-09-22
7086,6628,Gold,219529.67,0.52,114155.43,Closed,2021-09-30
7087,9871,Gold,191279.96,0.125,23909.99,Active,2023-07-01
7088,6270,Classic,94748.8,0.532,50406.36,Closed,2021-02-27
7089,6729,Signature,776003.88,0.166,128816.64,Active,2025-12-04
7090,765,Gold,192634.8,0.158,30436.3,Active,2024-05-17
7091,1220,Gold,185902.36,0.352,65437.63,Closed,2023-06-04
7092,5166,Classic,120805.46,0.401,48442.99,Closed,2024-02-13
7093,9235,Signature,1196044.81,0.173,206915.75,Active,2021-08-30
7094,6304,Signature,1078320.57,0.619,667480.43,Blocked,2022-01-24
7095,9334,Platinum,575507.07,0.279,160566.47,Active,2022-11-11
7096,3196,Gold,190568.97,0.199,37923.23,Active,2022-05-14
7097,203,Gold,215775.12,0.117,25245.69,Active,2022-08-27
7098,6140,Signature,1148115.35,0.167,191735.26,Active,2025-02-19
7099,9621,Signature,1249712.63,0.188,234945.97,Active,2021-06-03
7100,1086,Gold,175606.86,0.42,73754.88,Blocked,2022-01-09
7101,431,Signature,1157498.05,0.496,574119.03,Blocked,2022-01-27
7102,3948,Classic,114837.26,0.152,17455.26,Active,2021-04-02
7103,2226,Classic,125507.26,0.277,34765.51,Closed,2024-08-07
7104,4948,Signature,899791.66,0.196,176359.17,Active,2022-09-24
7105,5353,Gold,306521.42,0.275,84293.39,Active,2025-08-31
7106,426,Gold,276914.51,0.452,125165.36,Closed,2021-03-31
7107,5415,Gold,310405.34,0.582,180655.91,Active,2022-02-23
7108,4205,Gold,321872.24,0.288,92699.21,Active,2025-06-14
7109,569,Gold,302133.41,0.121,36558.14,Active,2022-02-22
7110,4030,Classic,113972.03,0.594,67699.39,Active,2022-03-31
7111,4516,Classic,71170.4,0.053,3772.03,Active,2023-03-01
7112,6578,Platinum,481621.93,0.206,99214.12,Active,2021-01-15
7113,1653,Platinum,363218.3,0.348,126399.97,Closed,2025-02-07
7114,7512,Signature,752697.8,0.155,116668.16,Closed,2022-03-29
7115,4437,Gold,242102.1,0.203,49146.73,Blocked,2025-08-13
7116,7230,Gold,280087.33,0.319,89347.86,Active,2024-08-03
7117,9666,Gold,253503.5,0.03,7605.1,Active,2022-12-21
7118,9286,Classic,120385.24,0.23,27688.61,Active,2024-02-19
7119,1906,Platinum,414314.36,0.24,99435.45,Active,2021-04-22
7120,4975,Signature,1005959.46,0.4,402383.78,Active,2024-10-19
7121,8967,Platinum,351995.77,0.141,49631.4,Active,2023-10-29
7122,8455,Signature,1297167.5,0.113,146579.93,Blocked,2022-02-11
7123,8141,Signature,975379.82,0.219,213608.18,Active,2024-05-12
7124,3060,Classic,83280.83,0.187,15573.52,Active,2022-12-26
7125,6770,Platinum,439802.14,0.406,178559.67,Blocked,2023-05-10
7126,9129,Signature,929612.13,0.265,246347.21,Closed,2021-06-30
7127,9808,Signature,1080885.05,0.377,407493.66,Active,2025-06-20
7128,1757,Gold,298935.57,0.356,106421.06,Closed,2024-09-17
7129,1328,Gold,185549.3,0.325,60303.52,Active,2022-12-19
7130,4940,Classic,121715.13,0.391,47590.62,Active,2025-04-02
7131,2042,Classic,82395.17,0.177,14583.95,Active,2024-06-22
7132,6002,Signature,827602.4,0.399,330213.36,Active,2024-06-08
7133,4740,Signature,846400.98,0.503,425739.69,Active,2022-08-07
7134,4648,Platinum,639869.46,0.521,333371.99,Active,2023-10-30
7135,577,Platinum,373925.71,0.132,49358.19,Active,2022-11-11
7136,2345,Signature,1012488.07,0.126,127573.5,Active,2024-10-22
7137,6807,Signature,727230.82,0.528,383977.87,Active,2023-09-06
7138,1277,Signature,1195211.09,0.085,101592.94,Blocked,2025-08-17
7139,9490,Signature,763459.87,0.198,151165.05,Active,2024-06-07
7140,483,Gold,219886.43,0.164,36061.37,Active,2024-09-26
7141,7782,Platinum,453848.23,0.256,116185.15,Blocked,2021-08-13
7142,5867,Signature,926331.85,0.138,127833.8,Active,2022-03-04
7143,9273,Classic,73166.75,0.342,25023.03,Active,2024-08-12
7144,135,Gold,253649.01,0.339,85987.01,Active,2025-09-17
7145,4400,Gold,286134.75,0.219,62663.51,Closed,2021-06-26
7146,8890,Gold,315282.28,0.12,37833.87,Active,2021-07-27
7147,6441,Gold,309950.34,0.487,150945.82,Active,2025-11-19
7148,2532,Platinum,380583.17,0.201,76497.22,Active,2024-09-18
7149,3406,Platinum,534547.89,0.104,55592.98,Closed,2022-11-17
7150,2846,Classic,114225.94,0.481,54942.68,Active,2024-07-29
7151,8975,Gold,297075.0,0.446,132495.45,Closed,2024-06-03
7152,2528,Platinum,505100.82,0.485,244973.9,Active,2023-10-20
7153,997,Platinum,585972.45,0.035,20509.04,Closed,2024-06-03
7154,479,Signature,1289430.73,0.176,226939.81,Active,2021-02-04
7155,7026,Platinum,637311.44,0.193,123001.11,Blocked,2024-01-16
7156,4275,Classic,114244.15,0.169,19307.26,Active,2025-07-30
7157,3808,Signature,713233.21,0.158,112690.85,Blocked,2024-12-21
7158,9109,Platinum,498971.67,0.291,145200.76,Closed,2021-02-08
7159,9797,Platinum,522962.55,0.439,229580.56,Active,2021-04-01
7160,7017,Classic,84619.09,0.159,13454.44,Active,2023-08-13
7161,8273,Classic,122534.18,0.596,73030.37,Closed,2021-04-15
7162,3099,Gold,321553.68,0.111,35692.46,Active,2022-05-19
7163,1578,Signature,963529.98,0.115,110805.95,Blocked,2024-06-15
7164,2743,Signature,1074751.02,0.357,383686.11,Active,2024-12-21
7165,9021,Platinum,596372.41,0.226,134780.16,Closed,2022-09-13
7166,1211,Signature,1185535.08,0.186,220509.52,Blocked,2024-03-09
7167,4623,Platinum,422713.65,0.172,72706.75,Blocked,2022-09-05
7168,4098,Signature,1117806.32,0.294,328635.06,Active,2024-12-20
7169,5176,Gold,295142.46,0.115,33941.38,Active,2021-02-01
7170,8971,Gold,186333.21,0.384,71551.95,Closed,2022-09-28
7171,6374,Gold,302302.62,0.275,83133.22,Active,2021-06-07
7172,1983,Platinum,460118.74,0.317,145857.64,Closed,2022-10-12
7173,235,Platinum,605204.75,0.229,138591.89,Active,2025-11-29
7174,3967,Platinum,352507.43,0.096,33840.71,Closed,2024-06-30
7175,2786,Platinum,552856.79,0.526,290802.67,Closed,2022-02-03
7176,5513,Platinum,595908.31,0.316,188307.03,Blocked,2024-12-11
7177,3114,Platinum,473884.58,0.248,117523.38,Active,2021-09-29
7178,5959,Classic,71709.01,0.33,23663.97,Closed,2024-09-14
7179,6672,Gold,178063.92,0.448,79772.64,Active,2025-06-15
7180,8740,Platinum,376826.33,0.713,268677.17,Active,2022-08-07
7181,2900,Gold,248131.55,0.082,20346.79,Active,2021-12-29
7182,2857,Gold,275300.93,0.135,37165.63,Active,2023-06-24
7183,631,Classic,115986.88,0.502,58225.41,Blocked,2022-11-24
7184,9872,Classic,70993.71,0.185,13133.84,Blocked,2024-02-26
7185,6458,Gold,309723.59,0.248,76811.45,Active,2021-07-17
7186,2791,Signature,1288410.74,0.12,154609.29,Active,2024-09-09
7187,4182,Signature,882112.5,0.268,236406.15,Closed,2024-06-07
7188,5836,Gold,248980.68,0.298,74196.24,Active,2021-09-06
7189,1011,Gold,197109.46,0.521,102694.03,Closed,2023-12-27
7190,5909,Gold,262907.91,0.561,147491.34,Active,2022-12-07
7191,5792,Classic,125300.21,0.458,57387.5,Active,2021-06-26
7192,849,Gold,214251.87,0.175,37494.08,Active,2022-07-02
7193,3007,Classic,84394.58,0.254,21436.22,Active,2025-11-20
7194,6523,Platinum,457182.42,0.205,93722.4,Blocked,2024-12-31
7195,2947,Signature,1137318.45,0.274,311625.26,Active,2023-11-10
7196,3210,Platinum,513597.12,0.333,171027.84,Active,2022-02-01
7197,2470,Platinum,378017.35,0.2,75603.47,Closed,2023-12-03
7198,8148,Classic,125487.06,0.316,39653.91,Active,2022-12-07
7199,7516,Platinum,617428.57,0.193,119163.71,Blocked,2024-03-05
7200,9735,Classic,83065.91,0.114,9469.51,Active,2025-08-11
7201,2030,Gold,219010.65,0.151,33070.61,Closed,2024-09-21
7202,7311,Signature,788090.42,0.17,133975.37,Closed,2025-10-20
7203,6926,Signature,1113805.83,0.394,438839.5,Active,2023-01-11
7204,2974,Signature,972556.83,0.615,598122.45,Blocked,2024-01-03
7205,7681,Classic,107400.99,0.209,22446.81,Closed,2024-04-06
7206,353,Gold,268336.99,0.393,105456.44,Closed,2023-02-01
7207,4295,Gold,180076.55,0.228,41057.45,Active,2024-01-30
7208,6011,Gold,250962.75,0.295,74034.01,Active,2025-02-06
7209,45,Classic,113662.7,0.25,28415.67,Active,2022-07-22
7210,7191,Platinum,585763.09,0.094,55061.73,Closed,2021-03-13
7211,6938,Classic,99708.28,0.314,31308.4,Closed,2021-11-01
7212,8638,Classic,72200.49,0.13,9386.06,Blocked,2025-02-22
7213,958,Signature,990479.84,0.539,533868.63,Blocked,2024-05-19
7214,506,Gold,195363.5,0.021,4102.63,Blocked,2022-12-13
7215,1635,Platinum,595087.61,0.317,188642.77,Blocked,2022-01-26
7216,3596,Platinum,493196.48,0.179,88282.17,Blocked,2024-02-27
7217,2668,Gold,259016.39,0.187,48436.06,Active,2023-11-16
7218,3064,Platinum,524238.55,0.287,150456.46,Active,2022-04-17
7219,9280,Gold,322806.33,0.544,175606.64,Active,2025-11-13
7220,295,Gold,218078.31,0.381,83087.84,Active,2022-09-25
7221,5206,Gold,208112.46,0.004,832.45,Active,2023-05-18
7222,956,Gold,218966.34,0.214,46858.8,Active,2022-01-16
7223,4615,Classic,114769.64,0.253,29036.72,Active,2021-05-17
7224,5937,Classic,94176.87,0.254,23920.92,Closed,2023-04-28
7225,9965,Platinum,591119.15,0.141,83347.8,Active,2022-10-12
7226,1378,Signature,870538.0,0.289,251585.48,Active,2021-06-18
7227,6980,Classic,94613.05,0.405,38318.29,Blocked,2021-03-07
7228,7379,Platinum,422455.22,0.483,204045.87,Closed,2023-12-28
7229,9839,Signature,1125348.12,0.256,288089.12,Active,2022-07-21
7230,9308,Platinum,567897.53,0.029,16469.03,Blocked,2022-03-17
7231,3203,Signature,1286579.84,0.211,271468.35,Active,2025-07-08
7232,4623,Gold,281235.89,0.556,156367.15,Active,2025-05-07
7233,199,Classic,126476.48,0.169,21374.53,Active,2021-09-29
7234,1282,Platinum,359642.92,0.187,67253.23,Active,2023-04-22
7235,9147,Platinum,510210.33,0.084,42857.67,Active,2025-12-11
7236,6495,Gold,191342.03,0.613,117292.66,Active,2021-04-04
7237,5543,Gold,297992.41,0.612,182371.35,Active,2025-09-15
7238,8184,Signature,1211246.12,0.078,94477.2,Active,2025-08-14
7239,6659,Gold,255447.89,0.257,65650.11,Blocked,2024-11-11
7240,6593,Platinum,397597.81,0.127,50494.92,Active,2023-04-04
7241,9088,Gold,210501.67,0.408,85884.68,Closed,2024-11-12
7242,5989,Gold,261982.65,0.187,48990.76,Blocked,2024-12-15
7243,6280,Classic,98428.62,0.094,9252.29,Active,2024-06-21
7244,5558,Signature,956096.24,0.243,232331.39,Blocked,2023-01-07
7245,2730,Platinum,575299.46,0.173,99526.81,Closed,2025-04-16
7246,2427,Signature,1106319.79,0.425,470185.91,Active,2024-01-28
7247,5051,Gold,302287.33,0.122,36879.05,Active,2023-07-12
7248,8617,Classic,125029.27,0.268,33507.84,Active,2021-05-14
7249,6309,Signature,1109508.13,0.272,301786.21,Blocked,2023-02-05
7250,7493,Classic,97004.02,0.299,29004.2,Blocked,2023-04-25
7251,1526,Platinum,468935.58,0.074,34701.23,Closed,2025-07-31
7252,2142,Classic,86971.74,0.105,9132.03,Active,2022-12-30
7253,7048,Gold,175609.28,0.301,52858.39,Active,2023-11-22
7254,2402,Gold,267674.75,0.634,169705.79,Active,2021-02-27
7255,6815,Gold,196659.1,0.661,129991.67,Closed,2024-03-07
7256,8879,Signature,1216679.87,0.379,461121.67,Active,2021-07-04
7257,7924,Classic,96049.55,0.256,24588.68,Active,2022-07-22
7258,3785,Gold,182597.63,0.586,107002.21,Active,2024-04-15
7259,1609,Gold,199270.09,0.171,34075.19,Blocked,2021-02-09
7260,6872,Gold,255165.82,0.173,44143.69,Active,2024-11-04
7261,1341,Signature,1064318.13,0.196,208606.35,Active,2023-02-06
7262,2307,Classic,122950.78,0.277,34057.37,Active,2023-09-16
7263,601,Gold,289773.03,0.329,95335.33,Active,2024-04-17
7264,2946,Platinum,538705.42,0.289,155685.87,Blocked,2022-07-12
7265,4452,Signature,773884.53,0.022,17025.46,Active,2025-08-14
7266,4203,Signature,754329.34,0.14,105606.11,Blocked,2022-11-26
7267,8405,Platinum,358598.45,0.3,107579.54,Blocked,2022-04-19
7268,5931,Gold,301348.17,0.253,76241.09,Active,2022-07-23
7269,730,Signature,1251997.68,0.301,376851.3,Active,2023-07-17
7270,1324,Signature,861385.08,0.355,305791.7,Active,2023-04-02
7271,1109,Signature,1215190.43,0.265,322025.46,Closed,2023-10-27
7272,8239,Classic,75893.43,0.126,9562.57,Active,2025-10-06
7273,2569,Signature,783861.74,0.142,111308.37,Active,2025-12-27
7274,199,Gold,263848.09,0.327,86278.33,Active,2022-11-07
7275,6787,Platinum,604242.4,0.177,106950.9,Active,2024-03-09
7276,2307,Gold,304998.39,0.251,76554.6,Blocked,2023-09-16
7277,1891,Platinum,524656.08,0.408,214059.68,Active,2025-03-24
7278,9022,Platinum,607836.47,0.293,178096.09,Active,2023-01-06
7279,7256,Classic,96453.73,0.522,50348.85,Active,2025-08-12
7280,1782,Signature,739517.65,0.367,271402.98,Active,2022-03-09
7281,3259,Gold,277433.72,0.177,49105.77,Blocked,2025-04-22
7282,2562,Signature,1102872.7,0.27,297775.63,Closed,2021-03-10
7283,2575,Platinum,583993.62,0.411,240021.38,Closed,2022-05-06
7284,1137,Gold,275608.07,0.158,43546.08,Closed,2025-03-31
7285,7314,Classic,128891.82,0.495,63801.45,Active,2023-11-25
7286,2046,Signature,1062137.98,0.14,148699.32,Active,2022-01-30
7287,9439,Platinum,619873.61,0.354,219435.26,Blocked,2021-10-03
7288,9794,Signature,899061.47,0.057,51246.5,Active,2025-08-10
7289,7243,Platinum,446668.0,0.24,107200.32,Active,2025-05-04
7290,7309,Gold,211420.46,0.168,35518.64,Active,2024-09-01
7291,436,Classic,73330.42,0.281,20605.85,Active,2025-11-04
7292,3535,Platinum,645741.84,0.499,322225.18,Blocked,2022-05-05
7293,4325,Gold,303042.59,0.539,163339.96,Blocked,2021-02-12
7294,637,Gold,227899.91,0.277,63128.28,Active,2024-07-26
7295,7051,Platinum,548582.71,0.357,195844.03,Closed,2023-04-22
7296,7143,Classic,92883.75,0.235,21827.68,Active,2021-03-13
7297,9400,Platinum,607062.19,0.107,64955.65,Blocked,2025-01-27
7298,2713,Gold,296827.84,0.387,114872.37,Active,2023-07-19
7299,3578,Gold,207753.49,0.114,23683.9,Active,2024-06-06
7300,7687,Gold,248850.56,0.289,71917.81,Active,2024-05-06
7301,6570,Signature,1051191.11,0.154,161883.43,Active,2023-12-02
7302,5209,Platinum,565487.95,0.255,144199.43,Active,2022-04-26
7303,9742,Gold,237156.48,0.564,133756.25,Active,2021-05-19
7304,9705,Platinum,612546.63,0.28,171513.06,Closed,2024-02-29
7305,5699,Gold,285069.15,0.288,82099.92,Active,2025-05-21
7306,8139,Classic,84199.83,0.239,20123.76,Active,2025-02-06
7307,8143,Platinum,617219.79,0.072,44439.82,Active,2021-12-21
7308,8311,Platinum,404479.01,0.291,117703.39,Active,2024-01-23
7309,1975,Gold,250154.27,0.589,147340.87,Active,2021-01-02
7310,5513,Platinum,505641.63,0.327,165344.81,Closed,2022-05-10
7311,7091,Classic,120907.08,0.066,7979.87,Active,2025-09-05
7312,3320,Platinum,401870.74,0.472,189682.99,Active,2023-09-30
7313,7517,Platinum,359517.07,0.084,30199.43,Closed,2025-09-20
7314,2351,Platinum,572882.56,0.137,78484.91,Active,2022-03-28
7315,4821,Classic,83756.02,0.106,8878.14,Active,2021-04-09
7316,7739,Classic,124282.32,0.244,30324.89,Blocked,2022-05-10
7317,7004,Platinum,374500.1,0.343,128453.53,Blocked,2022-07-16
7318,4257,Classic,70082.86,0.329,23057.26,Active,2021-01-07
7319,2455,Classic,117488.81,0.219,25730.05,Active,2021-01-25
7320,873,Platinum,385802.21,0.397,153163.48,Active,2023-07-01
7321,3740,Classic,93522.7,0.198,18517.49,Closed,2023-04-29
7322,5056,Signature,960603.04,0.275,264165.84,Active,2021-06-19
7323,5877,Platinum,628122.38,0.108,67837.22,Active,2023-12-18
7324,8414,Gold,221905.66,0.169,37502.06,Blocked,2024-05-05
7325,5801,Classic,82685.75,0.244,20175.32,Active,2021-01-07
7326,552,Gold,246273.14,0.168,41373.89,Closed,2024-01-03
7327,8938,Platinum,483919.86,0.209,101139.25,Active,2021-01-19
7328,1125,Classic,117304.33,0.395,46335.21,Active,2023-05-06
7329,9437,Platinum,632316.11,0.293,185268.62,Blocked,2022-10-28
7330,3126,Platinum,626920.27,0.215,134787.86,Active,2025-07-15
7331,7908,Platinum,453974.86,0.094,42673.64,Active,2024-11-13
7332,1475,Gold,294822.65,0.234,68988.5,Active,2021-10-20
7333,1961,Signature,883245.32,0.101,89207.78,Active,2025-07-09
7334,2230,Signature,970232.93,0.313,303682.91,Active,2023-04-12
7335,2213,Classic,98406.49,0.051,5018.73,Blocked,2021-04-14
7336,7548,Signature,978686.81,0.371,363092.81,Active,2023-10-27
7337,7579,Classic,114948.29,0.02,2298.97,Blocked,2025-10-24
7338,2088,Gold,282015.61,0.203,57249.17,Blocked,2023-05-14
7339,283,Signature,1141192.32,0.204,232803.23,Active,2023-10-19
7340,4675,Signature,770651.86,0.294,226571.65,Active,2024-04-12
7341,6019,Signature,1185279.21,0.167,197941.63,Blocked,2024-02-18
7342,1881,Classic,99328.99,0.2,19865.8,Active,2023-12-01
7343,9490,Platinum,513659.33,0.367,188512.97,Blocked,2023-03-16
7344,4159,Platinum,548530.82,0.173,94895.83,Active,2024-10-10
7345,8289,Signature,786015.39,0.306,240520.71,Active,2024-02-11
7346,5587,Signature,864250.58,0.365,315451.46,Active,2022-01-25
7347,4127,Gold,230552.89,0.574,132337.36,Active,2023-01-05
7348,8381,Gold,298330.6,0.545,162590.18,Active,2021-09-24
7349,215,Classic,108419.18,0.509,55185.36,Active,2024-09-29
7350,5555,Classic,119175.15,0.191,22762.45,Active,2022-11-20
7351,1417,Platinum,594076.56,0.139,82576.64,Closed,2025-06-02
7352,8739,Classic,77304.23,0.363,28061.44,Blocked,2023-08-09
7353,4140,Gold,247647.38,0.046,11391.78,Active,2023-09-06
7354,8990,Gold,234767.13,0.241,56578.88,Active,2022-04-25
7355,4676,Signature,877702.21,0.483,423930.17,Closed,2024-06-13
7356,2845,Gold,253168.84,0.215,54431.3,Blocked,2024-11-25
7357,6310,Gold,215009.63,0.458,98474.41,Closed,2021-03-18
7358,5530,Classic,118765.77,0.503,59739.18,Blocked,2024-11-14
7359,3835,Signature,1116574.97,0.114,127289.55,Closed,2021-12-10
7360,7262,Signature,1076261.0,0.275,295971.78,Active,2023-09-12
7361,9150,Classic,125093.35,0.092,11508.59,Active,2025-03-20
7362,8976,Classic,113159.64,0.204,23084.57,Active,2021-06-28
7363,271,Platinum,510104.64,0.319,162723.38,Active,2021-04-26
7364,3321,Gold,271251.18,0.11,29837.63,Active,2023-06-14
7365,862,Gold,256159.08,0.477,122187.88,Closed,2024-04-21
7366,5904,Classic,76535.26,0.092,7041.24,Active,2021-04-18
7367,1263,Gold,224719.15,0.33,74157.32,Active,2021-10-06
7368,1228,Gold,281647.14,0.214,60272.49,Active,2025-11-20
7369,5118,Platinum,390245.87,0.211,82341.88,Closed,2022-08-24
7370,8148,Gold,276073.11,0.442,122024.31,Active,2024-09-04
7371,5407,Classic,118033.48,0.367,43318.29,Active,2022-11-26
7372,4155,Gold,293679.76,0.273,80174.57,Closed,2024-12-10
7373,335,Classic,73200.89,0.332,24302.7,Active,2021-03-01
7374,7703,Signature,1055115.59,0.365,385117.19,Active,2023-09-06
7375,1516,Platinum,359387.85,0.451,162083.92,Closed,2024-06-14
7376,8161,Signature,972019.15,0.555,539470.63,Active,2022-08-10
7377,4299,Signature,883371.39,0.531,469070.21,Blocked,2021-07-09
7378,9977,Classic,96802.44,0.481,46561.97,Active,2024-12-04
7379,2207,Platinum,629604.03,0.321,202102.89,Closed,2023-07-09
7380,7744,Signature,841319.68,0.342,287731.33,Active,2021-04-26
7381,9916,Gold,236014.65,0.114,26905.67,Closed,2023-04-12
7382,1026,Classic,85539.42,0.588,50297.18,Blocked,2024-07-23
7383,695,Signature,1058977.14,0.126,133431.12,Active,2024-06-09
7384,1829,Gold,228381.33,0.065,14844.79,Closed,2023-04-24
7385,4746,Classic,82516.86,0.119,9819.51,Active,2022-06-23
7386,2254,Classic,76444.69,0.325,24844.52,Active,2023-05-22
7387,4145,Signature,808277.57,0.199,160847.24,Blocked,2025-10-09
7388,4482,Platinum,408933.69,0.111,45391.64,Blocked,2022-01-12
7389,6877,Signature,1086909.66,0.201,218468.84,Active,2024-09-07
7390,6763,Platinum,557626.25,0.135,75279.54,Closed,2021-03-27
7391,6750,Gold,244157.2,0.287,70073.12,Active,2022-10-14
7392,9019,Signature,1243196.63,0.143,177777.12,Blocked,2022-09-25
7393,3353,Gold,243765.57,0.326,79467.58,Active,2023-11-22
7394,3741,Signature,1218688.1,0.08,97495.05,Active,2022-08-28
7395,7015,Classic,80493.05,0.201,16179.1,Active,2023-08-07
7396,4409,Classic,121297.72,0.329,39906.95,Blocked,2025-11-08
7397,5689,Gold,188484.56,0.438,82556.24,Active,2022-04-01
7398,6966,Platinum,499223.67,0.235,117317.56,Blocked,2023-09-17
7399,3121,Gold,257627.95,0.227,58481.54,Active,2025-12-11
7400,8240,Gold,222599.05,0.1,22259.9,Closed,2021-12-16
7401,8890,Classic,71868.21,0.136,9774.08,Blocked,2022-04-13
7402,9140,Classic,80438.9,0.148,11904.96,Active,2025-10-01
7403,3033,Signature,1053297.26,0.056,58984.65,Blocked,2025-09-13
7404,5733,Signature,816755.77,0.072,58806.42,Active,2021-04-28
7405,6065,Gold,186235.12,0.072,13408.93,Active,2024-05-14
7406,2632,Platinum,440767.62,0.457,201430.8,Active,2025-06-27
7407,7967,Gold,258033.3,0.146,37672.86,Closed,2021-03-02
7408,428,Gold,205293.69,0.195,40032.27,Closed,2022-08-09
7409,3867,Platinum,420271.18,0.41,172311.18,Active,2025-04-08
7410,8341,Gold,211139.7,0.207,43705.92,Active,2021-01-26
7411,6727,Classic,129787.71,0.354,45944.85,Blocked,2025-08-06
7412,9581,Gold,245543.91,0.368,90360.16,Active,2022-10-27
7413,5070,Gold,207233.41,0.237,49114.32,Active,2021-05-31
7414,6326,Platinum,448500.75,0.106,47541.08,Active,2025-04-01
7415,7863,Classic,97230.53,0.397,38600.52,Blocked,2022-08-25
7416,2743,Gold,259407.5,0.443,114917.52,Blocked,2022-09-03
7417,8801,Gold,234387.82,0.244,57190.63,Blocked,2023-12-23
7418,4404,Classic,127260.76,0.605,76992.76,Active,2022-03-13
7419,4334,Classic,96282.27,0.167,16079.14,Blocked,2021-06-28
7420,8183,Platinum,507578.7,0.134,68015.55,Active,2024-10-06
7421,1099,Gold,280599.69,0.305,85582.91,Active,2021-02-03
7422,4189,Gold,189046.11,0.415,78454.14,Blocked,2022-08-29
7423,9608,Signature,1277839.98,0.148,189120.32,Closed,2021-06-16
7424,7548,Classic,94328.13,0.162,15281.16,Active,2022-07-07
7425,6608,Classic,74287.67,0.135,10028.84,Active,2024-03-29
7426,1170,Classic,127502.94,0.438,55846.29,Active,2023-06-28
7427,2653,Platinum,380394.26,0.303,115259.46,Active,2022-03-06
7428,8415,Classic,74861.34,0.102,7635.86,Active,2021-06-17
7429,8559,Classic,97255.99,0.422,41042.03,Blocked,2024-08-27
7430,9493,Platinum,550841.28,0.121,66651.79,Closed,2025-04-15
7431,2368,Platinum,487691.04,0.269,131188.89,Closed,2023-08-18
7432,9408,Gold,319790.01,0.165,52765.35,Closed,2024-03-22
7433,5980,Gold,238011.63,0.174,41414.02,Active,2025-10-11
7434,3212,Classic,70951.55,0.091,6456.59,Blocked,2024-07-04
7435,6104,Gold,263343.64,0.072,18960.74,Closed,2021-05-04
7436,8637,Signature,1138130.21,0.403,458666.47,Closed,2024-10-12
7437,7140,Signature,747926.82,0.238,178006.58,Active,2021-07-10
7438,5699,Gold,245557.78,0.256,62862.79,Active,2022-11-03
7439,1226,Signature,1090576.89,0.152,165767.69,Active,2021-03-10
7440,7822,Gold,176659.72,0.36,63597.5,Active,2025-07-22
7441,9634,Platinum,466265.05,0.27,125891.56,Active,2025-06-09
7442,4892,Platinum,496301.66,0.208,103230.75,Active,2025-05-13
7443,9411,Platinum,463340.65,0.038,17606.94,Closed,2025-07-15
7444,3556,Gold,311927.31,0.301,93890.12,Closed,2024-02-11
7445,5903,Signature,1063453.99,0.28,297767.12,Active,2022-02-09
7446,7742,Platinum,419703.95,0.044,18466.97,Active,2022-06-10
7447,3231,Signature,752296.91,0.333,250514.87,Active,2025-07-31
7448,3879,Signature,978317.68,0.082,80222.05,Active,2025-03-08
7449,4681,Gold,321781.36,0.753,242301.36,Blocked,2025-05-12
7450,1407,Classic,123556.71,0.14,17297.94,Active,2023-09-28
7451,4146,Signature,717169.63,0.095,68131.11,Active,2023-05-09
7452,7863,Gold,227869.21,0.297,67677.16,Active,2022-12-03
7453,7652,Platinum,581189.69,0.107,62187.3,Blocked,2021-08-27
7454,5246,Signature,720744.74,0.145,104507.99,Active,2022-02-07
7455,5018,Platinum,497985.45,0.217,108062.84,Blocked,2022-11-26
7456,8602,Gold,290593.88,0.111,32255.92,Closed,2022-04-01
7457,3964,Gold,200586.01,0.275,55161.15,Closed,2021-07-23
7458,1646,Gold,222430.05,0.225,50046.76,Active,2023-07-16
7459,4442,Platinum,525851.49,0.474,249253.61,Closed,2025-01-06
7460,2968,Signature,831680.17,0.064,53227.53,Active,2025-10-17
7461,2433,Platinum,581991.64,0.4,232796.66,Active,2025-05-30
7462,3887,Platinum,615017.34,0.343,210950.95,Active,2025-07-25
7463,4651,Gold,225414.57,0.343,77317.2,Active,2022-02-14
7464,4283,Classic,76035.45,0.328,24939.63,Active,2022-08-15
7465,2567,Gold,246481.1,0.3,73944.33,Active,2024-11-30
7466,2376,Classic,98150.33,0.379,37198.98,Blocked,2021-06-20
7467,8687,Classic,92546.51,0.443,40998.1,Active,2021-12-23
7468,7948,Signature,1111429.29,0.047,52237.18,Active,2023-06-01
7469,9486,Signature,1184454.61,0.21,248735.47,Active,2024-01-10
7470,144,Platinum,485364.23,0.335,162597.02,Blocked,2024-11-03
7471,1802,Gold,256503.04,0.257,65921.28,Closed,2022-12-06
7472,2356,Gold,282629.11,0.144,40698.59,Active,2022-03-27
7473,3566,Platinum,436528.37,0.178,77702.05,Active,2022-07-15
7474,1921,Signature,827240.1,0.15,124086.01,Active,2022-08-01
7475,907,Classic,93572.97,0.222,20773.2,Active,2023-05-12
7476,9023,Signature,974750.24,0.517,503945.87,Active,2025-05-28
7477,2820,Platinum,513740.74,0.222,114050.44,Active,2024-08-28
7478,3945,Signature,727766.96,0.636,462859.79,Closed,2024-10-20
7479,102,Gold,222150.59,0.269,59758.51,Active,2023-10-02
7480,9265,Signature,788213.14,0.256,201782.56,Active,2021-11-16
7481,9622,Classic,101882.18,0.119,12123.98,Active,2022-10-29
7482,4123,Gold,252165.69,0.083,20929.75,Blocked,2023-01-24
7483,2049,Platinum,479871.97,0.264,126686.2,Active,2024-04-23
7484,8468,Platinum,353176.03,0.12,42381.12,Blocked,2023-04-01
7485,6375,Classic,73944.22,0.324,23957.93,Active,2021-08-28
7486,7782,Platinum,473034.01,0.359,169819.21,Blocked,2023-01-17
7487,8119,Gold,260641.99,0.28,72979.76,Active,2022-08-07
7488,6079,Classic,90278.33,0.284,25639.05,Blocked,2021-08-22
7489,5627,Platinum,505657.18,0.227,114784.18,Closed,2023-10-20
7490,2315,Classic,99702.04,0.279,27816.87,Active,2021-10-22
7491,3274,Classic,118688.54,0.232,27535.74,Blocked,2021-08-27
7492,4413,Classic,79729.73,0.217,17301.35,Blocked,2021-05-02
7493,9309,Platinum,481818.39,0.213,102627.32,Closed,2025-08-27
7494,5548,Signature,885676.05,0.204,180677.91,Closed,2022-08-28
7495,4514,Gold,304210.96,0.251,76356.95,Closed,2025-01-09
7496,4053,Gold,272596.21,0.214,58335.59,Active,2024-04-15
7497,8620,Classic,98937.83,0.439,43433.71,Closed,2024-07-02
7498,6405,Platinum,635424.21,0.543,345035.35,Active,2025-10-19
7499,5492,Gold,270842.4,0.205,55522.69,Active,2025-11-27
7500,3960,Signature,946187.99,0.255,241277.94,Closed,2024-10-03
7501,6690,Signature,1010276.19,0.438,442500.97,Active,2024-08-26
7502,3019,Platinum,414574.68,0.202,83744.09,Active,2022-08-11
7503,8621,Classic,101876.27,0.347,35351.07,Active,2024-12-09
7504,8654,Signature,1071614.82,0.374,400783.94,Active,2023-12-28
7505,3601,Gold,292106.73,0.171,49950.25,Closed,2024-08-10
7506,8463,Platinum,532893.87,0.324,172657.61,Closed,2024-10-10
7507,7022,Classic,102224.93,0.186,19013.84,Blocked,2023-01-12
7508,5831,Gold,236992.66,0.021,4976.85,Active,2021-05-06
7509,5977,Signature,1056399.82,0.138,145783.18,Active,2024-05-20
7510,1242,Classic,124884.42,0.287,35841.83,Active,2023-02-01
7511,5415,Classic,82566.11,0.272,22457.98,Closed,2021-11-27
7512,2480,Platinum,593361.8,0.741,439681.09,Active,2021-04-06
7513,9976,Gold,294519.95,0.283,83349.15,Closed,2023-11-21
7514,334,Platinum,565149.01,0.088,49733.11,Active,2022-08-25
7515,4381,Signature,720551.66,0.195,140507.57,Active,2024-07-22
7516,1129,Platinum,395915.61,0.345,136590.89,Active,2021-03-21
7517,5703,Signature,757324.34,0.314,237799.84,Active,2024-06-01
7518,7437,Gold,283857.8,0.354,100485.66,Closed,2022-12-23
7519,8737,Signature,1250676.45,0.147,183849.44,Closed,2021-09-27
7520,2397,Classic,114703.38,0.166,19040.76,Active,2023-10-16
7521,5448,Classic,78438.02,0.076,5961.29,Active,2024-07-26
7522,9469,Platinum,574243.83,0.648,372110.0,Active,2022-07-28
7523,3503,Classic,97284.31,0.15,14592.65,Active,2022-12-24
7524,2988,Classic,110271.88,0.062,6836.86,Active,2024-07-19
7525,176,Signature,1090950.46,0.085,92730.79,Blocked,2025-12-07
7526,4889,Signature,1004735.08,0.243,244150.62,Closed,2025-10-15
7527,4460,Gold,199685.01,0.378,75480.93,Active,2023-02-15
7528,3267,Signature,1197818.74,0.405,485116.59,Active,2021-10-21
7529,5417,Platinum,626876.36,0.148,92777.7,Active,2025-11-27
7530,8643,Classic,115247.3,0.515,59352.36,Closed,2022-06-28
7531,5609,Gold,190679.96,0.033,6292.44,Blocked,2021-11-02
7532,9141,Classic,118203.59,0.467,55201.08,Blocked,2021-04-28
7533,2664,Signature,1111397.07,0.248,275626.47,Active,2021-10-24
7534,4676,Platinum,437964.28,0.177,77519.68,Active,2024-12-19
7535,3786,Signature,836406.77,0.024,20073.76,Active,2021-02-22
7536,7736,Platinum,463365.2,0.289,133912.54,Blocked,2022-06-02
7537,4386,Platinum,629414.92,0.281,176865.59,Active,2023-03-26
7538,72,Gold,306370.46,0.155,47487.42,Active,2024-02-21
7539,8608,Signature,749375.94,0.131,98168.25,Active,2023-07-29
7540,1380,Signature,1028439.37,0.217,223171.34,Active,2024-02-15
7541,5849,Gold,176447.47,0.137,24173.3,Active,2023-02-21
7542,1647,Gold,248670.22,0.569,141493.36,Closed,2021-01-19
7543,2851,Signature,1185736.9,0.289,342677.96,Blocked,2022-07-30
7544,1383,Classic,119495.36,0.165,19716.73,Blocked,2025-07-13
7545,4667,Platinum,414046.89,0.218,90262.22,Active,2025-06-02
7546,639,Classic,121457.0,0.128,15546.5,Active,2024-07-07
7547,5768,Signature,1129242.34,0.55,621083.29,Blocked,2021-01-24
7548,1897,Classic,90944.36,0.225,20462.48,Blocked,2024-08-19
7549,4801,Gold,215389.48,0.569,122556.61,Active,2021-03-24
7550,145,Gold,322443.77,0.302,97378.02,Closed,2022-12-29
7551,7184,Platinum,385946.54,0.435,167886.74,Active,2024-11-12
7552,7003,Classic,89949.62,0.625,56218.51,Active,2021-08-13
7553,6408,Gold,304405.4,0.079,24048.03,Active,2022-03-19
7554,5006,Gold,294390.52,0.383,112751.57,Active,2025-08-31
7555,3199,Platinum,398023.26,0.41,163189.54,Active,2024-12-10
7556,59,Platinum,588768.1,0.178,104800.72,Active,2024-06-11
7557,5935,Platinum,515876.13,0.271,139802.43,Active,2022-06-05
7558,6224,Signature,1174174.85,0.367,430922.17,Closed,2022-05-17
7559,5677,Classic,102057.08,0.07,7144.0,Active,2025-05-19
7560,3772,Platinum,456547.29,0.344,157052.27,Active,2025-08-15
7561,219,Classic,99508.63,0.185,18409.1,Blocked,2022-11-03
7562,4323,Platinum,527147.34,0.339,178702.95,Active,2024-04-01
7563,8716,Signature,1291986.5,0.42,542634.33,Active,2025-07-30
7564,4805,Gold,241433.89,0.267,64462.85,Active,2024-04-21
7565,2512,Signature,723842.0,0.149,107852.46,Blocked,2022-05-08
7566,7913,Classic,128087.46,0.145,18572.68,Closed,2023-03-06
7567,7211,Signature,1042676.32,0.364,379534.18,Active,2024-02-06
7568,2392,Signature,1037027.27,0.65,674067.73,Active,2024-03-21
7569,2672,Platinum,449712.03,0.06,26982.72,Blocked,2022-12-30
7570,8881,Gold,248273.1,0.675,167584.34,Active,2023-10-15
7571,8424,Signature,826456.34,0.213,176035.2,Closed,2021-09-03
7572,4469,Platinum,563889.63,0.061,34397.27,Blocked,2023-02-27
7573,4837,Gold,247633.3,0.074,18324.86,Active,2025-12-16
7574,9046,Signature,923355.66,0.348,321327.77,Active,2022-04-14
7575,7938,Gold,273643.78,0.235,64306.29,Active,2024-09-12
7576,9589,Classic,123212.36,0.282,34745.89,Active,2024-09-29
7577,4134,Signature,831542.91,0.149,123899.89,Active,2025-11-14
7578,5048,Gold,317073.96,0.331,104951.48,Active,2025-02-27
7579,1388,Classic,98235.97,0.447,43911.48,Blocked,2024-02-19
7580,1196,Platinum,501381.63,0.355,177990.48,Active,2023-11-12
7581,7411,Gold,253431.18,0.217,54994.57,Active,2022-05-18
7582,5557,Signature,1204517.88,0.315,379423.13,Blocked,2022-03-01
7583,9550,Platinum,590506.41,0.304,179513.95,Active,2024-04-13
7584,8534,Classic,114651.61,0.099,11350.51,Active,2023-03-31
7585,2025,Classic,111693.75,0.41,45794.44,Closed,2022-08-06
7586,909,Platinum,515130.43,0.301,155054.26,Active,2024-01-21
7587,5168,Classic,77297.51,0.612,47306.08,Active,2023-11-14
7588,9036,Classic,73736.44,0.125,9217.06,Active,2021-06-30
7589,8250,Signature,754645.69,0.587,442977.02,Active,2023-05-07
7590,5914,Classic,126156.67,0.285,35954.65,Blocked,2023-12-24
7591,247,Platinum,380340.81,0.297,112961.22,Active,2025-03-20
7592,6892,Classic,104742.49,0.499,52266.5,Closed,2024-10-05
7593,2346,Gold,299440.16,0.063,18864.73,Closed,2024-05-01
7594,4657,Gold,192070.71,0.13,24969.19,Active,2024-10-06
7595,9015,Platinum,455744.63,0.179,81578.29,Active,2024-03-02
7596,9978,Gold,256611.96,0.281,72107.96,Blocked,2022-08-15
7597,6917,Gold,311421.9,0.222,69135.66,Blocked,2024-06-30
7598,840,Classic,80242.29,0.457,36670.73,Active,2024-10-15
7599,5479,Classic,105740.28,0.242,25589.15,Active,2025-05-17
7600,5755,Platinum,534535.14,0.186,99423.54,Active,2022-02-24
7601,804,Gold,301941.51,0.435,131344.56,Closed,2025-06-05
7602,8201,Platinum,449318.16,0.425,190960.22,Blocked,2023-10-29
7603,7793,Platinum,543294.01,0.217,117894.8,Closed,2024-07-19
7604,6900,Classic,81589.1,0.482,39325.95,Active,2024-01-15
7605,9882,Signature,933975.02,0.312,291400.21,Active,2024-11-01
7606,1351,Gold,205364.47,0.445,91387.19,Closed,2024-08-08
7607,2468,Classic,119872.02,0.339,40636.61,Active,2025-12-14
7608,3536,Signature,800292.44,0.054,43215.79,Active,2021-04-27
7609,3611,Signature,829887.62,0.207,171786.74,Blocked,2024-05-21
7610,3292,Gold,279080.47,0.162,45211.04,Active,2025-07-29
7611,6071,Platinum,532117.68,0.522,277765.43,Closed,2024-01-03
7612,1392,Gold,272718.68,0.236,64361.61,Closed,2023-01-19
7613,3418,Classic,83680.42,0.197,16485.04,Active,2025-11-24
7614,151,Classic,106888.52,0.395,42220.97,Active,2022-06-17
7615,1943,Gold,234595.27,0.665,156005.85,Active,2021-12-03
7616,4665,Gold,258294.24,0.349,90144.69,Active,2025-09-28
7617,7191,Gold,315941.41,0.171,54025.98,Closed,2021-11-19
7618,753,Classic,122177.67,0.251,30666.6,Active,2022-08-25
7619,1007,Classic,82921.01,0.516,42787.24,Blocked,2023-05-05
7620,6346,Platinum,535254.93,0.088,47102.43,Active,2025-03-10
7621,514,Classic,76715.3,0.468,35902.76,Blocked,2022-08-17
7622,4008,Signature,1212475.24,0.241,292206.53,Active,2022-12-24
7623,11,Gold,321457.97,0.286,91936.98,Blocked,2025-01-06
7624,9240,Signature,883367.95,0.207,182857.17,Blocked,2023-07-10
7625,7130,Gold,322272.67,0.224,72189.08,Active,2023-07-27
7626,6789,Signature,1098749.09,0.337,370278.44,Blocked,2022-01-06
7627,1996,Platinum,525070.45,0.421,221054.66,Closed,2021-12-08
7628,8000,Signature,989732.7,0.206,203884.94,Active,2022-10-25
7629,3836,Signature,1091408.12,0.241,263029.36,Blocked,2025-03-10
7630,6555,Classic,94894.91,0.503,47732.14,Active,2025-01-01
7631,1382,Gold,275142.89,0.222,61081.72,Active,2024-03-10
7632,6022,Classic,97670.64,0.409,39947.29,Active,2024-03-02
7633,3726,Gold,260995.63,0.148,38627.35,Closed,2024-09-03
7634,2572,Signature,858314.3,0.22,188829.15,Active,2024-12-23
7635,734,Classic,124496.44,0.238,29630.15,Closed,2021-12-24
7636,3924,Classic,126452.27,0.284,35912.44,Active,2023-12-29
7637,9134,Platinum,606312.36,0.63,381976.79,Active,2021-05-19
7638,6477,Gold,264384.98,0.281,74292.18,Blocked,2021-10-25
7639,2854,Signature,1180577.71,0.058,68473.51,Active,2024-01-21
7640,6764,Platinum,616415.54,0.318,196020.14,Active,2025-03-20
7641,7948,Signature,885263.89,0.225,199184.38,Blocked,2024-09-14
7642,7216,Platinum,524368.62,0.784,411105.0,Active,2021-12-28
7643,9171,Signature,1271374.21,0.808,1027270.36,Active,2024-11-25
7644,6072,Platinum,452761.1,0.379,171596.46,Active,2021-11-16
7645,9986,Gold,266133.7,0.641,170591.7,Active,2023-07-28
7646,7507,Classic,106811.03,0.302,32256.93,Blocked,2025-01-06
7647,1523,Platinum,444786.94,0.176,78282.5,Blocked,2023-04-17
7648,6829,Classic,81856.03,0.491,40191.31,Active,2021-02-21
7649,2836,Signature,709518.0,0.253,179508.05,Blocked,2021-04-05
7650,7049,Platinum,587868.75,0.201,118161.62,Active,2025-05-01
7651,7975,Classic,81489.56,0.042,3422.56,Closed,2021-04-03
7652,8359,Gold,176766.86,0.176,31110.97,Blocked,2024-01-14
7653,2080,Signature,1099790.04,0.296,325537.85,Active,2022-03-19
7654,2150,Gold,244437.12,0.16,39109.94,Active,2021-07-02
7655,644,Classic,114423.1,0.354,40505.78,Active,2025-06-28
7656,7449,Signature,845936.43,0.097,82055.83,Closed,2023-06-05
7657,7982,Signature,1190790.9,0.227,270309.53,Active,2022-06-13
7658,9327,Platinum,468606.9,0.7,328024.83,Active,2021-11-10
7659,5805,Platinum,499777.86,0.149,74466.9,Active,2025-10-18
7660,6837,Gold,214906.29,0.181,38898.04,Blocked,2025-12-21
7661,6990,Platinum,599863.72,0.3,179959.12,Active,2021-06-05
7662,3210,Gold,197376.97,0.204,40264.9,Closed,2023-07-21
7663,6099,Gold,323557.64,0.29,93831.72,Active,2025-11-23
7664,480,Platinum,534346.44,0.245,130914.88,Blocked,2024-05-08
7665,7128,Classic,111625.05,0.328,36613.02,Active,2021-04-23
7666,6222,Gold,287422.54,0.191,54897.71,Closed,2022-12-25
7667,6472,Signature,771745.59,0.274,211458.29,Active,2023-07-30
7668,2456,Classic,126008.51,0.165,20791.4,Active,2025-12-29
7669,162,Platinum,354744.22,0.368,130545.87,Closed,2023-08-26
7670,9330,Classic,72303.66,0.289,20895.76,Active,2021-04-08
7671,7643,Classic,75366.56,0.126,9496.19,Active,2024-05-22
7672,904,Platinum,373300.09,0.469,175077.74,Active,2021-12-23
7673,962,Gold,177622.22,0.461,81883.84,Active,2022-07-19
7674,7685,Gold,208140.54,0.151,31429.22,Closed,2025-05-28
7675,2736,Platinum,640717.57,0.158,101233.38,Active,2022-03-09
7676,3899,Signature,1281434.34,0.18,230658.18,Active,2023-11-18
7677,2484,Platinum,605045.29,0.39,235967.66,Active,2022-09-22
7678,2091,Classic,83587.39,0.456,38115.85,Closed,2021-03-21
7679,9759,Classic,90719.44,0.231,20956.19,Active,2025-01-19
7680,6910,Gold,185550.68,0.032,5937.62,Blocked,2023-03-10
7681,4676,Classic,118943.35,0.168,19982.48,Active,2024-04-01
7682,2545,Platinum,597728.09,0.517,309025.42,Closed,2025-11-26
7683,2943,Gold,201563.28,0.315,63492.43,Active,2024-07-13
7684,8496,Classic,101166.24,0.192,19423.92,Active,2025-08-16
7685,122,Platinum,598396.2,0.366,219013.01,Blocked,2022-10-19
7686,9432,Classic,119253.52,0.338,40307.69,Blocked,2023-05-05
7687,3584,Platinum,596693.38,0.271,161703.91,Closed,2023-09-10
7688,5388,Classic,105710.28,0.365,38584.25,Closed,2023-01-26
7689,3747,Classic,99000.18,0.381,37719.07,Active,2025-05-14
7690,5089,Classic,76607.65,0.44,33707.37,Active,2022-08-01
7691,4105,Gold,256613.1,0.064,16423.24,Closed,2022-01-23
7692,7579,Classic,119358.36,0.304,36284.94,Blocked,2023-04-20
7693,226,Classic,77222.55,0.306,23630.1,Active,2023-09-21
7694,8737,Gold,204905.1,0.346,70897.16,Blocked,2022-01-25
7695,907,Classic,98747.59,0.52,51348.75,Active,2024-04-30
7696,7865,Signature,1278053.89,0.197,251776.62,Active,2025-06-08
7697,8594,Signature,700839.91,0.269,188525.94,Active,2023-08-31
7698,3574,Classic,71746.6,0.156,11192.47,Closed,2021-08-01
7699,3833,Classic,83476.13,0.465,38816.4,Blocked,2021-06-25
7700,1923,Platinum,538170.77,0.459,247020.38,Active,2023-02-16
7701,1180,Platinum,464366.4,0.163,75691.72,Blocked,2024-01-23
7702,7199,Gold,212754.93,0.48,102122.37,Active,2023-01-21
7703,2196,Classic,115392.0,0.06,6923.52,Closed,2021-05-20
7704,9925,Classic,93462.4,0.288,26917.17,Blocked,2023-08-28
7705,674,Gold,234087.84,0.212,49626.62,Blocked,2021-10-14
7706,904,Signature,1007026.85,0.206,207447.53,Active,2022-07-05
7707,5337,Signature,997388.62,0.089,88767.59,Blocked,2023-01-26
7708,3065,Classic,108967.41,0.183,19941.04,Active,2023-04-27
7709,5814,Classic,70005.86,0.528,36963.09,Active,2023-08-22
7710,2722,Platinum,417052.67,0.415,173076.86,Active,2022-05-12
7711,3594,Gold,218367.38,0.296,64636.74,Active,2022-03-02
7712,8102,Classic,113488.38,0.246,27918.14,Blocked,2023-12-04
7713,7454,Gold,249076.03,0.444,110589.76,Active,2024-01-15
7714,815,Platinum,376692.62,0.55,207180.94,Closed,2024-03-02
7715,7717,Signature,1166883.9,0.185,215873.52,Active,2023-05-20
7716,3979,Gold,199727.63,0.572,114244.2,Active,2024-10-30
7717,3601,Signature,838727.86,0.411,344717.15,Active,2022-02-05
7718,8194,Platinum,399663.99,0.131,52355.98,Active,2024-10-28
7719,5120,Classic,101438.3,0.49,49704.77,Blocked,2023-08-25
7720,2746,Gold,279667.53,0.124,34678.77,Blocked,2024-10-29
7721,3017,Gold,319079.4,0.313,99871.85,Closed,2025-05-22
7722,2478,Gold,291949.48,0.037,10802.13,Active,2025-12-22
7723,4735,Classic,84019.67,0.075,6301.48,Blocked,2024-07-28
7724,6189,Classic,96046.77,0.188,18056.79,Closed,2024-02-22
7725,6342,Classic,124933.7,0.133,16616.18,Active,2021-05-27
7726,2674,Classic,73968.92,0.515,38093.99,Blocked,2021-01-12
7727,3996,Classic,84507.93,0.252,21296.0,Blocked,2022-10-19
7728,2446,Classic,128484.28,0.333,42785.27,Active,2023-08-04
7729,5895,Platinum,454667.9,0.438,199144.54,Active,2024-11-04
7730,6050,Classic,94272.41,0.231,21776.93,Active,2025-01-25
7731,2940,Classic,85736.23,0.34,29150.32,Closed,2025-05-15
7732,5335,Gold,235458.77,0.29,68283.04,Active,2023-07-17
7733,2930,Signature,1284943.5,0.29,372633.61,Closed,2023-06-02
7734,9732,Signature,1149633.16,0.146,167846.44,Active,2024-06-14
7735,7114,Gold,294067.74,0.22,64694.9,Blocked,2022-04-19
7736,7221,Platinum,530465.07,0.176,93361.85,Active,2025-06-28
7737,2183,Platinum,570590.16,0.198,112976.85,Closed,2024-08-16
7738,1928,Gold,293480.02,0.322,94500.57,Active,2022-05-30
7739,4398,Classic,97961.14,0.223,21845.33,Blocked,2021-11-15
7740,2937,Signature,766900.34,0.267,204762.39,Active,2022-08-08
7741,4793,Platinum,586088.9,0.394,230919.03,Active,2022-10-08
7742,9097,Signature,1140131.95,0.106,120853.99,Blocked,2021-08-27
7743,8591,Platinum,576302.98,0.294,169433.08,Active,2025-10-06
7744,2351,Classic,125654.06,0.368,46240.69,Closed,2024-05-13
7745,526,Gold,232596.38,0.217,50473.41,Active,2023-05-01
7746,6749,Platinum,574349.44,0.586,336568.77,Active,2023-08-23
7747,6029,Gold,211915.07,0.109,23098.74,Blocked,2021-04-09
7748,3002,Platinum,354762.37,0.378,134100.18,Active,2024-08-22
7749,6521,Gold,259719.58,0.237,61553.54,Blocked,2023-04-17
7750,5115,Gold,276688.24,0.058,16047.92,Active,2023-07-20
7751,7297,Platinum,409788.71,0.13,53272.53,Blocked,2025-10-12
7752,7049,Gold,252714.18,0.485,122566.38,Blocked,2022-09-07
7753,5147,Signature,747826.74,0.53,396348.17,Active,2025-08-22
7754,4682,Gold,227036.41,0.326,74013.87,Active,2022-03-07
7755,9870,Classic,80055.28,0.482,38586.64,Active,2025-06-25
7756,1156,Gold,216996.22,0.06,13019.77,Active,2024-06-02
7757,1793,Signature,1185818.56,0.226,267994.99,Closed,2023-06-29
7758,8101,Gold,192936.43,0.096,18521.9,Active,2022-05-02
7759,2128,Signature,1129985.92,0.052,58759.27,Closed,2022-03-20
7760,8967,Classic,86530.58,0.205,17738.77,Blocked,2022-03-10
7761,1544,Signature,962049.16,0.555,533937.28,Blocked,2024-05-08
7762,4835,Platinum,430073.95,0.276,118700.41,Active,2024-01-27
7763,2503,Signature,1272346.29,0.286,363891.04,Active,2021-01-08
7764,1091,Gold,213027.71,0.397,84572.0,Active,2021-02-15
7765,8755,Classic,106116.75,0.111,11778.96,Active,2022-07-27
7766,7897,Signature,1183310.89,0.359,424808.61,Blocked,2022-04-13
7767,4507,Signature,1234514.14,0.54,666637.64,Closed,2021-02-03
7768,34,Signature,812549.61,0.314,255140.58,Blocked,2023-07-16
7769,2680,Gold,232418.49,0.073,16966.55,Closed,2022-08-06
7770,4585,Platinum,632259.54,0.318,201058.53,Active,2021-08-27
7771,4759,Platinum,490484.28,0.185,90739.59,Active,2023-09-29
7772,2281,Platinum,636701.56,0.139,88501.52,Closed,2022-06-20
7773,8417,Classic,93491.26,0.19,17763.34,Blocked,2023-04-19
7774,6152,Platinum,350260.08,0.406,142205.59,Active,2021-03-19
7775,7966,Signature,1030043.8,0.331,340944.5,Blocked,2023-02-09
7776,9519,Gold,292816.24,0.141,41287.09,Blocked,2025-01-13
7777,5122,Gold,314691.33,0.156,49091.85,Active,2025-03-28
7778,9830,Gold,320445.38,0.147,47105.47,Closed,2025-12-26
7779,3195,Classic,76749.61,0.18,13814.93,Active,2023-06-25
7780,1486,Gold,317931.65,0.469,149109.94,Active,2022-07-19
7781,1016,Classic,110913.22,0.611,67767.98,Active,2023-03-30
7782,1796,Platinum,646140.67,0.23,148612.35,Closed,2022-12-18
7783,8659,Platinum,405802.79,0.287,116465.4,Active,2021-08-24
7784,8667,Signature,1003167.57,0.298,298943.94,Active,2021-02-23
7785,9567,Platinum,605387.31,0.418,253051.9,Active,2024-05-24
7786,3395,Signature,778298.61,0.44,342451.39,Blocked,2023-01-19
7787,3552,Classic,99907.26,0.087,8691.93,Active,2025-09-06
7788,672,Gold,225605.04,0.547,123405.96,Active,2021-09-18
7789,9152,Signature,950214.38,0.038,36108.15,Blocked,2025-04-13
7790,1657,Classic,88286.42,0.501,44231.5,Blocked,2022-10-25
7791,7734,Signature,826840.41,0.312,257974.21,Closed,2021-12-31
7792,5665,Classic,96141.16,0.094,9037.27,Closed,2025-11-14
7793,7716,Platinum,547806.65,0.245,134212.63,Blocked,2021-05-24
7794,8472,Gold,230859.29,0.152,35090.61,Active,2025-06-24
7795,5308,Signature,1005647.18,0.316,317784.51,Active,2021-12-15
7796,8751,Gold,307636.06,0.222,68295.21,Blocked,2024-06-22
7797,4417,Platinum,551329.68,0.214,117984.55,Active,2023-12-25
7798,5310,Gold,324217.24,0.552,178967.92,Closed,2023-08-01
7799,6117,Gold,190990.34,0.685,130828.38,Active,2025-07-09
7800,3953,Gold,192878.8,0.408,78694.55,Active,2024-10-31
7801,6272,Signature,1213612.71,0.348,422337.22,Closed,2024-06-17
7802,1010,Gold,230349.38,0.258,59430.14,Active,2023-10-29
7803,9952,Platinum,620322.04,0.552,342417.77,Active,2023-12-15
7804,7107,Classic,113453.27,0.515,58428.43,Active,2023-03-29
7805,8621,Signature,864716.1,0.303,262008.98,Active,2025-09-28
7806,3223,Platinum,387368.33,0.413,159983.12,Blocked,2021-02-11
7807,4937,Signature,1063985.54,0.19,202157.25,Active,2023-06-21
7808,4345,Signature,930045.12,0.027,25111.22,Closed,2021-04-11
7809,2136,Classic,102343.97,0.454,46464.16,Closed,2024-09-18
7810,4769,Platinum,355075.98,0.486,172566.93,Closed,2022-04-03
7811,9798,Gold,269703.83,0.27,72820.03,Blocked,2024-03-10
7812,5381,Signature,1298376.06,0.2,259675.21,Active,2025-02-09
7813,5057,Classic,115212.13,0.495,57030.0,Active,2023-10-02
7814,5354,Gold,283467.63,0.493,139749.54,Active,2021-12-19
7815,196,Platinum,494457.33,0.468,231406.03,Active,2023-10-30
7816,706,Platinum,356308.16,0.253,90145.96,Active,2021-06-29
7817,261,Platinum,565376.85,0.345,195055.01,Closed,2025-02-16
7818,9132,Gold,265478.56,0.154,40883.7,Active,2024-11-15
7819,638,Platinum,415510.2,0.127,52769.8,Active,2023-04-23
7820,7568,Platinum,520208.66,0.326,169588.02,Active,2025-03-12
7821,571,Signature,1054558.75,0.271,285785.42,Active,2021-01-26
7822,5959,Gold,267850.89,0.153,40981.19,Closed,2024-03-24
7823,7150,Gold,252685.24,0.178,44977.97,Active,2025-11-25
7824,5711,Gold,287095.71,0.605,173692.9,Active,2023-12-12
7825,3210,Signature,1186091.91,0.172,204007.81,Closed,2022-12-14
7826,9043,Signature,704443.75,0.256,180337.6,Blocked,2022-01-17
7827,3857,Platinum,565321.39,0.452,255525.27,Active,2023-08-19
7828,651,Gold,217659.83,0.503,109482.89,Active,2021-12-10
7829,998,Classic,85917.35,0.043,3694.45,Active,2023-04-24
7830,7392,Classic,107155.79,0.524,56149.63,Active,2024-04-08
7831,4020,Signature,1291788.71,0.352,454709.63,Blocked,2024-01-14
7832,1669,Platinum,513584.72,0.552,283498.77,Active,2021-07-16
7833,2838,Gold,270672.1,0.7,189470.47,Blocked,2022-02-09
7834,6033,Gold,225774.99,0.287,64797.42,Active,2022-01-26
7835,5842,Classic,75693.27,0.088,6661.01,Active,2025-12-01
7836,9304,Gold,324053.39,0.522,169155.87,Active,2022-09-23
7837,4281,Classic,107618.67,0.19,20447.55,Closed,2021-08-02
7838,8997,Signature,992708.95,0.08,79416.72,Active,2025-10-26
7839,9002,Signature,801071.11,0.207,165821.72,Active,2023-03-12
7840,5186,Platinum,531037.92,0.289,153469.96,Closed,2023-03-23
7841,6011,Signature,1168910.91,0.285,333139.61,Closed,2021-05-09
7842,7942,Classic,98448.75,0.175,17228.53,Closed,2025-01-15
7843,413,Classic,100847.23,0.438,44171.09,Active,2022-02-05
7844,5168,Gold,249101.45,0.402,100138.78,Active,2025-01-05
7845,9611,Signature,1202461.26,0.405,486996.81,Active,2024-04-17
7846,4179,Gold,175718.47,0.264,46389.68,Active,2024-01-02
7847,6249,Classic,102859.92,0.209,21497.72,Blocked,2023-06-27
7848,7164,Platinum,389174.85,0.457,177852.91,Blocked,2025-08-05
7849,3187,Signature,849509.39,0.283,240411.16,Active,2022-10-15
7850,9776,Classic,89604.4,0.327,29300.64,Blocked,2022-04-01
7851,9952,Platinum,602659.6,0.213,128366.49,Active,2025-08-26
7852,8699,Signature,862440.34,0.437,376886.43,Active,2025-12-13
7853,5991,Signature,975875.55,0.076,74166.54,Active,2025-08-27
7854,3858,Classic,121898.19,0.187,22794.96,Active,2024-03-07
7855,4971,Signature,1287242.23,0.483,621738.0,Active,2022-10-22
7856,377,Platinum,456176.59,0.041,18703.24,Blocked,2025-02-04
7857,5843,Gold,260990.86,0.677,176690.81,Active,2024-06-15
7858,3216,Platinum,505852.16,0.427,215998.87,Active,2023-06-28
7859,9507,Gold,285213.88,0.231,65884.41,Closed,2025-05-13
7860,913,Gold,253541.65,0.042,10648.75,Active,2024-10-18
7861,5262,Platinum,567025.65,0.083,47063.13,Blocked,2024-07-03
7862,6001,Platinum,355498.61,0.122,43370.83,Active,2025-08-15
7863,1726,Classic,106760.59,0.36,38433.81,Active,2023-04-18
7864,103,Gold,228795.72,0.101,23108.37,Active,2022-09-16
7865,2709,Platinum,607455.28,0.038,23083.3,Active,2023-02-21
7866,1372,Signature,1188204.46,0.646,767580.08,Active,2024-09-26
7867,850,Signature,774376.02,0.135,104540.76,Blocked,2025-08-16
7868,3074,Gold,260164.61,0.27,70244.44,Blocked,2022-11-17
7869,4874,Gold,319348.49,0.572,182667.34,Closed,2021-08-01
7870,5018,Signature,1183560.3,0.275,325479.08,Closed,2024-05-15
7871,7046,Gold,247991.62,0.142,35214.81,Active,2024-08-24
7872,3360,Platinum,401513.8,0.097,38946.84,Active,2023-02-18
7873,8084,Signature,892854.36,0.818,730354.87,Active,2023-11-09
7874,7186,Platinum,533445.38,0.436,232582.19,Active,2025-03-07
7875,6076,Gold,248654.5,0.3,74596.35,Active,2023-08-30
7876,4253,Classic,114000.22,0.108,12312.02,Closed,2023-03-15
7877,581,Gold,184990.93,0.292,54017.35,Blocked,2025-11-02
7878,8517,Platinum,491908.84,0.535,263171.23,Closed,2024-10-11
7879,7765,Signature,1026276.07,0.46,472086.99,Active,2024-11-07
7880,2369,Signature,1108792.34,0.215,238390.35,Active,2025-06-03
7881,3338,Platinum,586238.27,0.336,196976.06,Active,2021-02-14
7882,1750,Classic,126972.17,0.545,69199.83,Active,2021-07-02
7883,8867,Classic,70009.64,0.066,4620.64,Blocked,2024-08-30
7884,7027,Platinum,420166.41,0.065,27310.82,Active,2023-10-09
7885,4317,Gold,319040.33,0.513,163667.69,Blocked,2021-01-28
7886,9763,Platinum,402343.62,0.136,54718.73,Active,2022-05-02
7887,854,Signature,1105077.98,0.389,429875.33,Closed,2023-07-24
7888,6793,Platinum,571201.51,0.082,46838.52,Closed,2021-02-11
7889,5592,Signature,1081390.4,0.401,433637.55,Active,2023-01-23
7890,6690,Platinum,642978.82,0.115,73942.56,Active,2022-09-09
7891,8054,Platinum,630405.78,0.186,117255.48,Active,2023-07-29
7892,4184,Classic,117541.09,0.039,4584.1,Active,2021-04-21
7893,9236,Platinum,426673.67,0.502,214190.18,Active,2023-01-06
7894,254,Gold,194596.4,0.088,17124.48,Blocked,2025-02-03
7895,116,Signature,1079910.13,0.301,325052.95,Active,2022-05-04
7896,1613,Gold,277938.54,0.385,107006.34,Closed,2025-10-26
7897,8929,Signature,964958.97,0.037,35703.48,Blocked,2025-06-17
7898,3370,Signature,1231803.26,0.435,535834.42,Blocked,2023-02-21
7899,226,Platinum,463185.46,0.252,116722.74,Active,2023-03-08
7900,324,Classic,78856.68,0.129,10172.51,Active,2025-01-17
7901,6023,Platinum,595176.72,0.222,132129.23,Blocked,2022-04-05
7902,5955,Platinum,377700.45,0.584,220577.06,Active,2025-01-13
7903,1835,Gold,183526.4,0.19,34870.02,Blocked,2022-10-07
7904,6137,Gold,289729.3,0.242,70114.49,Active,2023-07-07
7905,5845,Signature,709676.25,0.07,49677.34,Active,2021-06-03
7906,3048,Signature,821889.05,0.155,127392.8,Active,2024-04-14
7907,2311,Classic,106542.49,0.273,29086.1,Active,2025-02-03
7908,1840,Signature,1296386.02,0.33,427807.39,Active,2021-03-09
7909,6278,Signature,706626.53,0.256,180896.39,Active,2021-07-09
7910,2766,Classic,77989.52,0.125,9748.69,Active,2024-09-01
7911,4566,Signature,822886.53,0.094,77351.33,Blocked,2025-08-14
7912,8970,Classic,126848.27,0.081,10274.71,Active,2024-06-23
7913,262,Platinum,420792.74,0.469,197351.8,Closed,2025-10-04
7914,8647,Classic,72804.22,0.208,15143.28,Closed,2022-07-23
7915,4872,Platinum,595843.06,0.126,75076.23,Blocked,2022-03-11
7916,526,Classic,99478.12,0.198,19696.67,Blocked,2023-11-11
7917,136,Gold,245761.46,0.425,104448.62,Closed,2025-12-10
7918,886,Gold,250304.89,0.148,37045.12,Active,2022-02-03
7919,9954,Classic,84522.77,0.124,10480.82,Closed,2024-09-19
7920,1913,Classic,74329.78,0.403,29954.9,Active,2022-04-02
7921,4423,Gold,320602.48,0.372,119264.12,Blocked,2022-10-31
7922,8885,Gold,221989.72,0.11,24418.87,Active,2023-10-01
7923,6394,Platinum,561841.01,0.423,237658.75,Active,2024-12-06
7924,1208,Platinum,478178.23,0.355,169753.27,Blocked,2023-11-18
7925,7032,Classic,105920.94,0.309,32729.57,Closed,2021-09-21
7926,8100,Platinum,456847.22,0.373,170404.01,Closed,2022-07-05
7927,5583,Signature,1043079.07,0.213,222175.84,Active,2023-03-31
7928,7612,Gold,276736.73,0.139,38466.41,Active,2023-12-14
7929,2505,Gold,272549.87,0.135,36794.23,Closed,2024-10-01
7930,5512,Signature,898401.11,0.196,176086.62,Active,2024-11-19
7931,1779,Gold,302010.4,0.28,84562.91,Closed,2024-08-29
7932,3124,Classic,88025.59,0.091,8010.33,Active,2022-05-30
7933,2419,Platinum,615327.18,0.109,67070.66,Active,2023-10-18
7934,9250,Gold,214772.18,0.137,29423.79,Active,2021-05-16
7935,8531,Gold,195915.69,0.387,75819.37,Blocked,2023-04-17
7936,579,Gold,281285.63,0.201,56538.41,Closed,2025-03-03
7937,4379,Platinum,525932.46,0.435,228780.62,Active,2022-04-07
7938,2266,Gold,211255.08,0.39,82389.48,Active,2025-11-13
7939,8154,Platinum,572779.89,0.074,42385.71,Active,2023-09-12
7940,880,Signature,755781.3,0.392,296266.27,Active,2025-05-16
7941,3994,Gold,297819.78,0.205,61053.05,Active,2023-06-08
7942,4312,Classic,112210.45,0.305,34224.19,Active,2024-11-19
7943,7740,Signature,968118.87,0.074,71640.8,Active,2021-10-17
7944,8129,Gold,311075.22,0.492,153049.01,Closed,2024-09-07
7945,4652,Signature,1026248.92,0.396,406394.57,Blocked,2021-10-14
7946,4956,Gold,265253.17,0.426,112997.85,Active,2021-11-22
7947,5796,Platinum,626348.3,0.522,326953.81,Active,2023-06-20
7948,4674,Classic,90698.08,0.104,9432.6,Closed,2024-02-21
7949,5205,Gold,265068.24,0.379,100460.86,Active,2024-06-16
7950,2001,Classic,77107.57,0.428,33002.04,Closed,2021-06-16
7951,861,Gold,251455.03,0.277,69653.04,Blocked,2025-02-26
7952,5676,Platinum,580401.87,0.09,52236.17,Active,2023-05-07
7953,2223,Signature,1180402.44,0.154,181781.98,Active,2021-11-27
7954,1171,Signature,1214627.37,0.388,471275.42,Active,2025-02-07
7955,9320,Signature,1107631.0,0.453,501756.84,Active,2025-05-17
7956,9029,Classic,96387.42,0.327,31518.69,Active,2025-02-24
7957,2227,Classic,118318.79,0.159,18812.69,Active,2023-10-27
7958,8334,Platinum,503907.77,0.348,175359.9,Active,2025-05-15
7959,6286,Platinum,353460.35,0.024,8483.05,Closed,2023-03-15
7960,1612,Classic,87220.46,0.361,31486.59,Active,2024-12-07
7961,7828,Signature,1072382.14,0.123,131903.0,Active,2022-02-09
7962,5446,Platinum,512856.04,0.567,290789.37,Active,2022-05-13
7963,9595,Signature,1068563.67,0.077,82279.4,Active,2025-09-22
7964,9804,Platinum,369039.94,0.162,59784.47,Active,2022-05-12
7965,4286,Platinum,365628.83,0.181,66178.82,Active,2024-06-16
7966,3026,Platinum,454927.96,0.423,192434.53,Blocked,2021-08-15
7967,7867,Classic,115407.21,0.279,32198.61,Active,2021-09-07
7968,155,Signature,852906.65,0.05,42645.33,Closed,2023-01-26
7969,5213,Platinum,419780.29,0.24,100747.27,Blocked,2025-04-11
7970,2942,Platinum,397228.74,0.315,125127.05,Closed,2022-11-02
7971,3135,Signature,1275299.55,0.245,312448.39,Active,2022-05-12
7972,1406,Classic,78823.35,0.474,37362.27,Active,2021-01-08
7973,881,Signature,781819.38,0.593,463618.89,Closed,2024-09-06
7974,9739,Platinum,382742.14,0.301,115205.38,Active,2023-07-04
7975,782,Signature,1064410.14,0.211,224590.54,Active,2023-05-21
7976,4225,Platinum,563160.6,0.198,111505.8,Active,2023-10-09
7977,556,Platinum,636944.22,0.142,90446.08,Active,2022-08-29
7978,8208,Classic,115598.71,0.313,36182.4,Active,2021-09-30
7979,7132,Platinum,400170.57,0.033,13205.63,Active,2021-05-21
7980,1193,Signature,1010860.32,0.428,432648.22,Active,2025-02-27
7981,7453,Gold,282941.8,0.527,149110.33,Active,2022-05-24
7982,4092,Classic,114353.77,0.327,37393.68,Active,2025-11-18
7983,8140,Gold,229288.88,0.224,51360.71,Blocked,2022-08-12
7984,4519,Gold,190839.26,0.179,34160.23,Active,2024-06-16
7985,656,Gold,263905.76,0.252,66504.25,Active,2024-11-26
7986,8224,Gold,259999.86,0.025,6500.0,Active,2022-06-04
7987,6129,Classic,121724.56,0.128,15580.74,Blocked,2022-01-19
7988,9165,Platinum,382316.74,0.651,248888.2,Closed,2025-02-23
7989,5070,Platinum,453018.03,0.137,62063.47,Closed,2022-09-16
7990,9798,Signature,1134032.44,0.378,428664.26,Active,2024-07-20
7991,9065,Classic,92588.25,0.08,7407.06,Active,2024-02-28
7992,7376,Signature,847295.48,0.131,110995.71,Active,2022-03-31
7993,917,Platinum,508632.07,0.344,174969.43,Active,2024-01-07
7994,6561,Platinum,367786.15,0.677,248991.22,Active,2023-12-07
7995,3270,Classic,125118.66,0.305,38161.19,Active,2021-02-09
7996,4604,Classic,82732.79,0.346,28625.55,Closed,2024-12-20
7997,577,Signature,739600.81,0.304,224838.65,Blocked,2023-11-20
7998,7533,Platinum,517414.62,0.076,39323.51,Blocked,2022-03-24
7999,9917,Platinum,397146.27,0.352,139795.49,Active,2025-09-01
8000,95,Signature,816329.41,0.069,56326.73,Active,2022-10-21
8001,6715,Platinum,400845.03,0.079,31666.76,Active,2022-06-09
8002,6310,Platinum,463438.76,0.031,14366.6,Active,2025-01-30
8003,7432,Gold,299261.07,0.446,133470.44,Active,2023-09-02
8004,1200,Classic,122563.24,0.104,12746.58,Closed,2025-12-16
8005,3915,Signature,1289234.23,0.204,263003.78,Closed,2022-05-01
8006,6640,Signature,737042.63,0.282,207846.02,Closed,2021-04-17
8007,9166,Signature,1051083.49,0.128,134538.69,Active,2024-07-03
8008,3699,Signature,1149861.93,0.273,313912.31,Closed,2021-11-24
8009,6664,Classic,114639.64,0.53,60759.01,Active,2025-09-06
8010,6238,Gold,211177.3,0.216,45614.3,Active,2024-07-14
8011,450,Classic,107920.41,0.385,41549.36,Active,2025-09-26
8012,6089,Signature,768034.41,0.218,167431.5,Blocked,2022-06-10
8013,6916,Signature,801991.91,0.384,307964.89,Closed,2023-06-09
8014,672,Classic,114052.06,0.293,33417.25,Closed,2023-08-01
8015,4148,Signature,1017569.19,0.111,112950.18,Closed,2023-02-14
8016,3189,Signature,755621.25,0.101,76317.75,Active,2022-06-28
8017,7996,Signature,1211279.54,0.169,204706.24,Active,2025-01-15
8018,982,Platinum,452638.92,0.195,88264.59,Active,2023-12-22
8019,8204,Gold,276354.61,0.541,149507.84,Active,2023-10-24
8020,4049,Classic,111914.15,0.51,57076.22,Closed,2022-08-04
8021,720,Signature,907477.42,0.122,110712.25,Active,2025-11-20
8022,280,Platinum,515936.17,0.068,35083.66,Active,2023-11-03
8023,8897,Signature,962119.91,0.298,286711.73,Closed,2025-09-19
8024,3216,Signature,804301.08,0.137,110189.25,Active,2021-11-08
8025,8677,Platinum,355100.76,0.31,110081.24,Active,2024-10-01
8026,5615,Classic,106437.04,0.209,22245.34,Active,2024-07-25
8027,7229,Signature,1155914.1,0.239,276263.47,Active,2023-01-31
8028,826,Signature,1041285.69,0.34,354037.13,Active,2022-08-28
8029,4644,Signature,1272260.17,0.414,526715.71,Closed,2023-08-26
8030,2891,Classic,95340.46,0.268,25551.24,Active,2023-08-21
8031,8665,Classic,107724.58,0.443,47721.99,Closed,2021-04-08
8032,7756,Platinum,431483.17,0.117,50483.53,Active,2023-01-09
8033,9247,Gold,281075.77,0.229,64366.35,Closed,2024-10-14
8034,370,Platinum,519501.9,0.42,218190.8,Active,2025-10-27
8035,4156,Classic,123350.53,0.017,2096.96,Blocked,2024-03-20
8036,6584,Classic,97302.16,0.426,41450.72,Active,2022-09-17
8037,346,Platinum,649157.15,0.374,242784.77,Active,2022-07-18
8038,4461,Platinum,411020.99,0.162,66585.4,Active,2021-01-04
8039,1891,Signature,756891.38,0.265,200576.22,Closed,2022-06-20
8040,8476,Gold,286321.64,0.344,98494.64,Active,2023-08-27
8041,4165,Signature,1115504.72,0.295,329073.89,Closed,2024-04-11
8042,7983,Classic,82715.7,0.205,16956.72,Active,2021-09-30
8043,7907,Gold,185837.46,0.393,73034.12,Closed,2023-10-04
8044,2380,Signature,1296694.77,0.294,381228.26,Active,2022-06-02
8045,4015,Signature,985337.01,0.195,192140.72,Active,2023-01-21
8046,8183,Classic,113530.97,0.384,43595.89,Closed,2022-12-13
8047,76,Gold,187867.38,0.045,8454.03,Active,2023-09-18
8048,895,Signature,859589.35,0.417,358448.76,Blocked,2023-02-12
8049,7827,Classic,112807.49,0.116,13085.67,Active,2024-12-04
8050,3465,Gold,248350.69,0.271,67303.04,Active,2021-10-28
8051,3281,Signature,742493.88,0.211,156666.21,Closed,2024-10-06
8052,3081,Platinum,629444.77,0.164,103228.94,Active,2025-01-11
8053,7172,Signature,1090831.07,0.109,118900.59,Blocked,2023-03-08
8054,6360,Gold,197505.13,0.343,67744.26,Active,2021-10-16
8055,9928,Gold,283695.98,0.379,107520.78,Blocked,2022-06-23
8056,631,Signature,1037919.2,0.511,530376.71,Active,2024-06-30
8057,3626,Signature,925239.55,0.507,469096.45,Active,2023-10-22
8058,5144,Platinum,389208.77,0.762,296577.08,Active,2024-10-12
8059,4151,Platinum,486955.84,0.13,63304.26,Blocked,2024-12-28
8060,1465,Classic,82771.49,0.209,17299.24,Active,2021-02-26
8061,1464,Gold,258585.29,0.286,73955.39,Blocked,2025-12-06
8062,1214,Classic,79983.46,0.266,21275.6,Active,2024-03-20
8063,2672,Platinum,385054.72,0.163,62763.92,Blocked,2024-01-18
8064,6954,Classic,113314.16,0.321,36373.85,Active,2024-06-04
8065,2730,Signature,707619.46,0.13,91990.53,Active,2021-04-18
8066,1127,Gold,214196.11,0.258,55262.6,Active,2024-12-13
8067,8986,Platinum,581787.11,0.051,29671.14,Active,2025-06-04
8068,6545,Signature,716628.62,0.395,283068.3,Blocked,2021-07-07
8069,5858,Platinum,559920.75,0.457,255883.78,Blocked,2025-05-25
8070,6561,Signature,944166.29,0.36,339899.86,Blocked,2021-01-07
8071,7299,Classic,115765.34,0.556,64365.53,Active,2025-07-20
8072,9323,Platinum,515098.77,0.099,50994.78,Active,2024-09-16
8073,9745,Signature,1026162.43,0.618,634168.38,Blocked,2025-01-26
8074,2007,Signature,775533.53,0.311,241190.93,Blocked,2024-05-26
8075,9409,Gold,286042.54,0.124,35469.27,Blocked,2023-04-01
8076,648,Platinum,598072.43,0.161,96289.66,Closed,2023-04-04
8077,2880,Platinum,503217.23,0.417,209841.58,Active,2021-04-05
8078,9042,Signature,979400.99,0.143,140054.34,Active,2025-01-30
8079,4680,Signature,1180234.33,0.136,160511.87,Closed,2025-12-21
8080,5778,Gold,290626.82,0.307,89222.43,Active,2025-07-15
8081,817,Classic,127731.53,0.473,60417.01,Active,2023-06-19
8082,7605,Platinum,501659.83,0.052,26086.31,Active,2024-01-21
8083,229,Gold,275370.0,0.453,124742.61,Active,2025-07-07
8084,5026,Signature,738626.25,0.267,197213.21,Active,2024-12-25
8085,6473,Gold,240127.36,0.116,27854.77,Active,2023-02-23
8086,1886,Gold,228314.46,0.091,20776.62,Closed,2025-12-05
8087,2346,Gold,315303.23,0.305,96167.49,Closed,2024-03-29
8088,7627,Gold,295696.14,0.8,236556.91,Active,2024-11-10
8089,2138,Signature,1145302.05,0.202,231351.01,Active,2023-09-18
8090,1407,Platinum,595493.6,0.331,197108.38,Active,2022-05-22
8091,9140,Classic,129562.85,0.145,18786.61,Active,2025-02-25
8092,3022,Gold,240051.58,0.236,56652.17,Active,2024-12-28
8093,8379,Platinum,496122.99,0.072,35720.86,Active,2024-05-17
8094,3367,Classic,78624.35,0.359,28226.14,Active,2023-04-05
8095,5948,Classic,72886.58,0.373,27186.69,Closed,2021-03-29
8096,312,Platinum,497699.53,0.446,221973.99,Blocked,2023-12-31
8097,2231,Classic,107711.8,0.678,73028.6,Closed,2024-10-08
8098,7462,Gold,278215.38,0.354,98488.24,Blocked,2021-08-07
8099,6622,Classic,89681.08,0.345,30939.97,Blocked,2022-03-19
8100,7109,Gold,250862.57,0.569,142740.8,Blocked,2024-10-13
8101,4864,Platinum,405626.3,0.275,111547.23,Closed,2025-12-22
8102,8675,Signature,1210344.03,0.248,300165.32,Blocked,2024-07-25
8103,1171,Signature,1282507.89,0.29,371927.29,Active,2025-04-06
8104,5588,Platinum,648405.51,0.15,97260.83,Closed,2023-10-04
8105,7623,Signature,867019.11,0.655,567897.52,Active,2021-02-08
8106,9773,Signature,1038376.57,0.299,310474.59,Blocked,2022-08-07
8107,5241,Platinum,615315.41,0.423,260278.42,Active,2023-06-28
8108,8151,Gold,287538.48,0.471,135430.62,Closed,2022-03-26
8109,6474,Classic,87125.68,0.336,29274.23,Blocked,2025-08-21
8110,9738,Platinum,530632.51,0.452,239845.89,Closed,2024-05-28
8111,8892,Platinum,435951.02,0.346,150839.05,Blocked,2022-07-31
8112,2805,Signature,1234720.52,0.334,412396.65,Closed,2021-11-03
8113,6987,Classic,78463.16,0.124,9729.43,Closed,2021-11-28
8114,4923,Signature,1283496.43,0.203,260549.78,Closed,2021-10-17
8115,4323,Gold,206648.47,0.019,3926.32,Active,2024-04-03
8116,2194,Classic,89100.76,0.238,21205.98,Active,2024-06-18
8117,2818,Platinum,454123.29,0.08,36329.86,Active,2023-05-18
8118,6923,Classic,118705.44,0.452,53654.86,Active,2024-11-10
8119,3081,Platinum,365700.78,0.25,91425.2,Active,2024-06-19
8120,5653,Platinum,567657.56,0.155,87986.92,Active,2021-01-10
8121,6106,Classic,104287.37,0.208,21691.77,Blocked,2021-08-29
8122,775,Signature,1264707.4,0.254,321235.68,Active,2021-06-28
8123,8321,Platinum,415559.91,0.046,19115.76,Blocked,2025-08-25
8124,8640,Signature,1047854.46,0.183,191757.37,Blocked,2021-12-04
8125,4016,Signature,842049.22,0.18,151568.86,Closed,2021-06-23
8126,2203,Signature,1025613.92,0.138,141534.72,Active,2025-11-05
8127,9820,Signature,1146593.28,0.332,380668.97,Active,2023-06-17
8128,6712,Platinum,620679.72,0.366,227168.78,Active,2025-09-30
8129,4258,Platinum,438488.93,0.138,60511.47,Blocked,2021-05-16
8130,3807,Platinum,446026.64,0.311,138714.29,Active,2021-06-17
8131,1674,Platinum,371665.22,0.378,140489.45,Active,2024-01-11
8132,9994,Gold,237185.64,0.692,164132.46,Active,2022-05-23
8133,875,Platinum,481064.31,0.41,197236.37,Active,2021-01-26
8134,6972,Signature,745593.83,0.448,334026.04,Blocked,2025-07-31
8135,6734,Signature,747411.78,0.222,165925.42,Closed,2025-08-25
8136,3582,Signature,934505.29,0.241,225215.77,Active,2024-06-19
8137,8669,Platinum,513091.28,0.236,121089.54,Closed,2022-08-27
8138,6157,Classic,77551.99,0.429,33269.8,Active,2025-02-14
8139,2115,Platinum,487352.33,0.316,154003.34,Active,2022-06-06
8140,2916,Classic,95260.78,0.561,53441.3,Blocked,2025-04-18
8141,5417,Classic,104906.41,0.268,28114.92,Blocked,2021-10-18
8142,5269,Classic,96790.9,0.275,26617.5,Blocked,2024-12-01
8143,8670,Gold,196668.07,0.133,26156.85,Closed,2025-11-02
8144,8877,Signature,846842.83,0.268,226953.88,Active,2022-04-25
8145,7533,Gold,261869.27,0.051,13355.33,Closed,2023-04-15
8146,4612,Classic,73423.4,0.08,5873.87,Active,2023-10-03
8147,8245,Signature,1055413.49,0.246,259631.72,Active,2023-05-24
8148,5978,Platinum,474605.84,0.073,34646.23,Active,2025-02-27
8149,1717,Gold,217504.72,0.347,75474.14,Blocked,2023-01-27
8150,8641,Classic,80523.28,0.4,32209.31,Closed,2025-04-04
8151,810,Signature,1235460.52,0.238,294039.6,Blocked,2023-05-12
8152,7511,Classic,119481.25,0.377,45044.43,Active,2025-06-08
8153,9155,Platinum,577208.92,0.3,173162.68,Blocked,2022-08-31
8154,5289,Platinum,636677.41,0.349,222200.42,Blocked,2024-10-04
8155,7664,Gold,220150.67,0.33,72649.72,Active,2025-04-18
8156,566,Platinum,588162.46,0.189,111162.7,Active,2024-07-09
8157,123,Classic,70774.26,0.346,24487.89,Active,2025-11-29
8158,6105,Gold,259111.27,0.169,43789.8,Active,2025-06-30
8159,9204,Gold,278350.31,0.125,34793.79,Active,2023-10-30
8160,1980,Signature,1052132.1,0.329,346151.46,Active,2025-08-17
8161,8011,Gold,209779.78,0.382,80135.88,Closed,2022-09-28
8162,3411,Platinum,646661.48,0.09,58199.53,Active,2024-06-14
8163,9988,Gold,244695.18,0.14,34257.33,Active,2022-06-26
8164,2119,Gold,319104.65,0.582,185718.91,Active,2021-05-05
8165,8784,Signature,1173424.38,0.101,118515.86,Active,2024-05-30
8166,5734,Classic,79590.38,0.065,5173.37,Active,2023-02-26
8167,6288,Platinum,648830.86,0.184,119384.88,Blocked,2022-03-27
8168,7246,Signature,1137340.76,0.376,427640.13,Closed,2024-02-26
8169,6483,Signature,933910.43,0.174,162500.41,Active,2023-10-10
8170,6707,Gold,189303.05,0.523,99005.5,Active,2021-08-04
8171,3571,Classic,77321.02,0.097,7500.14,Blocked,2023-12-19
8172,1938,Gold,302262.9,0.581,175614.74,Active,2022-02-15
8173,2371,Platinum,611117.15,0.171,104501.03,Blocked,2024-08-23
8174,3455,Classic,92651.28,0.196,18159.65,Closed,2025-01-22
8175,3804,Gold,283795.4,0.299,84854.82,Active,2023-02-14
8176,6065,Platinum,357007.22,0.242,86395.75,Active,2025-03-16
8177,9394,Signature,1012391.15,0.153,154895.85,Active,2025-09-12
8178,5153,Signature,1277248.26,0.314,401055.95,Closed,2022-07-02
8179,970,Platinum,575358.5,0.321,184690.08,Active,2025-08-17
8180,6305,Gold,250642.75,0.285,71433.18,Closed,2023-05-30
8181,3112,Classic,112239.68,0.329,36926.85,Active,2025-08-25
8182,2191,Classic,107641.68,0.334,35952.32,Active,2021-04-07
8183,7817,Signature,1268214.84,0.215,272666.19,Active,2022-07-08
8184,5301,Platinum,517236.85,0.548,283445.79,Closed,2023-05-28
8185,4784,Gold,193322.14,0.074,14305.84,Closed,2025-12-08
8186,2148,Classic,72490.58,0.316,22907.02,Active,2023-05-13
8187,7155,Gold,183003.78,0.263,48129.99,Active,2021-05-16
8188,5643,Signature,990307.28,0.512,507037.33,Active,2025-12-19
8189,9553,Gold,225662.4,0.161,36331.65,Active,2025-02-12
8190,5223,Classic,74968.32,0.183,13719.2,Closed,2025-04-16
8191,7153,Gold,247562.92,0.452,111898.44,Active,2024-09-14
8192,8860,Gold,227946.2,0.567,129245.5,Active,2022-08-10
8193,5328,Classic,79629.11,0.416,33125.71,Active,2023-02-22
8194,5879,Gold,270555.02,0.406,109845.34,Active,2024-11-07
8195,3596,Gold,302482.48,0.158,47792.23,Active,2025-05-06
8196,4686,Classic,112560.17,0.194,21836.67,Active,2025-12-15
8197,2088,Classic,118254.65,0.039,4611.93,Blocked,2022-04-03
8198,2552,Platinum,467091.28,0.215,100424.63,Closed,2024-04-16
8199,7572,Classic,104179.85,0.284,29587.08,Active,2022-09-28
8200,4197,Signature,863221.27,0.188,162285.6,Active,2023-07-31
8201,9704,Classic,85362.51,0.081,6914.36,Active,2023-11-05
8202,6704,Platinum,505236.84,0.457,230893.24,Active,2024-02-18
8203,627,Signature,917742.27,0.301,276240.42,Active,2023-01-21
8204,9638,Signature,1275049.11,0.068,86703.34,Blocked,2025-07-05
8205,393,Classic,105401.29,0.253,26666.53,Active,2024-10-25
8206,2418,Signature,1055870.82,0.653,689483.65,Blocked,2025-01-27
8207,980,Platinum,500884.24,0.425,212875.8,Active,2021-04-29
8208,5743,Platinum,521216.61,0.359,187116.76,Active,2024-06-08
8209,6540,Signature,796707.33,0.089,70906.95,Active,2024-01-30
8210,2799,Classic,77771.91,0.274,21309.5,Active,2023-08-03
8211,6434,Signature,1115814.21,0.608,678415.04,Blocked,2024-08-04
8212,1451,Platinum,522831.34,0.423,221157.66,Active,2023-01-06
8213,3558,Platinum,600136.88,0.661,396690.48,Active,2021-08-29
8214,4466,Platinum,373291.52,0.082,30609.9,Active,2024-10-23
8215,7183,Classic,107035.63,0.236,25260.41,Blocked,2024-04-09
8216,2685,Signature,1141388.49,0.129,147239.12,Closed,2024-01-08
8217,4699,Gold,217020.01,0.05,10851.0,Blocked,2023-07-23
8218,8576,Classic,129576.2,0.052,6737.96,Blocked,2022-09-30
8219,6174,Platinum,560568.45,0.387,216939.99,Active,2025-11-01
8220,4994,Platinum,418449.95,0.311,130137.93,Active,2025-02-23
8221,2276,Gold,324311.14,0.489,158588.15,Active,2024-01-21
8222,1081,Classic,122499.56,0.602,73744.74,Active,2023-02-21
8223,5257,Signature,1120529.05,0.134,150150.89,Closed,2022-11-17
8224,7100,Gold,177132.88,0.207,36666.51,Active,2021-03-01
8225,1893,Platinum,395948.84,0.465,184116.21,Active,2021-05-15
8226,6393,Gold,227465.07,0.277,63007.82,Active,2022-02-02
8227,7621,Gold,188343.28,0.253,47650.85,Blocked,2021-10-13
8228,8022,Signature,1260493.77,0.235,296216.04,Active,2024-06-30
8229,7956,Signature,819116.85,0.249,203960.1,Closed,2024-07-14
8230,8216,Platinum,485242.21,0.182,88314.08,Active,2021-07-28
8231,296,Signature,853235.47,0.301,256823.88,Closed,2024-09-17
8232,3611,Signature,891115.32,0.422,376050.67,Blocked,2021-09-26
8233,5720,Gold,258743.74,0.287,74259.45,Active,2024-06-17
8234,5992,Gold,186461.42,0.238,44377.82,Closed,2022-03-14
8235,738,Gold,212257.06,0.345,73228.69,Blocked,2025-12-20
8236,8952,Classic,77981.03,0.412,32128.18,Closed,2024-12-20
8237,9588,Classic,101230.9,0.299,30268.04,Closed,2022-04-22
8238,9799,Signature,842718.76,0.449,378380.72,Closed,2021-07-19
8239,9590,Platinum,603106.93,0.608,366689.01,Active,2024-09-09
8240,7100,Platinum,411175.3,0.286,117596.14,Active,2023-08-03
8241,1328,Platinum,553132.24,0.13,71907.19,Active,2022-03-31
8242,1178,Classic,110607.05,0.487,53865.63,Active,2025-03-25
8243,2187,Gold,199090.64,0.201,40017.22,Active,2024-12-01
8244,5106,Gold,239860.52,0.314,75316.2,Active,2021-01-02
8245,3741,Platinum,641131.88,0.452,289791.61,Active,2023-06-19
8246,691,Platinum,504219.15,0.288,145215.12,Active,2024-08-30
8247,1900,Gold,313245.02,0.316,98985.43,Active,2023-11-19
8248,1518,Signature,785124.73,0.286,224545.67,Closed,2025-03-29
8249,6006,Gold,240905.79,0.123,29631.41,Active,2022-02-20
8250,6972,Classic,96807.28,0.454,43950.51,Closed,2021-08-26
8251,3708,Signature,1061209.27,0.575,610195.33,Closed,2024-08-30
8252,9889,Signature,741603.8,0.477,353745.01,Active,2023-08-23
8253,7995,Signature,1141956.08,0.022,25123.03,Blocked,2023-06-09
8254,4365,Classic,90483.48,0.289,26149.73,Active,2023-02-15
8255,269,Classic,124668.56,0.21,26180.4,Closed,2021-11-04
8256,2046,Classic,98434.87,0.427,42031.69,Active,2025-02-02
8257,5397,Classic,109758.67,0.13,14268.63,Closed,2022-07-24
8258,4174,Platinum,410741.16,0.209,85844.9,Active,2024-09-29
8259,331,Platinum,605124.23,0.196,118604.35,Active,2021-04-09
8260,9434,Signature,804644.73,0.225,181045.06,Active,2025-08-13
8261,2188,Gold,193401.82,0.152,29397.08,Closed,2022-04-15
8262,5280,Signature,850120.39,0.098,83311.8,Closed,2021-03-03
8263,3942,Signature,1296030.26,0.129,167187.9,Closed,2025-12-03
8264,6170,Gold,275508.07,0.244,67223.97,Blocked,2025-07-22
8265,7057,Gold,267446.59,0.351,93873.75,Blocked,2021-08-16
8266,294,Classic,111458.31,0.575,64088.53,Active,2021-02-13
8267,1998,Classic,74578.87,0.512,38184.38,Active,2023-09-28
8268,7121,Platinum,580617.52,0.134,77802.75,Active,2023-05-09
8269,8496,Gold,211225.9,0.17,35908.4,Closed,2023-12-08
8270,10000,Signature,993947.06,0.239,237553.35,Closed,2024-07-15
8271,8547,Classic,87892.91,0.363,31905.13,Active,2025-08-06
8272,720,Signature,1059424.72,0.286,302995.47,Active,2023-04-29
8273,7519,Classic,118374.93,0.206,24385.24,Active,2024-09-16
8274,1911,Gold,228041.71,0.555,126563.15,Closed,2023-05-23
8275,1052,Signature,864494.58,0.177,153015.54,Closed,2021-02-16
8276,4397,Platinum,617876.74,0.16,98860.28,Blocked,2022-10-14
8277,6426,Classic,93425.8,0.313,29242.28,Closed,2022-09-27
8278,2167,Signature,1209864.37,0.284,343601.48,Active,2023-08-25
8279,287,Gold,293886.56,0.121,35560.27,Closed,2021-09-06
8280,2142,Signature,1087584.32,0.49,532916.32,Active,2021-01-04
8281,4706,Classic,124873.92,0.348,43456.12,Blocked,2025-12-12
8282,5387,Signature,1082017.15,0.114,123349.96,Active,2024-06-23
8283,4953,Classic,100751.75,0.107,10780.44,Closed,2022-12-12
8284,6887,Classic,82221.01,0.473,38890.54,Active,2021-06-01
8285,136,Classic,128304.64,0.403,51706.77,Active,2022-08-09
8286,497,Signature,823819.12,0.623,513239.31,Blocked,2021-01-09
8287,948,Classic,86007.52,0.761,65451.72,Active,2025-09-11
8288,1221,Gold,257107.55,0.37,95129.79,Active,2021-11-04
8289,6574,Gold,273053.63,0.07,19113.75,Closed,2021-08-29
8290,6312,Platinum,486809.23,0.431,209814.78,Active,2021-03-23
8291,3180,Platinum,383084.95,0.052,19920.42,Active,2023-01-17
8292,6344,Platinum,518735.1,0.05,25936.76,Active,2025-11-03
8293,7602,Signature,1116911.72,0.02,22338.23,Closed,2025-06-23
8294,5473,Platinum,352758.02,0.121,42683.72,Blocked,2024-11-12
8295,3166,Classic,98791.87,0.116,11459.86,Closed,2022-06-10
8296,6755,Signature,1149353.82,0.265,304578.76,Blocked,2023-02-10
8297,8974,Gold,260054.44,0.353,91799.22,Active,2024-11-17
8298,2644,Classic,74477.5,0.245,18246.99,Active,2021-12-18
8299,8175,Gold,321061.96,0.335,107555.76,Blocked,2025-08-07
8300,95,Classic,82013.32,0.616,50520.21,Active,2024-11-20
8301,4185,Gold,247531.56,0.084,20792.65,Active,2022-02-09
8302,5781,Platinum,549953.9,0.244,134188.75,Active,2024-02-04
8303,3757,Gold,324388.28,0.068,22058.4,Blocked,2024-04-06
8304,4500,Signature,938543.14,0.179,167999.22,Active,2024-06-02
8305,832,Signature,1206802.38,0.132,159297.91,Active,2021-03-21
8306,2517,Classic,124794.05,0.293,36564.66,Active,2022-09-23
8307,1231,Gold,290142.09,0.111,32205.77,Active,2022-09-12
8308,4424,Platinum,526685.17,0.231,121664.27,Active,2021-10-28
8309,1325,Classic,83922.01,0.509,42716.3,Active,2021-04-03
8310,973,Signature,723119.31,0.102,73758.17,Closed,2021-06-04
8311,2434,Gold,237176.68,0.357,84672.07,Blocked,2025-11-12
8312,9232,Platinum,356193.11,0.378,134641.0,Active,2024-03-10
8313,5350,Platinum,529538.39,0.041,21711.07,Closed,2024-07-14
8314,6110,Platinum,581963.69,0.13,75655.28,Blocked,2023-03-27
8315,1446,Classic,123290.51,0.152,18740.16,Active,2025-08-31
8316,6738,Gold,228038.73,0.327,74568.66,Active,2025-04-08
8317,3963,Platinum,551501.31,0.287,158280.88,Blocked,2022-04-21
8318,8171,Signature,1206667.79,0.393,474220.44,Active,2021-01-09
8319,5109,Signature,857046.31,0.264,226260.23,Closed,2022-01-09
8320,9551,Platinum,589354.29,0.445,262262.66,Blocked,2022-10-13
8321,4432,Platinum,488981.6,0.225,110020.86,Active,2023-04-09
8322,7952,Gold,269225.89,0.503,135420.62,Active,2025-03-19
8323,4418,Classic,121059.63,0.18,21790.73,Blocked,2025-11-15
8324,532,Platinum,518250.42,0.196,101577.08,Closed,2023-03-06
8325,349,Classic,104724.02,0.525,54980.11,Blocked,2022-07-17
8326,1355,Gold,177958.96,0.314,55879.11,Active,2021-05-14
8327,5593,Platinum,518713.72,0.076,39422.24,Active,2023-01-12
8328,8184,Platinum,421579.26,0.062,26137.91,Closed,2024-05-22
8329,2213,Gold,291134.02,0.282,82099.79,Active,2023-07-24
8330,8292,Signature,882072.48,0.171,150834.39,Active,2024-03-26
8331,2315,Signature,788452.65,0.388,305919.63,Active,2025-12-07
8332,7129,Signature,861004.91,0.338,291019.66,Active,2021-05-15
8333,6365,Signature,752027.88,0.355,266969.9,Active,2025-08-19
8334,1285,Platinum,357701.46,0.237,84775.25,Active,2023-01-09
8335,2386,Platinum,537011.93,0.383,205675.57,Active,2023-07-24
8336,7203,Platinum,513566.09,0.473,242916.76,Closed,2022-03-13
8337,7884,Signature,900504.0,0.189,170195.26,Blocked,2021-11-28
8338,566,Platinum,351710.66,0.278,97775.56,Active,2021-09-07
8339,9454,Gold,294366.34,0.317,93314.13,Active,2023-03-02
8340,9753,Signature,1283872.56,0.267,342793.97,Closed,2021-12-18
8341,6290,Platinum,383410.01,0.297,113872.77,Closed,2023-10-17
8342,5908,Gold,210181.82,0.14,29425.45,Active,2021-03-17
8343,6045,Classic,72395.39,0.278,20125.92,Active,2025-05-20
8344,2896,Platinum,501960.57,0.218,109427.4,Active,2024-01-31
8345,9314,Gold,182221.85,0.206,37537.7,Active,2025-08-13
8346,7076,Platinum,571809.6,0.578,330505.95,Active,2023-09-05
8347,9528,Gold,214991.14,0.304,65357.31,Active,2021-06-19
8348,5629,Classic,122591.87,0.355,43520.11,Active,2022-05-07
8349,9041,Platinum,370442.26,0.254,94092.33,Blocked,2025-12-13
8350,7001,Platinum,534404.63,0.056,29926.66,Active,2021-03-22
8351,6714,Signature,879897.96,0.296,260449.8,Closed,2025-11-07
8352,1518,Gold,318957.85,0.354,112911.08,Active,2023-05-26
8353,6450,Signature,1059911.66,0.171,181244.89,Blocked,2023-04-05
8354,7436,Signature,847823.21,0.153,129716.95,Blocked,2023-07-13
8355,8862,Platinum,424934.14,0.793,336972.77,Blocked,2025-05-20
8356,6093,Platinum,594514.38,0.25,148628.6,Blocked,2024-05-18
8357,3258,Signature,1054080.4,0.234,246654.81,Blocked,2024-06-14
8358,712,Gold,193228.97,0.155,29950.49,Closed,2025-11-07
8359,6594,Signature,1080921.0,0.339,366432.22,Blocked,2024-03-06
8360,6444,Classic,116798.97,0.2,23359.79,Active,2021-11-03
8361,5742,Gold,175020.26,0.111,19427.25,Active,2024-07-31
8362,3746,Gold,222921.99,0.232,51717.9,Active,2023-08-14
8363,1839,Signature,1222026.06,0.152,185747.96,Active,2022-11-08
8364,5555,Signature,1164425.01,0.255,296928.38,Active,2021-08-23
8365,5731,Gold,313232.77,0.449,140641.51,Blocked,2025-06-02
8366,1658,Platinum,486250.47,0.133,64671.31,Closed,2021-05-07
8367,1470,Platinum,454421.57,0.16,72707.45,Active,2021-11-25
8368,7284,Gold,322793.1,0.27,87154.14,Active,2023-10-15
8369,7412,Platinum,511973.9,0.475,243187.6,Blocked,2021-04-09
8370,4237,Signature,1106954.27,0.267,295556.79,Active,2023-06-19
8371,2180,Classic,77394.62,0.401,31035.24,Closed,2023-11-19
8372,9981,Platinum,512273.7,0.293,150096.19,Active,2025-09-12
8373,5162,Classic,80262.13,0.2,16052.43,Closed,2023-07-14
8374,8885,Signature,830686.06,0.1,83068.61,Blocked,2025-10-25
8375,9100,Signature,883870.55,0.782,691186.77,Closed,2025-10-23
8376,445,Signature,955711.5,0.43,410955.95,Closed,2021-09-02
8377,6910,Signature,1010028.72,0.342,345429.82,Active,2021-03-02
8378,6763,Classic,76046.2,0.172,13079.95,Closed,2021-10-23
8379,8858,Classic,109722.62,0.115,12618.1,Active,2023-06-17
8380,1934,Gold,241185.72,0.33,79591.29,Active,2023-05-29
8381,9248,Platinum,387148.57,0.337,130469.07,Active,2023-09-25
8382,7928,Signature,1142943.66,0.105,120009.08,Active,2022-06-24
8383,8051,Signature,1113916.51,0.267,297415.71,Active,2022-06-30
8384,2839,Gold,300468.68,0.642,192900.89,Active,2023-12-17
8385,5433,Classic,129259.63,0.17,21974.14,Active,2021-05-12
8386,8164,Platinum,574611.0,0.409,235015.9,Active,2025-01-15
8387,4104,Signature,801757.23,0.413,331125.74,Active,2022-01-01
8388,8321,Platinum,500027.31,0.298,149008.14,Active,2025-01-25
8389,3273,Classic,108473.28,0.55,59660.3,Blocked,2021-05-02
8390,9971,Classic,93762.01,0.2,18752.4,Closed,2024-08-16
8391,2525,Platinum,351194.38,0.22,77262.76,Closed,2024-08-10
8392,1028,Gold,206271.5,0.121,24958.85,Closed,2025-03-08
8393,3742,Gold,224120.2,0.071,15912.53,Active,2024-01-06
8394,650,Gold,259147.75,0.322,83445.58,Active,2022-09-11
8395,3694,Platinum,435406.32,0.192,83598.01,Active,2025-12-28
8396,1101,Classic,83021.31,0.206,17102.39,Closed,2024-09-13
8397,5580,Platinum,551120.23,0.201,110775.17,Blocked,2023-08-02
8398,1449,Signature,934876.46,0.331,309444.11,Active,2021-08-13
8399,1922,Classic,78749.2,0.191,15041.1,Active,2025-09-07
8400,129,Signature,1280652.27,0.274,350898.72,Active,2022-10-04
8401,3082,Gold,207139.01,0.077,15949.7,Active,2025-01-28
8402,917,Platinum,605929.38,0.375,227223.52,Active,2023-05-01
8403,7787,Gold,251721.41,0.241,60664.86,Active,2023-07-17
8404,6290,Platinum,494418.3,0.381,188373.37,Active,2024-01-22
8405,371,Gold,232301.61,0.184,42743.5,Active,2023-09-10
8406,7003,Classic,79402.93,0.525,41686.54,Blocked,2021-06-06
8407,7012,Classic,76104.73,0.228,17351.88,Active,2025-10-09
8408,7127,Gold,225826.93,0.091,20550.25,Active,2025-03-28
8409,3806,Signature,1286459.71,0.029,37307.33,Closed,2022-09-30
8410,3969,Classic,96982.39,0.33,32004.19,Active,2024-07-31
8411,2416,Platinum,408060.54,0.288,117521.44,Active,2021-04-09
8412,4357,Gold,185718.72,0.252,46801.12,Closed,2021-08-22
8413,2729,Platinum,529163.11,0.12,63499.57,Active,2023-02-26
8414,2535,Gold,301382.52,0.075,22603.69,Closed,2022-06-25
8415,9723,Platinum,580355.79,0.268,155535.35,Closed,2025-01-03
8416,4947,Signature,1129970.44,0.58,655382.86,Active,2023-01-28
8417,683,Gold,237236.62,0.333,78999.79,Active,2022-01-06
8418,2453,Classic,109286.08,0.055,6010.73,Active,2022-01-29
8419,3115,Classic,105243.03,0.561,59041.34,Active,2024-08-24
8420,7209,Signature,1193496.61,0.203,242279.81,Active,2023-02-18
8421,4648,Platinum,598357.17,0.128,76589.72,Blocked,2025-07-12
8422,9081,Classic,113916.69,0.276,31441.01,Active,2021-01-03
8423,2414,Gold,186346.57,0.287,53481.47,Closed,2025-04-11
8424,5874,Classic,114950.33,0.185,21265.81,Active,2025-08-17
8425,1683,Platinum,479092.29,0.167,80008.41,Active,2025-09-28
8426,8411,Classic,82773.15,0.289,23921.44,Active,2025-07-01
8427,4213,Classic,108213.7,0.463,50102.94,Blocked,2023-08-31
8428,936,Signature,807875.57,0.16,129260.09,Active,2025-01-21
8429,1875,Platinum,379701.55,0.47,178459.73,Active,2024-05-16
8430,773,Platinum,559675.84,0.046,25745.09,Closed,2024-07-17
8431,7779,Platinum,411369.66,0.47,193343.74,Closed,2024-05-29
8432,738,Platinum,455226.95,0.356,162060.79,Blocked,2024-07-08
8433,3328,Classic,83639.64,0.418,34961.37,Closed,2025-12-31
8434,3520,Platinum,500316.36,0.356,178112.62,Active,2024-11-26
8435,4015,Gold,260374.13,0.465,121073.97,Closed,2025-06-19
8436,4694,Gold,253655.69,0.119,30185.03,Active,2021-01-20
8437,7786,Signature,1231150.29,0.137,168667.59,Active,2023-06-08
8438,5047,Signature,887172.4,0.227,201388.13,Active,2025-04-07
8439,1443,Platinum,472299.88,0.352,166249.56,Active,2023-12-03
8440,680,Gold,268920.58,0.305,82020.78,Active,2023-11-30
8441,2924,Signature,1058724.81,0.134,141869.12,Active,2023-05-30
8442,2743,Signature,701026.66,0.18,126184.8,Active,2021-03-23
8443,6547,Platinum,372257.63,0.329,122472.76,Active,2023-08-10
8444,796,Signature,1195543.57,0.296,353880.9,Active,2021-10-27
8445,9308,Platinum,629122.42,0.329,206981.28,Active,2025-06-20
8446,5632,Platinum,495565.89,0.633,313693.21,Active,2024-04-21
8447,3049,Platinum,578223.61,0.059,34115.19,Blocked,2023-06-12
8448,9701,Classic,107010.66,0.075,8025.8,Blocked,2025-04-02
8449,7491,Classic,103483.67,0.392,40565.6,Active,2022-09-30
8450,372,Classic,108449.48,0.126,13664.63,Blocked,2021-03-29
8451,2655,Signature,796608.55,0.041,32660.95,Active,2025-07-22
8452,3175,Signature,764608.61,0.183,139923.38,Blocked,2023-12-13
8453,4899,Signature,1133059.16,0.499,565396.52,Active,2024-02-23
8454,6872,Platinum,377402.0,0.102,38495.0,Active,2025-12-03
8455,4024,Classic,96605.61,0.264,25503.88,Active,2024-01-31
8456,6637,Classic,126890.67,0.376,47710.89,Active,2024-06-15
8457,1448,Gold,207681.82,0.172,35721.27,Blocked,2021-01-23
8458,5624,Platinum,470496.63,0.568,267242.09,Active,2022-10-14
8459,4628,Signature,768517.71,0.527,405008.83,Active,2023-08-20
8460,2716,Signature,981287.0,0.173,169762.65,Active,2023-07-26
8461,9149,Gold,192310.82,0.201,38654.47,Active,2023-11-07
8462,446,Platinum,481082.0,0.094,45221.71,Active,2025-03-01
8463,6799,Classic,86361.76,0.09,7772.56,Active,2023-03-25
8464,2241,Platinum,580915.83,0.112,65062.57,Active,2024-08-13
8465,1481,Classic,124529.6,0.133,16562.44,Blocked,2025-01-22
8466,7772,Gold,248485.47,0.235,58394.09,Closed,2022-01-08
8467,8337,Gold,177347.6,0.562,99669.35,Closed,2025-12-04
8468,8271,Signature,1096406.79,0.103,112929.9,Closed,2024-03-26
8469,5905,Gold,265908.06,0.245,65147.47,Active,2023-02-28
8470,3962,Classic,113025.61,0.275,31082.04,Closed,2025-09-14
8471,4105,Gold,260865.52,0.167,43564.54,Closed,2023-09-02
8472,173,Signature,913746.83,0.26,237574.18,Blocked,2024-05-18
8473,3500,Classic,81318.67,0.311,25290.11,Active,2025-12-28
8474,7237,Classic,92288.88,0.165,15227.67,Active,2025-03-31
8475,4158,Platinum,429110.63,0.448,192241.56,Active,2022-08-29
8476,4735,Platinum,362188.13,0.208,75335.13,Blocked,2024-09-03
8477,236,Signature,776770.0,0.362,281190.74,Active,2025-10-26
8478,3827,Gold,233367.84,0.295,68843.51,Closed,2025-03-17
8479,7497,Platinum,598255.77,0.422,252463.93,Closed,2021-06-11
8480,6597,Gold,235477.6,0.411,96781.29,Active,2024-03-19
8481,4504,Gold,278724.43,0.222,61876.82,Blocked,2024-10-10
8482,9244,Platinum,483420.04,0.107,51725.94,Active,2023-08-25
8483,1920,Classic,94741.15,0.325,30790.87,Closed,2023-12-04
8484,1050,Signature,886882.82,0.41,363621.96,Active,2024-09-10
8485,7244,Gold,282453.71,0.201,56773.2,Active,2024-01-14
8486,6208,Gold,253121.9,0.494,125042.22,Active,2022-11-26
8487,834,Signature,1192394.39,0.395,470995.78,Active,2021-12-14
8488,8934,Platinum,542214.31,0.365,197908.22,Blocked,2025-10-05
8489,131,Classic,106868.86,0.332,35480.46,Blocked,2023-03-16
8490,3885,Gold,187794.75,0.132,24788.91,Active,2024-03-23
8491,8469,Classic,116941.67,0.423,49466.33,Closed,2025-03-23
8492,2366,Classic,113512.09,0.396,44950.79,Active,2024-06-02
8493,8076,Classic,72667.29,0.182,13225.45,Closed,2022-08-10
8494,659,Signature,1260160.46,0.244,307479.15,Closed,2025-11-18
8495,7109,Classic,105964.08,0.082,8689.05,Active,2025-11-24
8496,253,Gold,239059.21,0.173,41357.24,Active,2022-08-07
8497,601,Signature,962611.06,0.286,275306.76,Active,2025-03-24
8498,3597,Classic,113722.23,0.155,17626.95,Active,2021-12-21
8499,7179,Platinum,527243.3,0.232,122320.45,Blocked,2024-01-11
8500,6242,Classic,79906.21,0.263,21015.33,Active,2023-04-09
