loan_id,customer_id,loan_type,loan_amount,interest_rate,status,start_date
1,6256,Auto Loan,623227.94,9.9,Overdue,2023-06-15
2,1529,Personal Loan,163366.38,8.38,Active,2024-04-12
3,5719,Home Loan,2378531.54,11.92,Active,2023-11-16
4,6790,Education Loan,624331.51,8.99,Overdue,2022-09-16
5,7485,Home Loan,1119210.01,9.13,Overdue,2025-08-22
6,5771,Home Loan,3080915.18,6.86,Overdue,2025-08-19
7,5458,Auto Loan,508415.68,12.48,Active,2024-12-01
8,2361,Personal Loan,86898.1,9.99,Closed,2025-09-24
9,6162,Personal Loan,121968.56,13.8,Active,2023-10-20
10,991,Home Loan,2296386.21,7.89,Closed,2023-07-12
11,3998,Auto Loan,401897.53,8.48,Active,2024-05-06
12,3971,Education Loan,464633.61,14.32,Active,2023-04-02
13,4144,Auto Loan,625015.3,12.37,Closed,2022-08-16
14,3446,Education Loan,654860.08,9.81,Active,2023-10-13
15,2377,Auto Loan,479925.32,14.31,Active,2025-07-01
16,9084,Personal Loan,176644.4,14.6,Active,2022-01-21
17,9222,Education Loan,539613.73,11.18,Active,2024-09-06
18,7005,Personal Loan,150741.55,10.42,Active,2023-12-28
19,1875,Personal Loan,214514.99,9.49,Closed,2022-04-08
20,4072,Home Loan,2451929.11,8.43,Overdue,2025-11-22
21,8273,Personal Loan,269054.13,10.29,Closed,2025-05-13
22,1082,Education Loan,540703.9,13.61,Overdue,2022-02-24
23,7250,Home Loan,2804876.47,12.47,Active,2022-10-03
24,1516,Auto Loan,548838.69,9.0,Active,2022-04-20
25,4349,Education Loan,487906.54,9.44,Overdue,2025-10-16
26,2928,Home Loan,1931444.16,8.25,Active,2025-09-26
27,7458,Home Loan,3644547.95,13.42,Active,2024-11-16
28,2233,Personal Loan,389171.61,9.45,Active,2024-01-30
29,933,Education Loan,609409.88,8.53,Closed,2025-07-05
30,4703,Personal Loan,226430.43,7.53,Closed,2025-11-27
31,7314,Education Loan,440744.12,11.52,Active,2022-12-14
32,2611,Personal Loan,115116.78,8.17,Active,2024-11-24
33,1012,Home Loan,1813541.39,12.59,Active,2025-09-13
34,3393,Personal Loan,175100.37,12.54,Active,2023-03-17
35,8960,Education Loan,445982.46,11.32,Closed,2025-06-18
36,4692,Education Loan,301776.55,8.98,Active,2025-12-06
37,4817,Home Loan,2286566.72,9.8,Active,2023-04-16
38,8866,Personal Loan,211780.08,11.78,Overdue,2022-02-13
39,1181,Personal Loan,245493.52,8.77,Active,2025-12-31
40,1238,Auto Loan,1089043.85,9.52,Active,2022-10-18
41,9374,Personal Loan,240267.87,10.79,Active,2025-02-25
42,8628,Education Loan,603082.07,10.15,Closed,2024-02-14
43,2404,Home Loan,3054104.3,12.0,Closed,2023-10-09
44,1662,Personal Loan,258019.1,8.01,Active,2024-03-02
45,3242,Education Loan,334641.48,11.27,Overdue,2024-12-25
46,7340,Personal Loan,154441.7,10.04,Closed,2023-03-15
47,6062,Education Loan,526601.28,9.49,Closed,2023-02-08
48,2104,Education Loan,470760.89,6.0,Overdue,2025-06-05
49,7031,Home Loan,1697489.98,10.72,Closed,2023-09-16
50,283,Home Loan,1285928.47,11.65,Active,2022-11-08
51,3261,Personal Loan,236133.97,11.72,Active,2023-09-29
52,5534,Education Loan,383880.82,11.51,Closed,2025-05-21
53,8966,Home Loan,2406402.6,9.41,Active,2022-11-27
54,4020,Personal Loan,302956.72,16.27,Active,2022-08-11
55,1702,Education Loan,491837.67,10.65,Overdue,2022-03-22
56,4355,Home Loan,2724828.56,11.29,Closed,2022-03-29
57,5251,Home Loan,3298892.7,9.35,Active,2025-04-17
58,9696,Home Loan,1381659.13,11.54,Overdue,2023-01-25
59,2812,Personal Loan,387831.56,9.82,Active,2023-12-12
60,2533,Personal Loan,118698.46,9.89,Active,2022-09-21
61,6873,Auto Loan,884861.25,11.5,Active,2025-10-10
62,622,Home Loan,2325810.8,6.0,Closed,2023-02-22
63,8839,Education Loan,481945.35,12.26,Active,2025-05-18
64,1593,Education Loan,443655.93,7.78,Active,2022-11-29
65,665,Personal Loan,186055.49,12.18,Overdue,2024-02-05
66,7936,Education Loan,690268.26,6.07,Overdue,2023-12-31
67,5235,Personal Loan,172875.28,9.89,Overdue,2022-11-06
68,7902,Auto Loan,345636.18,13.2,Closed,2023-12-16
69,3560,Auto Loan,949589.41,12.4,Active,2025-07-22
70,1955,Auto Loan,798276.04,11.59,Active,2022-12-22
71,6073,Personal Loan,247561.84,10.14,Active,2022-03-04
72,5859,Education Loan,630567.35,10.34,Overdue,2022-01-14
73,3323,Home Loan,2804541.21,12.28,Overdue,2025-02-08
74,2426,Auto Loan,924493.06,12.99,Active,2024-04-01
75,3848,Auto Loan,690099.82,6.2,Overdue,2023-03-26
76,9298,Auto Loan,753935.48,9.95,Active,2023-03-08
77,9979,Personal Loan,496903.67,11.7,Overdue,2023-01-04
78,1568,Home Loan,1445237.68,10.62,Active,2024-08-10
79,5125,Auto Loan,983343.28,7.76,Active,2025-10-14
80,2671,Home Loan,2586125.31,10.44,Overdue,2023-03-29
81,6297,Home Loan,2994793.94,10.63,Active,2024-03-18
82,2802,Home Loan,5079637.56,10.05,Active,2025-01-28
83,4356,Auto Loan,786514.38,6.0,Active,2023-02-26
84,4355,Auto Loan,397592.97,10.02,Closed,2023-05-15
85,5022,Education Loan,707819.0,10.13,Closed,2025-10-18
86,2911,Auto Loan,925717.72,6.86,Active,2025-07-07
87,3695,Education Loan,347603.17,10.74,Overdue,2023-12-30
88,720,Personal Loan,292852.65,10.22,Overdue,2022-10-20
89,5498,Home Loan,2093049.03,9.19,Active,2025-07-21
90,3587,Auto Loan,658376.72,10.87,Active,2025-04-13
91,2237,Home Loan,3600708.52,10.29,Overdue,2023-04-16
92,9244,Auto Loan,858025.71,11.74,Active,2024-11-11
93,2184,Auto Loan,404851.84,11.86,Active,2025-07-19
94,8887,Auto Loan,758706.98,9.92,Active,2023-12-09
95,9954,Auto Loan,1034126.1,11.86,Active,2024-08-04
96,1997,Education Loan,813385.57,10.25,Overdue,2022-05-14
97,911,Auto Loan,1034953.82,12.13,Closed,2025-02-27
98,6329,Auto Loan,486390.68,11.08,Overdue,2022-10-12
99,3106,Education Loan,498887.56,12.17,Active,2025-02-18
100,8908,Personal Loan,228945.72,11.76,Active,2022-06-12
101,2312,Education Loan,824992.43,8.26,Active,2024-10-20
102,9463,Auto Loan,802792.32,10.3,Overdue,2024-06-27
103,8422,Auto Loan,875326.2,8.74,Active,2025-09-03
104,170,Auto Loan,490003.58,8.35,Active,2023-06-06
105,8552,Education Loan,433750.57,8.6,Overdue,2025-06-10
106,3581,Education Loan,574909.03,10.49,Closed,2024-04-14
107,9782,Home Loan,2250552.74,9.17,Active,2024-12-22
108,3404,Personal Loan,213310.02,9.53,Active,2025-11-20
109,2428,Home Loan,1513048.38,8.23,Active,2025-03-15
110,9457,Personal Loan,164221.94,7.68,Active,2023-10-16
111,8456,Personal Loan,119920.27,8.06,Overdue,2023-02-09
112,3987,Education Loan,441373.69,8.39,Closed,2023-08-04
113,4526,Auto Loan,665571.78,10.39,Active,2025-06-10
114,867,Education Loan,340769.26,10.68,Active,2024-08-08
115,7268,Education Loan,606553.6,11.19,Active,2024-10-29
116,274,Home Loan,1751837.38,9.42,Active,2024-04-13
117,9093,Personal Loan,169958.41,11.76,Active,2022-08-04
118,5804,Home Loan,2884939.82,10.16,Active,2024-10-11
119,7244,Auto Loan,509990.52,8.76,Active,2024-02-22
120,8550,Education Loan,862444.12,12.84,Overdue,2025-03-29
121,5892,Home Loan,2434640.36,11.03,Active,2024-08-22
122,1100,Education Loan,680082.86,13.55,Active,2024-02-05
123,2942,Home Loan,3173323.33,8.35,Active,2023-08-16
124,3303,Auto Loan,662815.3,11.03,Active,2024-12-22
125,2496,Personal Loan,317412.2,9.99,Active,2023-05-11
126,84,Home Loan,2372640.31,11.44,Active,2023-05-26
127,2260,Personal Loan,82178.03,11.01,Active,2024-11-30
128,1583,Personal Loan,388412.21,13.65,Overdue,2025-06-28
129,4922,Auto Loan,557625.84,13.63,Overdue,2023-01-16
130,620,Home Loan,1395212.36,11.5,Active,2023-11-18
131,236,Home Loan,3551623.89,11.96,Closed,2024-01-18
132,972,Education Loan,241037.93,12.52,Active,2024-03-16
133,1165,Home Loan,2803277.04,10.91,Overdue,2022-08-09
134,2735,Education Loan,437477.32,10.62,Overdue,2025-07-27
135,3090,Home Loan,2992997.03,10.1,Active,2024-05-28
136,8783,Education Loan,268928.41,11.76,Active,2024-05-08
137,6729,Auto Loan,1185642.31,8.71,Active,2024-08-11
138,2673,Auto Loan,823676.28,6.62,Active,2025-08-09
139,4182,Education Loan,604290.36,9.38,Active,2024-04-06
140,7203,Personal Loan,135879.78,11.72,Closed,2025-11-21
141,902,Personal Loan,186387.71,10.83,Active,2024-03-12
142,2800,Home Loan,2378190.06,8.9,Closed,2024-07-21
143,3017,Personal Loan,303506.92,13.15,Closed,2022-01-14
144,7927,Personal Loan,121307.63,10.09,Active,2023-07-09
145,776,Education Loan,93070.32,13.03,Overdue,2024-09-02
146,5854,Home Loan,2103199.55,14.59,Active,2023-12-16
147,8922,Auto Loan,650088.23,12.45,Active,2022-04-04
148,1041,Personal Loan,156570.03,6.0,Active,2024-03-20
149,716,Education Loan,485182.87,7.88,Active,2022-02-14
150,5333,Auto Loan,805505.82,14.25,Active,2022-09-12
151,8359,Home Loan,2555280.55,11.47,Active,2024-03-07
152,3737,Home Loan,1610298.87,14.6,Active,2023-04-03
153,607,Auto Loan,876730.55,8.29,Closed,2022-09-18
154,8596,Home Loan,2657020.45,10.05,Active,2025-04-21
155,7671,Home Loan,3143593.47,7.53,Closed,2025-10-30
156,8867,Personal Loan,367912.71,10.16,Closed,2025-02-19
157,3879,Personal Loan,184145.87,13.92,Closed,2024-04-11
158,194,Education Loan,569994.56,10.51,Active,2023-11-08
159,6029,Personal Loan,281302.74,11.76,Overdue,2025-05-28
160,9546,Auto Loan,734290.01,11.55,Overdue,2025-12-20
161,8561,Auto Loan,889591.89,10.32,Active,2023-06-08
162,6713,Auto Loan,820550.43,8.48,Active,2025-10-14
163,8425,Personal Loan,319640.87,10.41,Closed,2024-11-14
164,9484,Home Loan,2641635.53,11.94,Active,2023-12-27
165,6667,Home Loan,1605657.19,10.89,Active,2025-03-19
166,6934,Auto Loan,880623.18,9.75,Active,2025-10-18
167,8246,Home Loan,4344116.57,9.4,Active,2023-01-15
168,223,Home Loan,2043128.57,12.75,Active,2024-05-31
169,2524,Personal Loan,233618.84,14.41,Active,2024-02-09
170,3116,Home Loan,1524995.01,9.57,Active,2024-06-22
171,4275,Personal Loan,306974.98,11.29,Active,2025-02-19
172,6047,Home Loan,1985019.64,10.34,Active,2025-06-07
173,4301,Auto Loan,731389.4,8.25,Active,2024-11-07
174,1149,Home Loan,1814717.56,10.32,Overdue,2025-09-12
175,7119,Home Loan,2247890.67,12.9,Closed,2024-02-15
176,5073,Personal Loan,294052.91,10.6,Active,2024-03-24
177,2552,Education Loan,613259.24,10.95,Closed,2025-04-28
178,5533,Home Loan,2451956.26,12.46,Active,2023-02-18
179,1848,Education Loan,498624.69,11.2,Closed,2024-11-04
180,8470,Education Loan,766757.51,10.77,Active,2024-04-13
181,8770,Auto Loan,599592.0,11.67,Active,2022-06-30
182,5910,Personal Loan,324767.51,8.92,Active,2023-09-05
183,3199,Home Loan,1929199.96,13.16,Overdue,2023-06-02
184,2033,Auto Loan,781503.02,7.93,Active,2024-10-05
185,1791,Auto Loan,381953.2,13.12,Closed,2024-02-08
186,8046,Personal Loan,154831.59,12.76,Overdue,2023-06-21
187,1434,Personal Loan,222848.99,12.98,Active,2023-09-29
188,4198,Auto Loan,352584.77,12.11,Active,2025-12-26
189,6301,Education Loan,288113.51,9.44,Active,2025-08-05
190,8240,Personal Loan,205520.15,6.41,Closed,2024-07-09
191,9780,Education Loan,632917.98,11.58,Overdue,2023-12-12
192,3951,Auto Loan,875822.56,9.88,Active,2025-11-22
193,4499,Auto Loan,708739.13,11.28,Active,2023-08-19
194,6722,Home Loan,3053709.59,9.69,Closed,2025-05-11
195,2585,Personal Loan,163724.67,9.04,Closed,2023-01-21
196,5262,Personal Loan,326183.46,10.02,Closed,2025-08-31
197,5333,Personal Loan,164528.28,12.06,Active,2022-12-06
198,7700,Home Loan,1227453.29,9.82,Overdue,2025-04-12
199,3287,Home Loan,2637823.09,6.79,Active,2024-07-05
200,4123,Personal Loan,337300.69,13.34,Active,2023-03-16
201,1483,Auto Loan,557163.44,10.65,Active,2025-09-28
202,5300,Home Loan,3790752.48,8.12,Closed,2024-11-30
203,8674,Auto Loan,668100.44,12.81,Active,2025-02-09
204,9680,Personal Loan,123958.14,12.0,Active,2024-01-04
205,9336,Auto Loan,492808.34,7.29,Active,2022-05-12
206,6476,Home Loan,4356507.29,10.94,Active,2025-12-28
207,7566,Auto Loan,557657.28,12.03,Closed,2023-08-20
208,3922,Home Loan,2411847.28,11.83,Active,2024-10-11
209,3004,Auto Loan,474727.0,8.91,Closed,2024-11-12
210,8350,Auto Loan,809277.46,10.64,Closed,2022-07-21
211,8906,Personal Loan,170494.43,11.71,Closed,2022-12-10
212,4982,Home Loan,2554000.82,9.53,Closed,2022-10-24
213,9652,Personal Loan,281604.22,8.58,Overdue,2024-03-20
214,9065,Home Loan,1692085.13,12.37,Overdue,2025-10-15
215,5969,Auto Loan,626064.88,8.84,Closed,2025-03-22
216,9758,Home Loan,2648856.66,11.46,Active,2022-07-24
217,1442,Home Loan,3507860.31,13.95,Active,2025-10-25
218,3962,Auto Loan,997802.35,11.72,Active,2024-03-02
219,9717,Auto Loan,484173.36,10.23,Active,2025-05-21
220,3334,Auto Loan,599274.31,11.68,Active,2024-01-21
221,9757,Personal Loan,248208.38,11.26,Overdue,2025-07-25
222,7614,Education Loan,698007.87,12.93,Closed,2023-04-27
223,2636,Auto Loan,831042.64,9.91,Active,2024-06-27
224,5229,Education Loan,899837.86,9.45,Overdue,2022-11-13
225,4235,Home Loan,3331310.96,14.31,Active,2022-04-27
226,6733,Home Loan,2825815.47,11.07,Active,2025-05-08
227,494,Education Loan,441725.25,11.16,Active,2024-03-10
228,1550,Education Loan,592269.23,10.92,Active,2025-07-09
229,8128,Education Loan,395122.83,10.81,Active,2022-08-14
230,16,Auto Loan,420115.53,11.22,Active,2023-12-25
231,4232,Education Loan,470068.57,12.77,Closed,2022-09-13
232,2441,Personal Loan,198951.08,10.18,Active,2025-10-12
233,2146,Auto Loan,444216.86,10.61,Active,2024-10-27
234,5681,Home Loan,2057038.74,10.18,Overdue,2024-09-06
235,4871,Personal Loan,284630.37,10.83,Active,2024-11-21
236,5567,Home Loan,3059579.56,10.25,Active,2024-09-27
237,4509,Education Loan,467202.52,7.62,Active,2023-09-25
238,9378,Home Loan,1752106.0,7.05,Overdue,2024-01-29
239,5248,Education Loan,261941.88,12.55,Active,2024-07-15
240,9369,Education Loan,668209.21,12.17,Active,2023-05-26
241,1533,Personal Loan,428895.71,10.21,Active,2025-02-24
242,8689,Auto Loan,825194.68,8.32,Active,2024-09-15
243,7373,Personal Loan,302218.61,8.17,Closed,2025-03-24
244,7466,Personal Loan,221570.46,10.21,Active,2022-01-12
245,4463,Personal Loan,205049.69,8.94,Overdue,2024-12-06
246,1713,Personal Loan,148512.77,6.14,Active,2022-02-22
247,9816,Auto Loan,994420.67,11.19,Overdue,2023-02-27
248,9698,Auto Loan,451291.22,12.17,Overdue,2025-04-08
249,9742,Personal Loan,309546.51,11.07,Active,2023-05-26
250,1555,Personal Loan,190147.28,6.93,Active,2023-11-08
251,7135,Education Loan,659081.93,10.22,Overdue,2024-04-14
252,8834,Home Loan,3813101.67,16.24,Closed,2025-01-19
253,3142,Education Loan,666922.99,10.77,Active,2024-07-29
254,4762,Personal Loan,227400.24,10.48,Closed,2025-10-07
255,3240,Personal Loan,148049.01,12.34,Overdue,2022-09-16
256,2112,Personal Loan,295735.03,14.51,Active,2023-12-01
257,9990,Education Loan,770998.99,8.31,Active,2025-05-17
258,1255,Education Loan,552248.75,9.08,Overdue,2023-12-03
259,6904,Education Loan,583496.34,12.88,Overdue,2024-01-17
260,7452,Home Loan,1548934.73,9.86,Overdue,2025-10-15
261,6582,Home Loan,3190952.28,10.66,Closed,2022-10-10
262,7972,Auto Loan,675153.99,15.55,Closed,2023-12-29
263,3864,Auto Loan,943552.84,8.88,Active,2024-10-02
264,4252,Education Loan,581408.51,8.71,Closed,2023-11-29
265,5893,Auto Loan,496402.46,11.03,Closed,2025-01-30
266,893,Education Loan,631787.56,12.59,Active,2025-03-26
267,9720,Education Loan,473944.78,9.1,Closed,2025-01-25
268,1582,Auto Loan,329623.5,7.57,Active,2023-02-18
269,6446,Personal Loan,224756.31,9.64,Active,2025-09-17
270,2165,Personal Loan,169247.99,15.15,Active,2024-09-04
271,4826,Home Loan,3041853.61,10.55,Closed,2025-12-03
272,421,Auto Loan,440482.19,11.76,Active,2025-06-29
273,770,Auto Loan,488668.31,8.77,Active,2024-09-09
274,3764,Auto Loan,607231.71,7.54,Active,2024-07-17
275,6155,Personal Loan,124676.44,13.05,Closed,2022-04-02
276,3184,Personal Loan,85196.16,10.0,Active,2025-12-10
277,437,Auto Loan,740325.47,12.2,Overdue,2024-11-21
278,9281,Auto Loan,670652.68,13.81,Closed,2025-06-24
279,2444,Personal Loan,191929.06,9.2,Active,2022-03-15
280,6178,Education Loan,539700.38,10.32,Active,2024-07-18
281,7651,Home Loan,3248660.1,11.28,Active,2024-11-22
282,8426,Personal Loan,197237.57,12.23,Active,2023-02-15
283,2100,Personal Loan,266718.5,12.96,Active,2022-05-11
284,8272,Education Loan,307320.01,11.42,Overdue,2024-04-09
285,7901,Personal Loan,277542.69,9.38,Active,2022-10-17
286,8571,Home Loan,1422265.06,10.68,Active,2023-01-16
287,2641,Home Loan,1272511.11,14.48,Active,2024-03-30
288,7955,Home Loan,1500977.08,10.68,Active,2025-10-12
289,5520,Education Loan,200874.03,9.99,Active,2023-09-20
290,6910,Education Loan,633024.52,9.12,Active,2024-06-22
291,875,Home Loan,1042041.07,9.12,Overdue,2022-10-29
292,5079,Home Loan,1788008.87,8.74,Overdue,2025-09-18
293,717,Auto Loan,623921.69,7.56,Overdue,2025-06-04
294,8807,Education Loan,334332.7,9.5,Active,2022-10-21
295,8813,Personal Loan,131131.69,9.07,Active,2024-07-20
296,9597,Education Loan,304498.22,10.71,Active,2024-12-29
297,9536,Education Loan,526961.86,10.08,Active,2024-10-10
298,9756,Auto Loan,873058.69,9.47,Overdue,2025-11-14
299,8735,Personal Loan,211875.29,9.84,Active,2025-02-08
300,7099,Auto Loan,301215.67,15.14,Overdue,2025-09-25
301,6314,Education Loan,527062.8,11.1,Closed,2023-05-24
302,9555,Auto Loan,1222657.44,6.71,Closed,2024-09-16
303,1755,Home Loan,2946682.18,9.6,Closed,2022-02-27
304,7361,Home Loan,2173111.19,12.73,Active,2025-07-12
305,3355,Personal Loan,65128.08,10.25,Active,2025-12-23
306,2508,Personal Loan,246327.36,13.24,Overdue,2023-10-04
307,3768,Education Loan,419178.12,14.33,Active,2024-07-25
308,9839,Auto Loan,277184.22,13.43,Active,2023-06-17
309,1140,Home Loan,1956695.44,11.63,Closed,2024-12-03
310,6616,Auto Loan,804929.97,10.26,Active,2022-08-19
311,9836,Auto Loan,414497.12,11.27,Overdue,2024-01-04
312,7797,Home Loan,1858450.63,12.67,Active,2024-10-04
313,82,Personal Loan,253344.11,10.09,Overdue,2022-10-25
314,3009,Personal Loan,199113.14,11.43,Closed,2023-11-07
315,8407,Auto Loan,949281.67,10.13,Active,2025-09-15
316,1010,Home Loan,4242425.0,11.77,Active,2022-04-20
317,6822,Auto Loan,311342.43,13.75,Active,2025-01-13
318,1671,Home Loan,3420521.81,8.9,Active,2025-11-11
319,9632,Education Loan,655175.21,8.95,Closed,2024-07-06
320,4123,Auto Loan,1192095.56,10.97,Overdue,2022-03-02
321,1442,Education Loan,878754.0,7.39,Active,2022-07-03
322,5736,Education Loan,254934.94,8.8,Active,2022-10-12
323,6561,Education Loan,574251.27,10.46,Active,2025-02-04
324,4621,Auto Loan,535040.85,10.41,Active,2025-05-14
325,5750,Home Loan,3452006.51,6.93,Overdue,2022-11-13
326,2481,Personal Loan,280602.9,9.75,Active,2025-06-07
327,1781,Education Loan,577125.82,9.06,Active,2024-12-04
328,2276,Personal Loan,386808.59,13.05,Closed,2023-12-21
329,3304,Education Loan,348764.19,14.68,Active,2025-06-16
330,7598,Education Loan,641003.25,11.61,Active,2022-06-06
331,3631,Auto Loan,650231.54,9.48,Closed,2024-10-16
332,6480,Personal Loan,150517.28,9.55,Active,2024-12-19
333,3604,Education Loan,322731.21,13.61,Active,2023-10-23
334,5489,Auto Loan,854814.27,9.01,Active,2024-03-04
335,4731,Auto Loan,521912.62,12.16,Closed,2023-10-01
336,9991,Education Loan,604472.89,11.93,Active,2025-10-24
337,6928,Auto Loan,917139.39,9.05,Active,2024-02-12
338,1165,Home Loan,2879676.0,10.81,Active,2023-07-01
339,6379,Home Loan,2929096.74,9.95,Active,2025-03-19
340,4590,Home Loan,1560753.44,10.04,Active,2025-04-20
341,1870,Personal Loan,326276.75,11.5,Active,2024-12-18
342,6429,Education Loan,809921.33,16.26,Active,2025-07-25
343,4526,Education Loan,381681.35,14.68,Active,2025-01-21
344,1019,Auto Loan,939573.98,9.92,Active,2022-10-03
345,651,Education Loan,536520.9,7.14,Active,2023-04-02
346,9933,Education Loan,271402.42,10.57,Active,2025-10-05
347,8721,Education Loan,328645.57,9.38,Active,2024-03-07
348,2836,Auto Loan,430953.14,11.12,Active,2022-01-24
349,4703,Education Loan,438891.96,12.69,Overdue,2024-12-16
350,3133,Education Loan,769939.6,10.73,Active,2022-02-11
351,7322,Education Loan,495831.17,10.39,Overdue,2023-02-07
352,8858,Auto Loan,676033.96,14.1,Active,2024-07-13
353,4857,Auto Loan,552399.92,11.61,Closed,2024-11-01
354,9837,Personal Loan,249524.24,9.97,Active,2023-06-20
355,5276,Education Loan,344623.05,9.12,Active,2022-11-19
356,2063,Education Loan,572574.12,10.69,Closed,2025-10-19
357,1650,Education Loan,503995.2,13.97,Active,2025-04-26
358,883,Home Loan,3169695.74,10.09,Overdue,2023-03-03
359,6406,Education Loan,471237.91,10.44,Overdue,2024-03-02
360,7264,Home Loan,1502357.56,10.74,Overdue,2023-08-22
361,7950,Education Loan,464754.43,7.44,Active,2023-06-16
362,4648,Education Loan,352947.95,12.0,Closed,2024-07-10
363,1821,Education Loan,732005.43,6.34,Active,2024-09-01
364,7625,Auto Loan,559697.53,9.97,Active,2023-07-04
365,9485,Auto Loan,187957.4,11.36,Active,2025-07-28
366,5813,Personal Loan,215440.01,9.05,Closed,2025-09-10
367,6794,Auto Loan,996878.38,10.82,Active,2022-03-29
368,2656,Personal Loan,254139.21,7.82,Active,2025-07-20
369,8061,Education Loan,507713.14,6.99,Active,2024-12-11
370,4001,Home Loan,1553231.66,8.3,Active,2024-08-13
371,7190,Home Loan,2387825.17,11.49,Active,2025-12-22
372,3103,Auto Loan,703245.2,8.95,Active,2022-08-20
373,2654,Home Loan,2820560.25,7.68,Overdue,2022-01-03
374,5717,Auto Loan,557282.65,11.99,Active,2025-07-24
375,4847,Home Loan,4128464.37,10.98,Active,2024-12-16
376,5243,Auto Loan,748785.96,9.7,Active,2022-05-03
377,187,Home Loan,2950080.38,11.18,Overdue,2024-05-04
378,6893,Auto Loan,834618.39,8.21,Overdue,2024-03-16
379,3609,Education Loan,619961.79,10.6,Active,2025-03-20
380,2545,Personal Loan,231230.42,11.33,Active,2022-12-17
381,6658,Personal Loan,156722.47,10.96,Active,2023-04-14
382,3258,Education Loan,569964.18,10.01,Overdue,2022-05-03
383,981,Home Loan,247629.87,10.12,Overdue,2025-11-25
384,3185,Education Loan,391830.23,10.62,Active,2022-11-03
385,9558,Home Loan,3993485.23,11.89,Closed,2024-04-08
386,2965,Auto Loan,482525.67,12.01,Active,2024-05-02
387,8163,Home Loan,2843827.3,12.62,Closed,2022-04-29
388,5347,Education Loan,489469.26,6.33,Closed,2025-12-22
389,1615,Personal Loan,272949.11,9.39,Active,2022-01-22
390,5287,Personal Loan,367074.55,7.71,Active,2025-09-29
391,9066,Personal Loan,207411.69,10.91,Active,2023-01-28
392,9602,Home Loan,1625909.46,8.03,Overdue,2023-03-05
393,9085,Education Loan,463480.55,12.01,Active,2025-01-16
394,3999,Personal Loan,303153.59,10.26,Active,2023-05-31
395,5078,Home Loan,2336088.54,8.14,Active,2022-07-31
396,2047,Education Loan,650371.93,9.95,Overdue,2023-05-28
397,5211,Education Loan,572611.7,11.18,Active,2023-08-28
398,564,Personal Loan,50000.0,11.83,Active,2025-11-22
399,6950,Personal Loan,165183.53,11.44,Active,2025-06-20
400,3481,Auto Loan,896037.18,14.3,Closed,2022-04-18
401,3230,Auto Loan,387381.82,10.33,Closed,2024-12-29
402,4841,Home Loan,2683446.42,9.09,Active,2022-01-17
403,5188,Personal Loan,226470.08,8.57,Active,2023-01-20
404,5245,Education Loan,413121.64,9.93,Overdue,2024-09-11
405,4995,Personal Loan,330928.69,8.9,Active,2024-04-20
406,6987,Personal Loan,275263.17,10.33,Active,2025-09-16
407,6082,Personal Loan,82466.1,9.18,Closed,2025-07-22
408,6904,Education Loan,396982.03,10.51,Active,2025-12-31
409,553,Auto Loan,609223.38,12.25,Active,2022-11-01
410,6302,Home Loan,933751.77,10.12,Overdue,2025-11-02
411,3440,Personal Loan,215295.0,9.59,Active,2024-03-20
412,9791,Auto Loan,1190249.24,12.92,Active,2022-01-02
413,1726,Education Loan,543709.82,9.89,Active,2023-04-29
414,234,Auto Loan,269760.32,11.76,Closed,2024-02-02
415,2338,Education Loan,549495.03,11.73,Closed,2022-11-20
416,8225,Education Loan,585941.44,11.34,Closed,2022-12-19
417,9854,Auto Loan,925623.49,9.72,Active,2025-05-08
418,2565,Auto Loan,1020409.91,10.53,Active,2025-02-08
419,1678,Home Loan,1968068.81,11.57,Active,2024-03-15
420,914,Personal Loan,94191.87,11.1,Active,2023-10-12
421,2700,Personal Loan,60698.22,10.31,Active,2025-10-21
422,1451,Auto Loan,634498.46,7.68,Closed,2022-12-29
423,2665,Personal Loan,293632.2,8.46,Closed,2024-08-27
424,5266,Auto Loan,649767.22,11.83,Active,2024-07-13
425,6608,Personal Loan,271344.82,6.95,Overdue,2022-01-12
426,6099,Auto Loan,1069487.84,8.26,Closed,2022-08-20
427,8832,Auto Loan,1241858.68,11.56,Active,2025-06-22
428,172,Auto Loan,663506.57,8.85,Active,2024-08-16
429,7540,Auto Loan,611993.58,9.65,Active,2024-08-31
430,3132,Personal Loan,452123.26,18.0,Active,2025-06-29
431,326,Personal Loan,238620.11,13.89,Active,2025-03-20
432,7356,Home Loan,614453.89,14.43,Active,2023-07-25
433,5466,Home Loan,1389280.41,7.72,Overdue,2024-03-12
434,629,Auto Loan,686510.65,6.12,Closed,2022-01-17
435,6031,Personal Loan,346416.8,10.88,Active,2025-04-07
436,7405,Home Loan,2772135.5,11.74,Active,2024-02-22
437,2385,Auto Loan,533307.15,8.42,Closed,2025-12-22
438,3527,Home Loan,2501521.02,12.74,Closed,2022-11-04
439,6109,Education Loan,519283.16,11.07,Closed,2024-04-06
440,662,Auto Loan,814457.43,9.63,Active,2024-08-04
441,4864,Auto Loan,644159.49,11.61,Closed,2025-11-25
442,7472,Personal Loan,288378.92,7.66,Active,2024-02-27
443,9932,Education Loan,407723.68,6.81,Active,2025-02-14
444,4371,Personal Loan,97548.27,11.5,Active,2024-12-01
445,2400,Home Loan,1753093.33,11.88,Active,2025-12-12
446,4420,Education Loan,598228.71,6.28,Active,2024-11-25
447,9355,Auto Loan,679016.68,9.71,Overdue,2024-09-02
448,4789,Auto Loan,348268.65,8.55,Active,2025-08-09
449,3326,Home Loan,2804404.07,8.72,Active,2022-06-06
450,5048,Personal Loan,256099.28,13.84,Active,2024-04-19
451,5600,Auto Loan,717102.93,9.14,Active,2022-03-31
452,3320,Personal Loan,207988.34,9.75,Active,2022-04-21
453,3811,Education Loan,386739.29,11.9,Active,2023-07-07
454,1158,Home Loan,123699.83,8.47,Active,2025-04-23
455,5562,Home Loan,3085170.12,9.27,Active,2025-03-19
456,8423,Auto Loan,772141.64,10.25,Closed,2023-12-13
457,7715,Personal Loan,111037.32,6.64,Active,2025-10-21
458,912,Home Loan,2080990.6,14.76,Active,2023-05-09
459,7722,Home Loan,2944702.45,10.69,Overdue,2024-10-13
460,5188,Home Loan,2091666.66,11.3,Active,2025-05-04
461,9835,Home Loan,2391154.99,10.27,Overdue,2025-01-12
462,9332,Education Loan,642853.02,10.78,Active,2024-08-23
463,1075,Home Loan,1953928.77,11.83,Active,2024-04-26
464,2422,Personal Loan,240612.52,9.92,Active,2024-06-24
465,8355,Education Loan,706015.32,12.1,Active,2022-06-05
466,4892,Personal Loan,172035.08,10.15,Closed,2023-01-09
467,6282,Personal Loan,423006.1,10.43,Closed,2025-01-05
468,5436,Auto Loan,652522.73,13.49,Overdue,2023-04-26
469,8973,Home Loan,2784615.28,12.07,Active,2024-10-26
470,6229,Auto Loan,586553.2,11.04,Active,2023-01-19
471,9764,Auto Loan,701540.76,12.71,Overdue,2025-02-26
472,2233,Home Loan,1517953.92,9.01,Active,2022-02-22
473,2614,Home Loan,3342106.48,10.51,Overdue,2025-05-19
474,2930,Personal Loan,331927.24,7.52,Active,2025-09-04
475,784,Personal Loan,103467.8,12.53,Overdue,2023-05-18
476,6388,Auto Loan,576171.21,12.53,Overdue,2023-06-24
477,911,Education Loan,589587.37,12.1,Active,2024-03-25
478,1902,Auto Loan,792815.97,11.32,Closed,2025-08-25
479,2594,Home Loan,3468771.51,12.68,Closed,2022-05-05
480,7613,Personal Loan,227062.37,7.97,Closed,2025-12-25
481,5395,Auto Loan,1157937.4,9.3,Active,2025-01-20
482,6323,Personal Loan,271831.62,8.85,Active,2022-11-20
483,7163,Education Loan,376891.93,11.37,Overdue,2023-06-02
484,9951,Home Loan,4059608.62,7.51,Overdue,2023-01-02
485,9132,Personal Loan,330960.58,11.26,Active,2025-09-15
486,9624,Education Loan,633140.79,11.05,Active,2024-04-19
487,5209,Auto Loan,700031.09,8.15,Active,2024-06-28
488,9383,Education Loan,515895.58,9.85,Active,2024-10-11
489,6127,Home Loan,2095625.96,9.46,Active,2023-02-21
490,6728,Education Loan,520698.77,10.6,Active,2022-01-06
491,1250,Personal Loan,324111.73,9.9,Closed,2025-06-12
492,6548,Auto Loan,658370.56,11.98,Active,2023-08-01
493,7607,Personal Loan,355506.53,10.16,Closed,2022-06-16
494,5118,Home Loan,3013101.68,12.46,Active,2025-05-11
495,9706,Home Loan,3048707.03,8.8,Active,2025-02-22
496,9513,Auto Loan,738394.04,7.57,Active,2022-10-08
497,6900,Personal Loan,249496.26,10.06,Active,2024-01-12
498,6906,Personal Loan,141067.78,8.6,Active,2024-06-21
499,4194,Personal Loan,227670.92,15.78,Closed,2025-08-30
500,6959,Personal Loan,245355.0,11.69,Active,2023-06-30
501,2413,Auto Loan,865938.68,10.64,Active,2023-12-18
502,4199,Education Loan,513974.7,8.08,Active,2022-11-27
503,2104,Personal Loan,315609.55,10.97,Overdue,2024-07-07
504,391,Auto Loan,629396.85,7.94,Overdue,2022-04-05
505,3109,Personal Loan,308891.26,9.55,Active,2024-04-10
506,8332,Auto Loan,496047.84,10.36,Active,2022-07-07
507,91,Education Loan,460252.16,12.24,Closed,2023-10-21
508,1747,Personal Loan,272005.47,11.79,Closed,2022-02-21
509,2327,Home Loan,2996182.65,13.41,Active,2024-03-08
510,4339,Education Loan,795816.8,14.49,Active,2022-01-19
511,8540,Auto Loan,751071.91,10.17,Active,2023-12-25
512,7988,Education Loan,586683.57,14.37,Overdue,2025-07-25
513,8290,Education Loan,50032.26,11.72,Active,2025-04-08
514,7816,Auto Loan,787066.47,12.8,Active,2025-07-07
515,280,Home Loan,2713801.62,8.92,Active,2025-01-04
516,5445,Personal Loan,50000.0,9.4,Overdue,2022-08-20
517,9198,Personal Loan,237738.09,10.67,Closed,2022-01-07
518,7351,Education Loan,420511.02,8.81,Active,2023-05-02
519,5942,Personal Loan,291273.37,11.65,Active,2025-11-22
520,1802,Auto Loan,997436.64,10.22,Active,2023-01-03
521,9936,Home Loan,1996551.89,11.54,Overdue,2023-03-13
522,8233,Home Loan,1252637.77,8.03,Active,2022-06-09
523,5307,Education Loan,413876.89,8.93,Overdue,2024-04-03
524,9521,Auto Loan,646470.82,12.05,Closed,2023-03-29
525,1921,Auto Loan,766308.71,9.1,Active,2025-04-23
526,5569,Personal Loan,232620.02,12.18,Active,2023-02-09
527,1764,Auto Loan,1275406.01,11.06,Closed,2022-03-21
528,3686,Auto Loan,917289.28,7.52,Active,2024-02-02
529,1629,Personal Loan,162447.11,13.59,Active,2023-01-24
530,4250,Auto Loan,479348.26,13.75,Closed,2023-04-16
531,9995,Personal Loan,307461.34,11.51,Active,2022-04-25
532,9711,Education Loan,414428.31,7.35,Active,2025-09-24
533,6246,Personal Loan,296323.63,10.57,Active,2025-11-08
534,8111,Education Loan,592772.37,13.77,Active,2025-11-24
535,7433,Education Loan,443010.81,10.45,Overdue,2024-05-24
536,8125,Personal Loan,225592.23,6.0,Active,2024-05-06
537,4367,Personal Loan,301130.43,13.85,Overdue,2023-03-02
538,3160,Education Loan,605561.23,7.07,Active,2024-03-28
539,263,Auto Loan,487921.72,9.34,Active,2025-12-07
540,1351,Personal Loan,237552.12,7.03,Active,2025-02-10
541,8519,Personal Loan,168141.51,10.15,Active,2023-09-27
542,7391,Home Loan,3849945.21,12.28,Overdue,2025-08-05
543,6633,Personal Loan,75420.72,11.81,Active,2022-10-26
544,499,Auto Loan,758394.02,13.23,Overdue,2023-06-15
545,1346,Education Loan,640612.36,11.97,Active,2025-09-27
546,7832,Auto Loan,728367.13,10.14,Overdue,2025-03-21
547,9760,Home Loan,3123375.5,7.21,Closed,2024-08-08
548,8718,Personal Loan,196347.29,7.31,Closed,2023-12-31
549,8760,Auto Loan,878507.11,13.85,Active,2023-10-14
550,668,Home Loan,3331079.15,8.23,Active,2024-03-10
551,9243,Personal Loan,263646.94,11.41,Closed,2023-03-03
552,1008,Auto Loan,521881.3,12.41,Closed,2022-12-25
553,4525,Personal Loan,229977.64,9.91,Active,2025-05-07
554,7028,Auto Loan,619481.74,11.25,Active,2022-03-09
555,5687,Education Loan,641582.2,8.56,Closed,2024-01-31
556,4872,Auto Loan,129679.52,12.66,Closed,2024-12-12
557,2395,Personal Loan,187137.01,10.67,Overdue,2022-08-16
558,282,Home Loan,842707.81,8.99,Closed,2024-06-15
559,2775,Auto Loan,607341.2,9.42,Overdue,2022-01-26
560,5146,Personal Loan,279041.41,11.47,Active,2025-08-08
561,9851,Personal Loan,163893.45,7.93,Active,2022-01-30
562,5671,Home Loan,2476227.8,10.32,Overdue,2024-11-19
563,5148,Personal Loan,492959.68,9.66,Overdue,2024-07-28
564,3976,Home Loan,3077560.62,11.58,Active,2024-09-08
565,7942,Auto Loan,451770.29,12.23,Active,2025-05-20
566,533,Auto Loan,650795.27,11.1,Closed,2022-09-01
567,192,Personal Loan,217330.24,8.76,Overdue,2024-04-11
568,4003,Auto Loan,585466.31,11.87,Active,2024-11-06
569,8383,Home Loan,2234187.26,8.68,Active,2024-08-21
570,2982,Personal Loan,318867.85,11.51,Active,2022-06-16
571,4461,Auto Loan,422570.82,9.53,Active,2024-03-29
572,1074,Education Loan,495035.74,11.48,Active,2022-11-13
573,6317,Auto Loan,584952.74,12.53,Overdue,2025-08-29
574,4537,Personal Loan,300851.12,9.98,Closed,2022-09-27
575,6353,Home Loan,3194936.81,8.34,Active,2023-10-08
576,8405,Home Loan,3594589.62,11.25,Active,2025-03-07
577,1563,Education Loan,245407.8,7.43,Active,2022-09-07
578,5192,Auto Loan,360839.56,8.6,Active,2023-12-25
579,3710,Education Loan,507681.13,13.31,Active,2024-07-09
580,873,Home Loan,4080387.7,12.17,Overdue,2022-11-09
581,6413,Education Loan,395270.43,8.85,Active,2023-06-14
582,4703,Personal Loan,290243.82,13.05,Active,2023-08-06
583,9844,Home Loan,2362696.43,10.38,Active,2024-12-07
584,532,Personal Loan,420588.07,10.03,Active,2024-01-14
585,1778,Auto Loan,669504.38,11.98,Closed,2023-10-14
586,1463,Auto Loan,978708.16,6.86,Closed,2024-08-13
587,8856,Auto Loan,600241.32,7.97,Active,2024-02-29
588,9526,Education Loan,605850.24,11.62,Overdue,2022-06-11
589,7893,Auto Loan,810791.5,11.1,Active,2024-10-01
590,4116,Personal Loan,147639.15,9.99,Active,2023-05-07
591,401,Education Loan,711809.83,8.9,Active,2024-11-04
592,3220,Personal Loan,192838.1,10.84,Active,2023-03-28
593,3905,Personal Loan,222588.54,9.34,Active,2023-08-03
594,5414,Personal Loan,510845.39,6.04,Overdue,2024-09-17
595,6727,Personal Loan,236055.42,10.71,Active,2025-01-20
596,3326,Auto Loan,248481.28,13.61,Active,2023-08-25
597,2540,Personal Loan,283064.35,11.4,Active,2025-09-14
598,4294,Auto Loan,502325.57,11.0,Active,2025-02-15
599,3276,Personal Loan,292859.88,8.82,Overdue,2023-07-18
600,9093,Home Loan,2465810.28,9.05,Overdue,2022-10-12
601,9570,Education Loan,469409.84,9.93,Active,2023-03-12
602,7264,Auto Loan,566674.32,10.17,Active,2022-03-02
603,2403,Home Loan,1424403.82,11.49,Active,2025-10-05
604,703,Home Loan,2651244.92,10.73,Active,2023-03-08
605,6240,Personal Loan,66622.93,11.45,Closed,2025-06-06
606,1806,Home Loan,2529018.04,9.72,Active,2023-12-18
607,193,Auto Loan,738089.8,6.79,Closed,2022-11-14
608,9707,Home Loan,1717542.04,10.29,Active,2025-10-07
609,3759,Home Loan,941320.58,10.73,Overdue,2023-07-19
610,2804,Home Loan,2199364.91,9.46,Active,2022-03-15
611,1151,Education Loan,231880.09,11.03,Active,2025-12-22
612,2446,Auto Loan,699871.89,11.8,Active,2022-06-23
613,7110,Personal Loan,390658.94,11.0,Active,2024-11-13
614,8141,Education Loan,420808.99,12.0,Active,2023-06-04
615,8751,Auto Loan,609570.1,9.57,Overdue,2022-11-16
616,7790,Auto Loan,1363556.98,10.08,Closed,2024-09-30
617,4118,Education Loan,712317.74,10.19,Active,2024-10-10
618,1560,Home Loan,1603948.55,7.7,Closed,2024-11-01
619,9904,Education Loan,747416.01,9.76,Active,2024-02-29
620,132,Home Loan,1079489.05,10.52,Active,2024-01-01
621,4151,Auto Loan,351685.99,7.72,Active,2024-07-19
622,7963,Education Loan,490640.7,17.09,Overdue,2024-05-08
623,2332,Personal Loan,244780.16,8.57,Active,2024-01-02
624,1609,Auto Loan,1067312.85,14.05,Active,2023-06-29
625,1064,Home Loan,2553819.6,10.13,Overdue,2022-01-03
626,7778,Education Loan,809775.16,12.23,Closed,2025-03-19
627,5148,Personal Loan,287945.87,7.76,Overdue,2023-11-17
628,8678,Home Loan,2921003.27,13.37,Active,2022-03-01
629,1874,Auto Loan,958532.79,7.76,Active,2022-01-05
630,6792,Auto Loan,50000.0,11.47,Active,2025-07-24
631,8738,Education Loan,454340.84,11.32,Active,2022-10-14
632,658,Auto Loan,988465.46,12.79,Active,2023-01-01
633,1913,Auto Loan,494451.49,9.44,Active,2025-12-04
634,9133,Education Loan,50000.0,7.61,Closed,2022-04-17
635,3274,Home Loan,4099671.12,10.94,Active,2025-08-31
636,4507,Home Loan,1908528.59,10.57,Overdue,2023-01-02
637,7436,Auto Loan,618743.53,10.79,Active,2022-09-01
638,807,Home Loan,2340433.87,11.46,Active,2022-03-11
639,9245,Home Loan,2263879.63,11.71,Closed,2024-09-19
640,3439,Home Loan,2797979.88,9.19,Active,2023-10-22
641,2922,Home Loan,3281446.99,7.67,Closed,2023-03-23
642,2386,Home Loan,1282114.31,8.31,Overdue,2025-07-04
643,1045,Education Loan,254806.0,8.24,Active,2023-08-01
644,9469,Personal Loan,201230.09,10.94,Overdue,2023-11-05
645,2842,Home Loan,3740907.75,9.65,Active,2024-07-25
646,8692,Home Loan,1115535.82,7.32,Closed,2022-04-05
647,913,Auto Loan,996022.84,8.33,Active,2025-09-06
648,493,Personal Loan,287795.37,9.81,Active,2024-04-28
649,3072,Auto Loan,752986.44,10.51,Overdue,2022-12-14
650,8467,Personal Loan,334225.53,12.92,Active,2023-08-10
651,5049,Personal Loan,338644.89,13.13,Closed,2025-03-17
652,9407,Auto Loan,50000.0,6.71,Closed,2024-11-13
653,5817,Personal Loan,262011.21,12.58,Active,2023-06-13
654,7922,Home Loan,2908311.53,11.22,Active,2025-05-19
655,8194,Education Loan,517278.69,9.86,Closed,2022-11-28
656,4811,Education Loan,768019.65,12.02,Overdue,2022-08-08
657,9600,Personal Loan,438383.43,10.27,Closed,2024-12-29
658,9370,Education Loan,359607.81,8.92,Overdue,2023-12-05
659,9341,Home Loan,2014564.83,9.99,Overdue,2024-10-10
660,3836,Personal Loan,273661.15,10.55,Active,2023-04-25
661,8997,Personal Loan,201992.2,11.24,Active,2023-06-03
662,9426,Personal Loan,278761.14,6.0,Active,2025-04-17
663,3333,Auto Loan,1066920.32,10.58,Active,2025-03-18
664,5010,Home Loan,1336008.86,14.39,Active,2022-01-14
665,2171,Home Loan,3549602.66,7.79,Active,2022-02-26
666,8378,Personal Loan,160841.22,8.69,Overdue,2025-03-15
667,3407,Personal Loan,332198.23,11.44,Active,2025-06-09
668,2678,Education Loan,748264.68,7.39,Closed,2023-02-02
669,5108,Personal Loan,133981.38,12.59,Closed,2025-10-16
670,1923,Home Loan,2719446.0,6.96,Active,2024-11-13
671,7381,Home Loan,1756956.12,11.31,Active,2023-12-13
672,1780,Personal Loan,162570.83,12.62,Active,2024-08-26
673,5687,Auto Loan,528260.96,11.75,Active,2024-02-09
674,5972,Education Loan,381083.77,12.87,Closed,2024-04-20
675,3953,Education Loan,382928.67,8.34,Active,2024-12-14
676,155,Auto Loan,853491.22,13.36,Closed,2024-12-08
677,8303,Personal Loan,229982.07,10.54,Active,2025-05-22
678,2930,Home Loan,3107724.09,10.64,Overdue,2025-08-23
679,4757,Education Loan,871860.88,8.29,Active,2023-09-23
680,5414,Personal Loan,360599.94,10.98,Closed,2022-04-10
681,6523,Auto Loan,700351.14,11.14,Active,2022-09-28
682,4850,Education Loan,791334.68,11.02,Overdue,2023-09-21
683,1686,Personal Loan,62098.61,10.5,Active,2025-04-15
684,6694,Education Loan,468518.28,14.22,Active,2023-11-21
685,850,Personal Loan,366955.38,8.5,Active,2023-07-22
686,8525,Personal Loan,225326.08,9.4,Active,2022-04-23
687,2364,Auto Loan,449172.6,12.36,Closed,2024-03-16
688,878,Auto Loan,657774.87,10.45,Closed,2025-01-28
689,3334,Auto Loan,448523.0,12.35,Active,2023-06-21
690,843,Education Loan,678052.41,14.43,Closed,2023-03-08
691,906,Personal Loan,134518.29,8.74,Active,2025-05-29
692,1705,Auto Loan,718304.6,12.42,Active,2025-07-17
693,3923,Education Loan,325000.88,9.94,Active,2025-08-04
694,8885,Auto Loan,717140.65,11.51,Overdue,2022-04-04
695,7459,Education Loan,634152.66,12.63,Active,2023-05-26
696,6508,Education Loan,874039.17,11.68,Active,2025-07-16
697,8477,Education Loan,316935.57,12.75,Active,2024-11-09
698,7269,Auto Loan,843835.46,11.24,Active,2022-10-15
699,3947,Education Loan,703403.11,10.76,Active,2024-06-19
700,8288,Personal Loan,192050.01,13.88,Overdue,2023-09-24
701,1340,Personal Loan,370762.86,8.82,Closed,2023-03-30
702,9779,Personal Loan,130526.69,7.42,Overdue,2022-12-08
703,2163,Personal Loan,301936.48,8.21,Active,2023-12-02
704,6440,Auto Loan,838326.04,12.77,Active,2022-10-11
705,4833,Education Loan,767845.33,11.76,Active,2024-01-25
706,4045,Auto Loan,588796.65,10.73,Overdue,2025-04-25
707,1006,Education Loan,316713.25,11.59,Overdue,2024-09-14
708,7115,Personal Loan,293747.89,12.15,Active,2022-04-05
709,7472,Personal Loan,252657.32,11.59,Active,2025-10-27
710,471,Home Loan,2246698.22,9.77,Active,2023-07-03
711,4841,Education Loan,845226.14,9.5,Overdue,2025-04-06
712,8544,Auto Loan,293524.99,13.32,Active,2022-06-01
713,8344,Personal Loan,268857.42,10.16,Active,2025-02-14
714,7863,Education Loan,585702.89,9.81,Active,2023-02-05
715,8516,Personal Loan,336685.65,6.0,Closed,2022-08-26
716,1052,Personal Loan,281211.74,10.84,Active,2024-05-20
717,2445,Auto Loan,682607.33,15.71,Active,2023-01-31
718,9143,Home Loan,2329023.17,8.76,Active,2022-07-06
719,3705,Home Loan,2727364.54,11.86,Active,2022-04-22
720,6814,Auto Loan,640472.16,12.2,Active,2022-01-01
721,860,Auto Loan,724430.76,10.09,Active,2022-05-01
722,5513,Home Loan,1130200.55,6.89,Active,2022-05-25
723,1007,Education Loan,598087.05,10.03,Active,2022-10-10
724,4318,Home Loan,1974957.68,10.02,Active,2025-04-04
725,2628,Auto Loan,1134899.01,10.1,Active,2024-11-20
726,9447,Education Loan,586927.57,12.3,Active,2025-01-10
727,1801,Home Loan,2468784.19,12.77,Closed,2022-07-21
728,7259,Home Loan,2443163.11,12.45,Overdue,2022-10-11
729,6456,Auto Loan,489833.76,10.62,Active,2025-04-20
730,1959,Personal Loan,113091.97,10.7,Closed,2025-12-11
731,2332,Auto Loan,973260.47,11.55,Active,2024-08-27
732,993,Education Loan,156134.51,10.94,Closed,2022-05-29
733,1158,Home Loan,2818033.96,8.9,Active,2022-08-19
734,1558,Auto Loan,637654.88,11.35,Active,2022-06-25
735,1098,Auto Loan,213339.42,9.56,Active,2024-02-20
736,5855,Education Loan,132150.36,11.97,Active,2023-08-29
737,9428,Personal Loan,140243.02,15.13,Active,2024-04-15
738,2426,Personal Loan,198873.17,11.84,Active,2022-03-29
739,9176,Personal Loan,293719.02,11.19,Closed,2023-11-05
740,3141,Auto Loan,446948.45,6.0,Active,2024-01-29
741,6491,Home Loan,2864816.31,8.09,Closed,2023-06-24
742,4388,Home Loan,2614286.47,11.96,Active,2025-07-20
743,2846,Auto Loan,794259.66,8.24,Active,2024-10-06
744,4059,Personal Loan,260314.15,8.07,Closed,2024-12-15
745,7446,Auto Loan,483792.45,11.85,Closed,2024-10-26
746,8411,Personal Loan,308048.08,10.99,Overdue,2025-12-18
747,3738,Personal Loan,168146.0,8.22,Active,2022-07-03
748,584,Auto Loan,565539.26,10.51,Active,2024-10-02
749,3796,Education Loan,276055.5,10.9,Active,2025-12-14
750,7349,Home Loan,1115385.16,12.93,Closed,2023-10-01
751,3778,Auto Loan,501402.28,11.46,Active,2024-03-28
752,2115,Personal Loan,342405.5,8.45,Active,2022-07-16
753,6403,Personal Loan,300012.81,9.69,Overdue,2022-03-27
754,8636,Home Loan,1690842.13,11.27,Active,2024-06-26
755,5512,Home Loan,2530702.03,9.18,Active,2022-08-23
756,213,Auto Loan,791967.52,11.44,Active,2022-12-26
757,335,Auto Loan,647848.4,9.03,Active,2024-10-24
758,8998,Personal Loan,66720.54,13.69,Overdue,2025-11-21
759,4606,Home Loan,2187205.56,9.94,Closed,2025-02-07
760,7479,Education Loan,635059.91,8.97,Active,2025-01-21
761,2545,Personal Loan,167424.0,7.92,Active,2025-10-21
762,2774,Education Loan,311728.06,8.48,Active,2022-08-18
763,3682,Home Loan,2425137.7,13.54,Active,2023-12-01
764,428,Auto Loan,820096.32,8.13,Active,2023-04-25
765,3767,Auto Loan,883671.82,9.38,Active,2025-09-14
766,8664,Auto Loan,754374.13,10.87,Active,2022-09-07
767,8659,Education Loan,225160.42,9.49,Active,2024-12-06
768,2444,Auto Loan,734086.63,10.96,Active,2023-03-02
769,2667,Personal Loan,200318.77,12.58,Overdue,2022-09-03
770,4303,Auto Loan,250782.04,12.69,Active,2025-02-16
771,5797,Auto Loan,762489.17,12.19,Active,2022-02-22
772,7591,Auto Loan,895773.74,11.63,Active,2022-01-16
773,3746,Education Loan,410786.16,11.02,Active,2023-08-12
774,6302,Auto Loan,435999.3,8.25,Active,2025-09-16
775,2891,Education Loan,279212.69,6.95,Active,2025-09-10
776,4695,Education Loan,468374.22,15.55,Active,2025-07-19
777,5826,Personal Loan,263309.9,11.56,Closed,2025-05-08
778,6537,Education Loan,694246.26,7.75,Active,2024-02-29
779,8160,Personal Loan,224265.73,9.96,Overdue,2023-10-09
780,2249,Auto Loan,806162.92,11.08,Active,2023-05-13
781,9473,Auto Loan,1006055.59,9.35,Active,2023-01-18
782,4088,Auto Loan,700315.68,7.5,Overdue,2022-01-06
783,6308,Home Loan,1729653.7,7.42,Active,2023-09-28
784,5101,Personal Loan,183007.68,10.62,Active,2025-12-14
785,4025,Personal Loan,289320.34,9.44,Overdue,2025-04-07
786,7992,Auto Loan,483214.62,10.87,Active,2022-12-16
787,8013,Education Loan,590867.42,10.98,Overdue,2025-11-21
788,38,Auto Loan,552633.7,10.57,Active,2025-07-19
789,162,Home Loan,1235706.49,7.6,Closed,2022-05-14
790,9951,Personal Loan,164106.51,9.2,Overdue,2022-04-03
791,6618,Education Loan,705856.61,9.52,Active,2024-07-12
792,8354,Auto Loan,651788.35,12.25,Active,2022-02-01
793,9389,Auto Loan,1021984.69,11.55,Active,2023-03-23
794,2248,Auto Loan,232691.9,11.17,Active,2024-04-29
795,7564,Auto Loan,449746.88,12.88,Overdue,2024-06-18
796,1762,Personal Loan,195173.24,8.38,Active,2025-04-23
797,3287,Personal Loan,350343.4,10.92,Active,2024-01-04
798,4341,Personal Loan,190824.37,11.94,Active,2025-11-26
799,9894,Auto Loan,424981.69,10.53,Active,2025-02-04
800,5957,Auto Loan,786018.03,12.17,Closed,2022-09-13
801,9705,Personal Loan,184162.32,14.26,Overdue,2025-08-27
802,1254,Personal Loan,191961.27,6.78,Overdue,2024-07-01
803,8825,Personal Loan,321313.18,13.57,Overdue,2024-02-11
804,8518,Home Loan,1212428.92,9.72,Active,2025-03-08
805,7853,Auto Loan,724119.89,14.69,Active,2024-07-09
806,868,Home Loan,2152794.92,12.33,Overdue,2024-01-26
807,7882,Home Loan,3226258.43,10.04,Closed,2025-02-02
808,2144,Home Loan,1363115.4,6.82,Closed,2023-03-25
809,8674,Personal Loan,289874.26,12.76,Active,2023-11-16
810,7317,Personal Loan,85107.34,7.68,Overdue,2023-10-24
811,499,Home Loan,2348741.09,10.99,Active,2022-10-14
812,4026,Auto Loan,766111.7,13.72,Overdue,2022-10-26
813,2869,Personal Loan,349975.96,12.23,Active,2023-10-09
814,5434,Home Loan,666647.94,6.0,Active,2022-05-14
815,8970,Personal Loan,328951.88,12.02,Overdue,2024-03-14
816,2831,Education Loan,686360.26,6.65,Closed,2022-09-15
817,7502,Education Loan,557241.36,9.59,Active,2024-05-13
818,2127,Personal Loan,287733.54,12.67,Active,2024-07-30
819,4878,Home Loan,2518442.12,7.25,Active,2025-05-09
820,8963,Auto Loan,835966.77,9.9,Active,2024-03-11
821,5564,Home Loan,2865291.71,12.97,Active,2024-07-30
822,6390,Auto Loan,458442.27,14.48,Active,2025-10-23
823,5745,Personal Loan,141456.9,9.49,Overdue,2023-08-05
824,2468,Home Loan,1653723.21,10.85,Active,2024-01-10
825,4386,Education Loan,344473.4,11.72,Overdue,2025-06-10
826,1230,Personal Loan,326914.06,12.59,Active,2023-08-10
827,5283,Personal Loan,170848.4,12.18,Closed,2024-09-08
828,2761,Auto Loan,817667.41,8.99,Active,2024-12-13
829,1531,Auto Loan,799783.52,11.98,Active,2022-03-08
830,907,Education Loan,438030.46,11.51,Active,2025-08-28
831,7844,Home Loan,4018583.74,10.2,Overdue,2025-10-26
832,9627,Education Loan,525023.94,10.02,Active,2022-09-18
833,3756,Auto Loan,614520.84,12.63,Active,2025-01-21
834,153,Home Loan,3477958.04,8.46,Active,2025-07-07
835,2860,Education Loan,545615.47,13.18,Active,2022-02-05
836,8992,Auto Loan,815775.74,11.63,Active,2025-06-16
837,6433,Home Loan,1964250.24,10.15,Overdue,2023-11-29
838,7939,Personal Loan,124900.97,10.88,Active,2025-06-17
839,1870,Home Loan,2868634.44,9.77,Overdue,2025-05-22
840,1629,Personal Loan,225557.72,12.77,Overdue,2025-05-19
841,8433,Home Loan,1783004.56,12.84,Closed,2022-11-28
842,7528,Personal Loan,331636.86,10.01,Active,2025-08-09
843,4731,Auto Loan,707975.3,12.66,Closed,2023-10-17
844,5120,Education Loan,388206.2,11.44,Active,2024-08-16
845,2174,Personal Loan,474632.56,9.95,Active,2022-02-08
846,1522,Home Loan,4239686.42,13.14,Active,2024-01-04
847,542,Home Loan,2672693.65,11.56,Overdue,2023-08-09
848,3813,Auto Loan,641331.18,9.1,Active,2023-11-20
849,8259,Education Loan,575291.35,10.7,Overdue,2023-06-10
850,8499,Personal Loan,286780.42,10.98,Overdue,2024-09-18
851,7157,Education Loan,811089.29,12.64,Closed,2024-03-04
852,8220,Auto Loan,877020.86,7.48,Closed,2025-02-20
853,290,Education Loan,674275.16,11.8,Active,2023-04-23
854,2155,Auto Loan,583816.18,7.89,Active,2025-12-12
855,667,Auto Loan,864074.81,11.52,Overdue,2024-11-20
856,6758,Education Loan,372183.39,9.92,Closed,2025-03-03
857,9247,Auto Loan,607554.08,11.06,Active,2022-03-02
858,8255,Auto Loan,758056.35,10.25,Closed,2023-02-18
859,4645,Education Loan,451819.72,6.0,Overdue,2022-03-13
860,1670,Education Loan,325649.97,8.29,Active,2024-09-04
861,5053,Home Loan,2208879.64,13.06,Active,2024-11-16
862,6049,Auto Loan,680105.2,9.49,Active,2025-02-07
863,5582,Education Loan,486617.64,14.07,Active,2023-02-01
864,8843,Personal Loan,332872.88,11.08,Active,2023-07-07
865,9104,Home Loan,1122865.56,10.48,Active,2025-10-22
866,544,Auto Loan,746016.96,9.37,Active,2023-08-12
867,1036,Education Loan,593381.05,7.79,Active,2023-10-03
868,5234,Education Loan,656662.02,7.95,Overdue,2025-05-12
869,6455,Home Loan,1833786.21,11.62,Active,2025-02-01
870,872,Home Loan,1503744.25,9.02,Active,2023-09-14
871,7378,Auto Loan,497484.04,11.32,Active,2025-06-09
872,3838,Home Loan,3351170.62,10.86,Active,2024-02-04
873,4712,Personal Loan,326105.17,12.64,Overdue,2025-01-20
874,1818,Personal Loan,182635.18,10.45,Overdue,2024-07-22
875,7168,Auto Loan,854190.25,8.52,Active,2024-08-17
876,7455,Auto Loan,975288.43,13.14,Active,2025-04-28
877,3603,Home Loan,2505695.66,6.91,Active,2024-12-04
878,7894,Auto Loan,684152.96,12.69,Active,2024-03-26
879,6224,Auto Loan,583321.09,10.59,Active,2022-10-13
880,3601,Personal Loan,177138.34,9.92,Active,2024-10-03
881,1234,Home Loan,2618130.75,9.64,Active,2025-11-12
882,1854,Personal Loan,194538.65,9.68,Active,2024-12-17
883,7052,Auto Loan,564815.48,9.82,Active,2023-11-15
884,5786,Auto Loan,478235.89,10.05,Active,2022-05-24
885,6589,Personal Loan,268170.58,11.64,Overdue,2024-07-21
886,4125,Education Loan,510485.41,12.21,Closed,2023-08-20
887,9806,Personal Loan,256514.29,12.09,Overdue,2023-09-08
888,912,Personal Loan,185009.66,10.92,Overdue,2024-05-28
889,1043,Home Loan,2859996.96,10.95,Closed,2023-07-26
890,9818,Personal Loan,182986.12,12.63,Overdue,2023-02-12
891,1332,Personal Loan,208624.22,11.92,Closed,2025-06-07
892,534,Education Loan,95596.97,11.27,Overdue,2024-10-07
893,6320,Personal Loan,384732.88,10.84,Active,2025-05-30
894,3997,Auto Loan,690167.94,9.85,Active,2025-09-24
895,6394,Personal Loan,309654.23,13.61,Overdue,2024-04-11
896,2514,Education Loan,583979.34,11.91,Overdue,2025-07-28
897,3850,Personal Loan,239749.07,9.38,Active,2025-06-16
898,4959,Auto Loan,684679.84,8.17,Closed,2023-12-16
899,7403,Personal Loan,405758.17,8.98,Overdue,2023-04-13
900,5729,Home Loan,3237924.51,10.68,Active,2025-01-18
901,2823,Education Loan,584680.05,9.51,Active,2025-03-27
902,7509,Personal Loan,293578.4,12.79,Active,2024-07-04
903,8579,Education Loan,222153.08,12.91,Active,2022-10-15
904,7468,Auto Loan,357584.39,11.0,Closed,2022-11-25
905,7368,Education Loan,141011.98,9.57,Closed,2024-08-18
906,3179,Auto Loan,694842.84,8.41,Closed,2024-07-12
907,1498,Auto Loan,729454.11,9.8,Overdue,2025-01-28
908,2043,Education Loan,467188.48,11.67,Overdue,2022-11-21
909,870,Personal Loan,158296.8,8.16,Active,2023-02-25
910,5862,Personal Loan,171835.87,13.28,Active,2023-11-13
911,9029,Auto Loan,1055800.51,6.0,Active,2024-04-14
912,7284,Education Loan,352301.79,11.03,Overdue,2023-11-23
913,8167,Education Loan,353700.27,11.12,Active,2022-10-06
914,6696,Personal Loan,238660.98,10.86,Active,2022-02-09
915,531,Auto Loan,707883.42,10.85,Active,2022-08-14
916,4309,Home Loan,3931263.05,13.04,Active,2024-12-02
917,3941,Education Loan,457296.81,10.85,Closed,2024-08-31
918,7249,Education Loan,511441.07,10.28,Active,2022-04-09
919,4266,Personal Loan,257603.0,9.24,Closed,2022-03-30
920,406,Auto Loan,603308.3,11.72,Active,2024-12-25
921,2106,Home Loan,3616493.83,12.31,Active,2025-01-08
922,7954,Home Loan,1846281.88,10.47,Active,2022-07-26
923,1539,Auto Loan,1139994.06,10.99,Active,2025-02-09
924,183,Auto Loan,450576.18,6.62,Active,2025-05-12
925,1681,Education Loan,506332.81,8.43,Active,2025-02-03
926,1052,Personal Loan,172965.88,11.67,Closed,2023-03-20
927,396,Personal Loan,404843.23,10.78,Overdue,2025-10-03
928,6009,Education Loan,332446.13,10.43,Active,2025-02-11
929,5899,Auto Loan,1087051.7,8.98,Overdue,2024-12-20
930,3139,Education Loan,547700.07,11.92,Active,2022-10-22
931,1213,Personal Loan,425728.11,9.02,Active,2023-11-20
932,4329,Auto Loan,701349.09,9.86,Active,2022-01-12
933,377,Education Loan,587075.0,12.28,Active,2025-06-12
934,6263,Auto Loan,733276.14,10.01,Overdue,2025-09-02
935,1807,Education Loan,439560.17,13.02,Active,2025-08-18
936,3585,Education Loan,547080.72,9.91,Closed,2022-11-28
937,1053,Home Loan,2033689.56,6.73,Closed,2025-07-14
938,3402,Personal Loan,315138.39,7.93,Active,2022-08-13
939,7193,Education Loan,613308.14,8.57,Active,2025-09-27
940,9430,Education Loan,240715.46,7.94,Closed,2025-06-12
941,4327,Education Loan,331492.95,7.12,Closed,2025-08-03
942,5098,Personal Loan,163783.87,6.84,Overdue,2025-07-03
943,7747,Auto Loan,239362.67,12.42,Closed,2025-09-22
944,4416,Education Loan,327682.13,12.43,Overdue,2023-09-24
945,4861,Personal Loan,147366.21,6.55,Closed,2024-09-10
946,1823,Personal Loan,54842.76,12.63,Overdue,2025-01-31
947,8214,Auto Loan,354860.16,10.73,Active,2024-06-08
948,8690,Education Loan,770345.31,11.4,Closed,2023-04-07
949,9220,Home Loan,2826037.71,6.09,Active,2024-07-27
950,1918,Personal Loan,239201.26,11.1,Active,2025-10-16
951,6783,Personal Loan,285667.71,7.38,Active,2023-12-22
952,6509,Education Loan,631314.82,12.96,Active,2023-10-01
953,8646,Auto Loan,1107648.58,9.39,Closed,2025-02-20
954,7087,Education Loan,874655.4,12.64,Active,2024-11-21
955,1879,Education Loan,364210.25,6.84,Active,2024-05-16
956,7657,Personal Loan,264327.52,11.69,Active,2024-05-23
957,6319,Home Loan,3732947.85,8.09,Closed,2023-07-13
958,8917,Auto Loan,812742.9,13.05,Active,2023-06-11
959,4114,Auto Loan,317964.06,11.1,Active,2022-10-20
960,7600,Personal Loan,211086.56,11.73,Active,2024-04-24
961,2578,Home Loan,4231386.46,8.97,Active,2024-11-01
962,9421,Education Loan,938782.48,10.11,Active,2025-11-06
963,1104,Auto Loan,824284.16,9.34,Overdue,2025-03-01
964,3601,Auto Loan,752913.86,10.78,Overdue,2023-03-10
965,4611,Education Loan,424165.91,8.93,Closed,2024-02-26
966,6088,Auto Loan,702242.3,7.84,Active,2023-02-03
967,4224,Home Loan,3387678.27,9.19,Active,2022-06-19
968,4724,Home Loan,1374643.97,10.66,Active,2025-05-28
969,5419,Home Loan,771286.35,13.28,Active,2025-10-24
970,2352,Education Loan,564188.79,8.59,Closed,2023-01-16
971,2557,Personal Loan,316376.08,9.93,Active,2025-04-22
972,1278,Home Loan,3441013.64,11.11,Closed,2024-04-29
973,6764,Home Loan,2968840.56,9.96,Active,2023-03-02
974,5331,Auto Loan,402756.85,11.39,Active,2024-08-05
975,4664,Personal Loan,119728.68,11.22,Overdue,2022-04-03
976,187,Education Loan,769661.91,10.02,Overdue,2025-07-02
977,3132,Personal Loan,316577.33,10.2,Active,2022-07-07
978,8896,Education Loan,551634.82,10.73,Active,2024-03-16
979,3202,Home Loan,2224453.76,8.76,Active,2024-05-15
980,5396,Auto Loan,999547.25,8.45,Active,2022-03-23
981,8518,Home Loan,2294044.19,8.24,Active,2022-09-19
982,7829,Home Loan,2366154.46,11.81,Active,2024-09-25
983,4712,Personal Loan,265582.41,6.0,Overdue,2022-06-09
984,2750,Education Loan,230252.18,10.59,Active,2025-02-19
985,4931,Home Loan,3570736.62,8.43,Closed,2022-11-28
986,6953,Personal Loan,298534.84,11.03,Overdue,2022-03-13
987,1903,Auto Loan,755755.05,14.96,Active,2025-08-16
988,2214,Personal Loan,404792.53,9.4,Closed,2025-05-13
989,1556,Home Loan,1005640.79,11.33,Overdue,2022-12-15
990,8041,Education Loan,355125.42,9.1,Overdue,2024-12-28
991,7575,Auto Loan,936067.33,10.68,Closed,2022-11-27
992,472,Education Loan,524930.76,14.47,Closed,2025-12-18
993,2902,Auto Loan,530501.81,10.26,Active,2025-08-22
994,1424,Auto Loan,508288.63,8.88,Closed,2024-12-23
995,7401,Education Loan,659459.75,11.3,Overdue,2024-12-11
996,2945,Auto Loan,871484.14,10.39,Active,2024-12-13
997,504,Home Loan,3818838.87,10.47,Closed,2024-06-15
998,6102,Home Loan,4027178.83,12.1,Active,2022-03-17
999,9998,Home Loan,2310065.14,12.83,Active,2023-06-19
1000,5780,Home Loan,3402580.9,10.94,Active,2022-03-03
1001,9305,Education Loan,275129.03,9.82,Active,2025-12-04
1002,6572,Home Loan,2777756.69,15.81,Closed,2024-09-13
1003,9339,Auto Loan,1194969.44,9.14,Active,2024-08-05
1004,3532,Auto Loan,994042.2,6.84,Active,2022-03-14
1005,4084,Home Loan,866484.37,9.69,Active,2024-06-26
1006,3673,Education Loan,465544.01,11.78,Active,2022-07-27
1007,5679,Education Loan,226182.75,8.76,Closed,2023-05-26
1008,9356,Personal Loan,387127.46,8.64,Active,2024-01-16
1009,522,Personal Loan,257628.26,8.61,Active,2025-03-12
1010,6937,Personal Loan,374651.13,11.05,Active,2023-07-29
1011,9140,Home Loan,2130301.91,9.24,Closed,2023-11-01
1012,9975,Personal Loan,189844.05,13.23,Active,2024-04-06
1013,9448,Home Loan,2422840.58,10.76,Overdue,2023-03-27
1014,7936,Home Loan,2054265.79,10.46,Closed,2022-02-05
1015,3747,Auto Loan,459276.37,9.41,Closed,2022-10-17
1016,4260,Home Loan,1860253.67,10.05,Active,2025-11-30
1017,2350,Education Loan,236577.2,14.78,Active,2023-02-15
1018,6106,Home Loan,4235847.91,9.46,Overdue,2024-08-14
1019,398,Auto Loan,535112.72,8.59,Active,2022-12-28
1020,9005,Home Loan,786062.21,14.83,Active,2023-08-15
1021,7900,Home Loan,3282342.84,9.83,Closed,2022-11-30
1022,960,Auto Loan,285496.29,8.83,Active,2022-11-14
1023,6808,Education Loan,420660.86,11.74,Overdue,2022-07-26
1024,3828,Auto Loan,307370.01,10.57,Closed,2025-12-15
1025,8065,Auto Loan,670161.53,11.93,Active,2024-08-02
1026,6069,Personal Loan,204106.2,10.23,Active,2023-08-16
1027,7850,Home Loan,2556614.22,13.19,Overdue,2022-09-08
1028,2564,Auto Loan,742713.47,9.04,Active,2024-12-21
1029,7347,Personal Loan,285869.23,10.52,Overdue,2023-05-27
1030,9768,Personal Loan,259267.43,11.82,Closed,2025-05-18
1031,1945,Auto Loan,489109.02,8.34,Active,2024-02-17
1032,930,Home Loan,3641462.75,10.89,Active,2025-04-10
1033,831,Auto Loan,712830.64,9.1,Active,2024-05-12
1034,8354,Home Loan,1233516.11,10.01,Overdue,2023-08-12
1035,939,Education Loan,332652.59,12.58,Active,2025-02-07
1036,7827,Home Loan,1483098.66,8.73,Active,2022-11-25
1037,937,Personal Loan,294776.76,11.63,Active,2023-09-21
1038,6848,Personal Loan,239769.0,8.96,Active,2023-06-24
1039,9159,Auto Loan,825919.35,8.66,Active,2025-02-17
1040,4924,Auto Loan,62341.28,9.54,Active,2025-08-28
1041,4555,Personal Loan,447863.32,11.04,Active,2023-02-05
1042,3400,Home Loan,2425005.35,10.41,Overdue,2024-03-23
1043,9502,Education Loan,218023.24,10.15,Active,2023-01-20
1044,1899,Home Loan,1910581.7,14.7,Closed,2023-09-19
1045,8726,Education Loan,457850.48,13.76,Overdue,2025-07-09
1046,4427,Auto Loan,1348402.76,10.0,Active,2023-10-28
1047,8060,Auto Loan,585752.99,10.6,Closed,2023-06-23
1048,9288,Home Loan,2985301.54,12.2,Overdue,2025-03-24
1049,2490,Home Loan,1037748.18,9.71,Active,2022-01-23
1050,7441,Personal Loan,322125.72,11.09,Active,2025-07-30
1051,275,Personal Loan,160574.25,11.91,Closed,2024-03-28
1052,4878,Personal Loan,394470.33,11.39,Active,2023-02-21
1053,1938,Education Loan,311933.05,9.13,Closed,2025-06-12
1054,247,Education Loan,444531.87,10.32,Active,2022-04-21
1055,2714,Home Loan,2326704.82,11.57,Overdue,2025-06-21
1056,1512,Education Loan,634213.38,9.93,Closed,2025-11-03
1057,2375,Home Loan,3286144.3,6.57,Active,2024-10-24
1058,5117,Education Loan,330305.1,10.15,Active,2025-04-06
1059,4418,Home Loan,3421420.96,12.64,Overdue,2025-11-30
1060,4535,Home Loan,469139.73,9.66,Active,2023-02-02
1061,6903,Personal Loan,260862.22,6.0,Active,2025-09-16
1062,8843,Personal Loan,240100.31,13.19,Overdue,2023-04-13
1063,1173,Home Loan,1175283.94,9.4,Overdue,2022-03-02
1064,6803,Auto Loan,384889.03,11.22,Active,2025-09-30
1065,5970,Personal Loan,122662.9,12.44,Active,2025-04-18
1066,883,Auto Loan,721123.09,9.59,Active,2023-09-18
1067,878,Education Loan,762776.52,8.72,Closed,2023-03-17
1068,5409,Auto Loan,589489.64,14.3,Active,2022-03-13
1069,7457,Personal Loan,229128.48,10.21,Active,2024-04-21
1070,4096,Personal Loan,261814.5,6.14,Closed,2024-04-15
1071,6852,Personal Loan,447622.33,10.87,Overdue,2022-05-19
1072,3109,Home Loan,1553191.46,7.38,Overdue,2022-05-21
1073,3665,Home Loan,1957234.96,13.35,Closed,2023-01-31
1074,6438,Auto Loan,754631.19,11.95,Active,2024-03-10
1075,2711,Personal Loan,360730.74,12.68,Active,2023-10-28
1076,4860,Education Loan,364376.2,10.16,Active,2022-09-09
1077,4351,Home Loan,1388145.12,7.81,Active,2022-07-06
1078,5853,Personal Loan,267879.24,11.22,Active,2024-01-28
1079,8287,Auto Loan,831309.73,10.58,Closed,2024-06-26
1080,1143,Education Loan,424980.45,12.72,Closed,2022-02-15
1081,2493,Auto Loan,633081.31,10.61,Active,2024-08-04
1082,7720,Home Loan,3153791.85,11.68,Closed,2024-06-11
1083,5791,Education Loan,543598.7,10.4,Active,2022-06-17
1084,8790,Home Loan,867978.16,10.22,Active,2024-11-17
1085,4710,Home Loan,1507227.48,10.7,Overdue,2025-08-31
1086,8496,Auto Loan,722863.28,11.57,Active,2024-02-17
1087,8899,Personal Loan,217816.3,8.61,Active,2025-06-16
1088,4808,Home Loan,4771949.32,11.41,Active,2025-10-15
1089,5147,Home Loan,2363413.9,9.4,Active,2024-07-17
1090,4996,Auto Loan,1229761.52,11.22,Active,2023-07-01
1091,5767,Home Loan,1785613.6,11.08,Closed,2025-01-04
1092,8399,Personal Loan,314604.59,7.32,Active,2025-10-12
1093,8790,Education Loan,424907.67,6.14,Active,2023-11-21
1094,9957,Home Loan,4200483.29,10.1,Overdue,2025-10-03
1095,8748,Auto Loan,755745.72,11.1,Closed,2025-02-22
1096,972,Personal Loan,387894.8,10.48,Active,2024-07-25
1097,3028,Auto Loan,380018.1,11.32,Active,2024-09-28
1098,7227,Personal Loan,213420.86,8.17,Active,2023-04-11
1099,3689,Personal Loan,481024.03,9.59,Active,2023-09-21
1100,4482,Auto Loan,583821.87,8.74,Overdue,2023-05-21
1101,545,Personal Loan,140952.49,10.2,Active,2025-06-20
1102,993,Home Loan,3498296.54,8.35,Closed,2025-05-20
1103,9886,Education Loan,615327.03,11.89,Overdue,2022-09-12
1104,7991,Home Loan,2291418.99,9.3,Closed,2025-06-14
1105,8530,Personal Loan,244266.63,12.65,Overdue,2022-07-23
1106,4231,Education Loan,516915.06,9.14,Active,2022-09-03
1107,6542,Home Loan,2364580.88,11.32,Overdue,2023-07-13
1108,6505,Personal Loan,372047.72,6.0,Closed,2025-09-09
1109,1426,Education Loan,714231.92,8.85,Active,2024-07-22
1110,7443,Education Loan,785984.34,9.97,Active,2024-07-30
1111,3036,Auto Loan,934155.18,9.96,Overdue,2025-01-02
1112,3682,Home Loan,2898368.6,8.37,Active,2022-04-08
1113,4131,Education Loan,137406.94,11.2,Overdue,2022-12-31
1114,1636,Personal Loan,186488.8,12.37,Active,2024-04-09
1115,7286,Personal Loan,268588.46,10.93,Active,2023-03-23
1116,4065,Personal Loan,302520.04,11.95,Closed,2025-05-14
1117,7381,Education Loan,779161.92,12.03,Closed,2025-06-24
1118,4488,Auto Loan,761585.65,11.61,Closed,2022-03-20
1119,2855,Auto Loan,1067401.97,9.58,Active,2024-09-22
1120,5721,Home Loan,2118601.63,12.97,Closed,2025-04-07
1121,3064,Education Loan,662098.96,8.66,Active,2025-05-21
1122,5401,Personal Loan,144494.54,10.09,Overdue,2025-09-15
1123,739,Education Loan,443816.67,8.69,Overdue,2022-10-12
1124,1659,Auto Loan,884488.51,7.82,Closed,2024-09-29
1125,8726,Education Loan,911983.07,10.45,Active,2024-03-12
1126,2595,Personal Loan,205181.23,9.93,Active,2022-10-24
1127,9885,Education Loan,217533.39,10.17,Active,2023-06-21
1128,9433,Auto Loan,685562.26,9.75,Active,2023-02-15
1129,2427,Personal Loan,320873.9,8.97,Active,2022-11-25
1130,3217,Home Loan,2386110.06,8.96,Closed,2023-06-01
1131,4145,Auto Loan,585339.02,9.69,Active,2024-10-10
1132,6436,Education Loan,375565.27,11.78,Active,2023-03-06
1133,3354,Personal Loan,145657.25,10.57,Active,2024-09-13
1134,7506,Personal Loan,253025.67,10.8,Overdue,2023-02-03
1135,4228,Education Loan,760915.27,9.75,Active,2024-04-27
1136,4635,Home Loan,3157532.21,7.26,Closed,2025-09-26
1137,7186,Education Loan,233122.24,9.91,Active,2024-07-16
1138,6759,Education Loan,409329.38,11.21,Active,2025-12-16
1139,7446,Education Loan,534509.76,11.56,Active,2025-09-18
1140,1127,Personal Loan,140566.39,12.47,Active,2023-07-23
1141,9982,Auto Loan,955764.32,11.03,Active,2024-12-14
1142,2626,Education Loan,593822.13,9.04,Active,2023-06-18
1143,4093,Personal Loan,234534.94,10.67,Active,2022-08-30
1144,372,Personal Loan,164563.01,10.69,Active,2024-08-31
1145,6876,Education Loan,394149.07,7.43,Closed,2025-02-23
1146,5586,Personal Loan,239488.36,8.97,Active,2023-06-21
1147,1433,Personal Loan,203370.81,11.56,Active,2023-10-01
1148,9917,Personal Loan,277329.62,8.77,Closed,2022-05-13
1149,4541,Personal Loan,295300.74,9.07,Active,2023-08-01
1150,4874,Auto Loan,785899.11,8.72,Active,2022-07-17
1151,8784,Education Loan,277507.78,10.84,Overdue,2022-02-05
1152,8950,Education Loan,599254.27,12.09,Active,2025-09-21
1153,2973,Auto Loan,816091.7,8.63,Active,2023-04-21
1154,490,Home Loan,2720254.11,13.24,Closed,2024-03-27
1155,5360,Personal Loan,325177.02,11.05,Active,2025-08-29
1156,1240,Home Loan,3180480.8,9.84,Overdue,2025-10-24
1157,5949,Auto Loan,734331.34,14.76,Overdue,2025-12-03
1158,2040,Personal Loan,254164.78,10.27,Active,2023-07-03
1159,9381,Education Loan,605688.09,9.04,Active,2025-09-03
1160,2578,Education Loan,488081.19,9.48,Active,2022-02-27
1161,7524,Home Loan,1254416.62,10.36,Active,2022-02-05
1162,109,Auto Loan,902422.03,8.59,Active,2024-06-23
1163,2201,Home Loan,611091.76,11.61,Active,2023-01-08
1164,3984,Personal Loan,220346.01,12.49,Active,2022-01-24
1165,7022,Education Loan,195364.51,10.79,Active,2025-05-29
1166,9611,Education Loan,717104.77,8.5,Closed,2024-03-26
1167,4193,Home Loan,2954703.6,8.35,Closed,2022-01-03
1168,2302,Home Loan,3016852.46,7.92,Closed,2023-03-29
1169,9742,Personal Loan,255504.4,8.66,Active,2024-01-25
1170,2855,Auto Loan,1274772.59,8.48,Active,2024-12-01
1171,2899,Education Loan,727923.64,12.0,Active,2023-05-06
1172,8479,Home Loan,1921723.38,11.26,Active,2025-08-14
1173,3751,Home Loan,2927368.92,9.32,Active,2022-04-29
1174,8515,Personal Loan,223932.27,8.15,Active,2023-09-15
1175,6459,Education Loan,478085.9,11.2,Active,2023-08-05
1176,1129,Auto Loan,266213.96,11.28,Active,2023-02-13
1177,5931,Education Loan,511113.29,15.88,Active,2023-11-14
1178,8560,Personal Loan,219681.07,8.24,Overdue,2025-04-06
1179,8922,Home Loan,2614218.86,6.56,Overdue,2022-02-27
1180,9917,Personal Loan,268623.75,9.35,Active,2024-02-09
1181,1020,Education Loan,389114.08,13.42,Active,2025-07-22
1182,2899,Education Loan,816539.55,8.92,Active,2024-12-08
1183,5046,Auto Loan,370546.92,10.72,Closed,2024-01-12
1184,6631,Auto Loan,803563.77,9.39,Overdue,2023-10-21
1185,7079,Personal Loan,350055.09,8.12,Active,2022-05-26
1186,8831,Auto Loan,612077.6,9.42,Active,2023-09-30
1187,9189,Education Loan,367871.82,9.11,Overdue,2023-01-07
1188,7166,Auto Loan,852886.87,10.22,Active,2024-09-03
1189,3172,Personal Loan,273931.14,9.07,Closed,2023-04-28
1190,9357,Personal Loan,200410.5,11.14,Closed,2024-04-22
1191,1035,Auto Loan,645121.18,13.48,Active,2025-06-17
1192,7763,Personal Loan,470480.89,14.21,Active,2024-01-04
1193,5501,Personal Loan,249974.41,11.41,Closed,2025-01-02
1194,5921,Personal Loan,165312.0,11.3,Overdue,2022-02-04
1195,8164,Personal Loan,107054.16,9.63,Active,2025-09-17
1196,2738,Education Loan,446489.39,10.23,Overdue,2024-10-27
1197,3259,Home Loan,1195948.96,12.55,Closed,2023-10-07
1198,5680,Auto Loan,781876.23,7.29,Overdue,2025-09-21
1199,3931,Auto Loan,655924.64,9.95,Active,2023-02-19
1200,8706,Personal Loan,205695.74,10.29,Active,2022-10-22
1201,9266,Home Loan,986259.15,12.24,Active,2024-05-23
1202,4941,Home Loan,1950635.0,8.31,Closed,2023-11-25
1203,1924,Education Loan,654358.73,11.28,Active,2024-11-05
1204,9454,Education Loan,684512.65,11.77,Active,2023-10-23
1205,3361,Home Loan,2716467.2,12.35,Active,2023-05-12
1206,4934,Personal Loan,257524.98,11.47,Active,2022-03-26
1207,7261,Home Loan,3271643.24,12.1,Active,2023-04-15
1208,3912,Education Loan,912211.37,6.63,Overdue,2025-07-25
1209,3490,Home Loan,1792173.34,12.17,Active,2024-02-20
1210,6412,Home Loan,2533050.74,6.94,Active,2023-11-09
1211,5727,Education Loan,540765.25,11.76,Closed,2025-01-04
1212,4110,Education Loan,321788.31,12.65,Closed,2024-07-03
1213,222,Personal Loan,349981.44,10.57,Active,2023-06-26
1214,5524,Education Loan,740247.39,11.32,Closed,2024-06-04
1215,4115,Personal Loan,170283.25,14.15,Overdue,2025-04-06
1216,8224,Home Loan,2162942.84,10.65,Overdue,2022-11-14
1217,605,Home Loan,2192761.14,7.99,Active,2025-03-21
1218,1310,Personal Loan,138009.5,7.9,Active,2024-09-16
1219,3502,Auto Loan,907463.86,10.35,Overdue,2024-03-29
1220,7091,Home Loan,3783260.14,13.4,Overdue,2024-09-29
1221,2464,Education Loan,389097.41,6.62,Active,2025-11-27
1222,8138,Home Loan,3461220.49,12.72,Active,2025-10-09
1223,3111,Education Loan,396458.38,13.74,Closed,2023-09-23
1224,5902,Personal Loan,329936.81,8.78,Active,2024-10-14
1225,9535,Auto Loan,517680.84,12.17,Active,2022-03-13
1226,5919,Personal Loan,236734.02,11.76,Active,2022-06-30
1227,262,Personal Loan,286386.45,12.46,Active,2022-09-17
1228,8548,Home Loan,3057891.97,11.59,Active,2024-05-25
1229,4290,Personal Loan,179981.73,10.44,Overdue,2022-08-03
1230,3290,Personal Loan,172382.99,8.22,Active,2024-01-26
1231,5141,Home Loan,2452871.68,9.72,Overdue,2025-02-24
1232,1377,Home Loan,2116605.78,9.12,Active,2024-08-01
1233,7639,Auto Loan,862871.85,13.23,Active,2022-06-09
1234,6553,Home Loan,2248967.81,10.59,Closed,2024-05-07
1235,7140,Personal Loan,280722.93,10.27,Active,2025-02-20
1236,3581,Auto Loan,809550.26,10.19,Active,2022-03-27
1237,640,Education Loan,499088.18,12.14,Active,2022-04-08
1238,4159,Personal Loan,221617.68,9.65,Active,2025-03-04
1239,2778,Auto Loan,328621.31,10.22,Closed,2023-12-31
1240,2333,Auto Loan,946446.0,8.37,Overdue,2024-04-03
1241,1333,Home Loan,1877588.44,12.09,Closed,2024-08-18
1242,1404,Home Loan,2677770.51,11.52,Active,2022-06-16
1243,8535,Home Loan,2912737.84,11.95,Active,2023-06-25
1244,2049,Personal Loan,408887.95,9.66,Active,2023-10-01
1245,8150,Auto Loan,676633.63,10.96,Active,2022-08-05
1246,7741,Home Loan,1100109.06,11.39,Overdue,2025-06-10
1247,9862,Auto Loan,622662.52,9.45,Active,2022-02-24
1248,3467,Education Loan,618211.78,9.97,Active,2024-12-30
1249,4775,Personal Loan,252565.09,12.9,Active,2025-11-19
1250,5183,Education Loan,438294.81,7.57,Active,2022-10-31
1251,7453,Education Loan,577988.18,10.95,Closed,2025-05-09
1252,1059,Auto Loan,808634.17,15.22,Active,2022-08-25
1253,509,Personal Loan,97531.51,10.87,Closed,2023-12-31
1254,5911,Education Loan,719435.31,13.07,Overdue,2024-11-30
1255,8674,Auto Loan,771853.93,13.03,Active,2025-04-25
1256,9688,Personal Loan,267514.16,10.08,Closed,2023-11-23
1257,4495,Home Loan,1642113.14,14.64,Closed,2024-07-30
1258,2799,Personal Loan,222065.35,8.56,Closed,2023-05-01
1259,2629,Auto Loan,878965.07,7.31,Active,2024-06-10
1260,3716,Home Loan,2015713.46,8.49,Closed,2023-12-31
1261,7379,Personal Loan,349965.7,9.57,Closed,2025-03-07
1262,7125,Home Loan,2352314.31,9.25,Closed,2022-02-06
1263,3727,Auto Loan,781310.64,7.22,Overdue,2023-10-16
1264,5370,Home Loan,2904538.65,10.28,Active,2022-11-10
1265,7550,Education Loan,263269.59,11.19,Closed,2023-12-21
1266,1057,Home Loan,2466365.76,10.44,Active,2022-04-10
1267,8945,Auto Loan,297342.02,9.76,Active,2024-05-26
1268,7133,Auto Loan,418103.31,9.43,Active,2023-07-31
1269,671,Personal Loan,263101.07,6.85,Active,2023-07-24
1270,772,Auto Loan,1076846.5,7.26,Active,2022-09-13
1271,1248,Personal Loan,217869.33,10.29,Closed,2024-06-11
1272,8689,Personal Loan,71688.31,9.39,Active,2024-06-15
1273,9058,Education Loan,397841.45,11.42,Closed,2022-06-17
1274,5512,Personal Loan,50000.0,11.04,Active,2024-09-16
1275,7018,Home Loan,2526559.47,12.21,Active,2022-08-09
1276,6150,Auto Loan,610333.11,11.1,Active,2025-05-17
1277,7173,Personal Loan,206211.71,7.54,Closed,2025-11-25
1278,1656,Auto Loan,1122782.32,8.24,Active,2023-05-10
1279,7225,Personal Loan,66896.57,10.03,Active,2025-11-05
1280,2422,Home Loan,2135911.44,13.97,Closed,2025-07-17
1281,3451,Home Loan,1847466.33,9.44,Overdue,2025-09-07
1282,5642,Personal Loan,150137.32,8.91,Active,2025-07-03
1283,8744,Auto Loan,575100.7,11.61,Closed,2022-03-06
1284,5243,Auto Loan,619247.76,7.09,Closed,2024-11-01
1285,5323,Personal Loan,380562.99,8.62,Active,2022-11-19
1286,7551,Home Loan,3419228.61,7.5,Overdue,2023-01-19
1287,4295,Auto Loan,1254947.5,7.48,Active,2024-05-21
1288,6024,Home Loan,1163132.56,6.0,Active,2025-10-01
1289,4047,Home Loan,2713885.5,14.2,Closed,2024-03-16
1290,7103,Auto Loan,418256.28,11.21,Closed,2025-03-14
1291,397,Education Loan,360098.47,10.75,Active,2025-08-02
1292,7961,Personal Loan,290625.85,7.63,Closed,2023-12-18
1293,7406,Education Loan,496440.93,11.64,Active,2025-11-01
1294,5855,Personal Loan,250776.68,12.13,Active,2025-03-30
1295,9897,Home Loan,2811300.83,12.36,Active,2025-02-19
1296,9886,Education Loan,462242.37,11.14,Active,2023-12-05
1297,467,Home Loan,742637.49,11.32,Active,2023-03-13
1298,479,Home Loan,1711715.13,11.8,Overdue,2022-06-24
1299,998,Personal Loan,199639.31,10.87,Overdue,2025-06-15
1300,8665,Education Loan,206582.64,6.0,Active,2024-09-21
1301,6216,Education Loan,545266.44,9.91,Closed,2025-01-05
1302,1448,Home Loan,851745.77,10.75,Active,2025-12-30
1303,6609,Personal Loan,401788.07,12.68,Active,2023-01-05
1304,2017,Home Loan,2019717.01,9.71,Active,2025-02-24
1305,3120,Auto Loan,424193.38,6.84,Closed,2024-09-26
1306,1830,Personal Loan,168843.73,7.53,Overdue,2022-05-13
1307,606,Personal Loan,195235.75,6.67,Overdue,2025-02-17
1308,1807,Home Loan,3010281.85,8.98,Active,2023-01-09
1309,6841,Home Loan,2028253.45,10.95,Overdue,2024-01-05
1310,7545,Education Loan,247807.78,9.4,Active,2022-03-20
1311,5761,Education Loan,444118.14,11.39,Active,2024-01-12
1312,5548,Home Loan,2512825.3,7.94,Active,2023-04-18
1313,7088,Auto Loan,987157.78,9.6,Active,2022-11-30
1314,4503,Personal Loan,361597.02,16.37,Closed,2024-08-17
1315,254,Auto Loan,491495.17,12.69,Active,2024-05-30
1316,9025,Home Loan,2640810.9,13.11,Closed,2024-09-04
1317,4945,Personal Loan,303272.85,11.03,Active,2024-02-03
1318,5833,Home Loan,3492917.46,9.36,Overdue,2022-04-21
1319,2085,Education Loan,666456.89,11.01,Overdue,2025-04-24
1320,3089,Education Loan,224615.2,10.81,Active,2025-06-28
1321,9627,Personal Loan,185155.96,10.93,Active,2022-09-04
1322,9639,Home Loan,1375721.05,9.95,Active,2025-06-24
1323,7250,Personal Loan,197894.57,10.47,Active,2022-01-12
1324,333,Home Loan,1405529.49,7.64,Active,2025-01-25
1325,4010,Personal Loan,225523.78,12.93,Active,2024-01-25
1326,4058,Auto Loan,983127.29,11.31,Overdue,2024-11-19
1327,9940,Education Loan,603229.74,14.11,Active,2025-09-18
1328,3195,Auto Loan,806852.37,12.58,Active,2022-02-20
1329,2974,Personal Loan,263462.95,9.48,Closed,2023-07-13
1330,8942,Auto Loan,777688.15,13.47,Active,2024-07-13
1331,3867,Auto Loan,564263.3,8.21,Active,2023-08-11
1332,3589,Personal Loan,280942.57,6.22,Overdue,2025-11-12
1333,2748,Auto Loan,759363.44,8.56,Closed,2023-02-03
1334,7265,Education Loan,468105.68,9.59,Active,2024-11-07
1335,1926,Auto Loan,594533.59,8.46,Active,2022-08-19
1336,7262,Education Loan,585028.23,11.91,Closed,2025-09-24
1337,5855,Education Loan,50000.0,12.46,Overdue,2023-02-08
1338,4202,Education Loan,591048.72,9.82,Active,2023-05-18
1339,6902,Personal Loan,180955.35,13.18,Active,2023-03-06
1340,3262,Home Loan,2499916.3,9.06,Active,2023-04-07
1341,9644,Personal Loan,156671.83,9.44,Closed,2022-12-14
1342,2055,Auto Loan,998253.09,9.52,Overdue,2025-05-05
1343,3132,Education Loan,759754.11,7.03,Active,2022-11-13
1344,3408,Education Loan,288419.37,8.64,Overdue,2024-03-02
1345,571,Education Loan,542934.08,9.39,Overdue,2025-01-02
1346,2011,Auto Loan,1002341.7,13.02,Closed,2024-03-05
1347,2690,Personal Loan,160606.45,7.27,Overdue,2023-09-06
1348,7342,Education Loan,583152.49,7.71,Active,2024-03-09
1349,2313,Home Loan,2938568.34,10.17,Active,2023-10-18
1350,22,Home Loan,2189334.94,7.42,Active,2023-04-16
1351,1315,Auto Loan,819562.56,11.42,Active,2024-02-25
1352,5115,Home Loan,1691115.18,17.61,Active,2023-09-26
1353,8028,Auto Loan,645710.76,8.94,Active,2022-04-18
1354,4152,Home Loan,5227960.63,6.0,Overdue,2023-10-01
1355,4447,Personal Loan,162417.64,11.15,Active,2024-03-08
1356,2574,Home Loan,3278584.3,10.28,Active,2025-07-30
1357,332,Home Loan,1964005.73,10.82,Active,2024-01-14
1358,13,Education Loan,272449.08,11.9,Active,2024-10-08
1359,6674,Auto Loan,750784.46,11.37,Active,2025-01-16
1360,5977,Education Loan,113002.78,12.18,Overdue,2023-11-27
1361,5758,Education Loan,808731.13,13.53,Active,2025-12-14
1362,1236,Personal Loan,246572.96,9.15,Active,2025-03-22
1363,4481,Education Loan,562090.75,11.72,Closed,2022-08-28
1364,8588,Auto Loan,635162.09,10.17,Overdue,2024-07-15
1365,7526,Personal Loan,235394.58,9.02,Active,2025-06-21
1366,7613,Education Loan,420937.12,10.57,Active,2023-05-05
1367,4002,Personal Loan,379108.31,8.25,Active,2023-04-03
1368,4799,Auto Loan,307091.46,11.67,Active,2024-11-21
1369,4077,Education Loan,824476.52,14.87,Closed,2025-05-02
1370,9482,Home Loan,3467738.34,9.8,Active,2024-02-19
1371,7838,Education Loan,654108.92,9.83,Active,2022-07-07
1372,7388,Personal Loan,368425.04,9.56,Overdue,2024-12-09
1373,8082,Personal Loan,333220.93,12.81,Active,2023-04-11
1374,8922,Personal Loan,144290.2,9.51,Closed,2023-01-09
1375,6288,Home Loan,1574304.67,12.49,Closed,2024-02-11
1376,639,Personal Loan,257219.11,12.03,Active,2022-01-08
1377,2222,Personal Loan,236874.44,9.44,Active,2024-03-23
1378,4625,Home Loan,3255266.21,13.37,Active,2022-01-13
1379,9721,Education Loan,410457.42,13.3,Closed,2025-04-11
1380,7844,Personal Loan,319703.53,11.88,Overdue,2025-12-19
1381,6885,Education Loan,702668.15,10.28,Closed,2024-03-03
1382,1779,Education Loan,756788.55,10.77,Closed,2023-01-24
1383,2804,Education Loan,498801.47,8.12,Active,2025-09-29
1384,307,Education Loan,484000.51,9.93,Active,2023-12-08
1385,858,Auto Loan,495492.18,10.84,Active,2024-02-28
1386,5565,Personal Loan,312599.14,9.41,Closed,2023-09-28
1387,6021,Education Loan,290861.15,7.44,Active,2023-07-13
1388,7155,Education Loan,822074.87,9.61,Active,2022-07-28
1389,1243,Personal Loan,256780.2,8.49,Closed,2025-07-17
1390,1445,Personal Loan,234575.97,15.0,Overdue,2025-08-28
1391,7179,Education Loan,178111.08,11.22,Active,2025-01-16
1392,7099,Education Loan,318729.67,10.02,Overdue,2024-05-05
1393,5164,Home Loan,970213.99,11.88,Active,2024-12-23
1394,3480,Personal Loan,310455.07,9.55,Closed,2024-01-10
1395,6904,Auto Loan,517005.53,12.24,Active,2022-10-16
1396,1790,Education Loan,542527.05,9.7,Active,2025-09-28
1397,6419,Education Loan,812436.89,11.82,Active,2024-07-19
1398,352,Auto Loan,597900.89,10.96,Closed,2024-10-10
1399,9364,Education Loan,666718.46,10.68,Active,2025-10-04
1400,7578,Education Loan,262490.28,7.66,Overdue,2025-09-07
1401,4638,Personal Loan,341155.79,14.84,Overdue,2024-09-16
1402,873,Personal Loan,271148.21,12.48,Active,2023-04-30
1403,3670,Home Loan,1026315.26,11.83,Active,2022-12-12
1404,6888,Education Loan,355147.44,7.19,Overdue,2024-08-23
1405,2458,Home Loan,2191813.72,10.82,Overdue,2024-09-03
1406,6022,Personal Loan,166175.0,9.82,Active,2024-02-16
1407,3564,Education Loan,374489.27,9.75,Active,2022-04-24
1408,2194,Home Loan,2413125.59,9.66,Active,2022-08-22
1409,8075,Personal Loan,213299.76,8.29,Active,2024-02-11
1410,8154,Personal Loan,312214.48,11.43,Active,2022-09-24
1411,6876,Auto Loan,1051915.64,16.03,Active,2022-11-25
1412,2117,Personal Loan,497712.1,9.7,Overdue,2025-08-08
1413,8758,Auto Loan,869461.28,9.06,Active,2023-09-06
1414,2222,Home Loan,2218014.13,11.6,Active,2025-08-07
1415,5466,Home Loan,2576271.97,9.87,Overdue,2022-04-11
1416,8985,Home Loan,3366650.16,8.74,Active,2024-08-31
1417,1737,Auto Loan,1314567.66,13.76,Active,2022-12-10
1418,1892,Home Loan,1129236.72,12.46,Overdue,2024-07-11
1419,3141,Auto Loan,967811.51,10.33,Active,2023-04-25
1420,1108,Personal Loan,296926.98,9.32,Active,2023-12-10
1421,7708,Personal Loan,168534.49,13.06,Active,2023-03-23
1422,7242,Education Loan,506342.85,12.32,Closed,2025-05-26
1423,7770,Education Loan,311686.71,9.44,Overdue,2024-03-10
1424,3001,Auto Loan,856473.72,10.48,Overdue,2022-01-05
1425,6178,Auto Loan,1622226.05,9.72,Active,2024-09-19
1426,1199,Home Loan,2134409.37,11.46,Overdue,2024-03-05
1427,5009,Education Loan,369432.78,9.1,Active,2025-02-02
1428,3949,Education Loan,990105.96,8.16,Active,2024-04-30
1429,4727,Home Loan,3133351.93,10.49,Overdue,2025-08-29
1430,1530,Auto Loan,372476.77,11.17,Overdue,2024-01-16
1431,2332,Home Loan,2896957.63,11.27,Overdue,2025-02-03
1432,313,Education Loan,293574.94,11.75,Active,2022-11-01
1433,3051,Auto Loan,1043155.9,15.15,Overdue,2025-12-14
1434,8250,Auto Loan,965239.07,7.03,Active,2022-12-30
1435,8987,Personal Loan,183319.18,12.47,Active,2025-09-07
1436,6720,Auto Loan,735868.57,10.23,Active,2023-09-30
1437,8989,Auto Loan,695957.37,10.51,Closed,2024-05-20
1438,5051,Home Loan,2713706.27,11.14,Closed,2022-11-17
1439,1248,Auto Loan,367017.65,9.33,Closed,2024-06-04
1440,5656,Personal Loan,165091.13,10.79,Active,2025-05-18
1441,7231,Personal Loan,162139.03,6.0,Overdue,2022-05-18
1442,8761,Auto Loan,1131578.54,10.19,Active,2024-06-02
1443,4203,Education Loan,822173.93,8.35,Closed,2022-09-10
1444,4601,Home Loan,2277799.57,11.06,Closed,2022-06-24
1445,3910,Personal Loan,328695.71,9.21,Active,2025-09-04
1446,6234,Personal Loan,332630.25,9.7,Overdue,2023-10-10
1447,3882,Auto Loan,265535.8,8.79,Active,2024-05-20
1448,7450,Personal Loan,195472.2,13.29,Active,2024-06-19
1449,1181,Education Loan,535770.92,10.43,Active,2023-08-22
1450,661,Education Loan,587391.5,7.09,Overdue,2022-12-05
1451,5566,Personal Loan,239346.08,6.27,Active,2024-02-11
1452,9308,Auto Loan,427541.85,7.58,Active,2024-10-13
1453,8353,Auto Loan,1008678.3,7.27,Active,2023-06-27
1454,805,Personal Loan,474548.32,13.59,Closed,2023-08-18
1455,2295,Personal Loan,179023.01,8.87,Active,2022-10-17
1456,1728,Personal Loan,223001.55,9.13,Active,2023-09-24
1457,6194,Education Loan,400191.45,8.89,Active,2022-07-18
1458,8045,Personal Loan,327425.08,7.45,Active,2024-07-07
1459,5569,Education Loan,580398.78,12.29,Active,2022-06-25
1460,1704,Home Loan,3791641.83,9.05,Active,2024-08-04
1461,6814,Home Loan,3042212.56,8.65,Closed,2022-10-19
1462,5049,Education Loan,430105.51,8.96,Active,2023-07-03
1463,6916,Personal Loan,92704.34,9.72,Active,2025-10-06
1464,492,Personal Loan,204584.96,8.08,Overdue,2022-08-25
1465,7597,Auto Loan,511097.87,11.45,Closed,2023-09-09
1466,3306,Home Loan,3140460.79,8.7,Overdue,2025-11-17
1467,7989,Auto Loan,1180372.02,13.33,Closed,2025-08-16
1468,6775,Home Loan,2499819.39,10.3,Overdue,2023-12-18
1469,8757,Education Loan,613185.85,7.9,Closed,2024-01-12
1470,5211,Auto Loan,489679.96,12.9,Closed,2022-10-22
1471,5413,Auto Loan,570109.05,12.24,Closed,2023-04-13
1472,7117,Personal Loan,179825.02,6.98,Active,2025-05-02
1473,8149,Auto Loan,590532.97,15.75,Active,2024-06-23
1474,3128,Education Loan,412003.95,10.9,Closed,2025-05-08
1475,7905,Auto Loan,420474.91,13.09,Active,2023-07-29
1476,9695,Education Loan,563934.49,10.24,Overdue,2025-01-04
1477,3807,Education Loan,504253.21,12.96,Overdue,2024-06-26
1478,6036,Auto Loan,541431.64,8.79,Active,2022-10-11
1479,5021,Education Loan,254305.47,7.7,Active,2022-03-14
1480,7959,Education Loan,389108.82,7.74,Active,2024-10-29
1481,1352,Education Loan,734439.42,13.19,Active,2023-09-04
1482,5110,Education Loan,413880.65,11.47,Active,2022-08-07
1483,5881,Auto Loan,499685.06,10.85,Active,2023-07-14
1484,4131,Education Loan,351692.28,11.03,Active,2024-08-01
1485,426,Personal Loan,228084.85,13.26,Closed,2022-04-18
1486,3556,Personal Loan,130067.81,11.84,Overdue,2022-07-15
1487,2594,Home Loan,3791328.58,11.29,Overdue,2022-11-21
1488,6551,Auto Loan,649445.74,7.16,Overdue,2025-12-02
1489,1328,Personal Loan,269425.25,12.04,Closed,2023-03-14
1490,4252,Home Loan,1982657.23,11.08,Active,2023-08-17
1491,7179,Home Loan,3298605.39,11.16,Active,2025-06-12
1492,1251,Personal Loan,187767.97,10.18,Closed,2022-08-09
1493,7089,Home Loan,2545354.19,13.38,Active,2025-11-10
1494,3286,Personal Loan,295259.9,14.28,Overdue,2023-08-05
1495,6831,Auto Loan,352519.59,8.89,Active,2025-10-24
1496,3974,Home Loan,2769958.87,11.69,Active,2022-12-25
1497,6475,Personal Loan,408517.26,8.69,Closed,2023-06-15
1498,8278,Personal Loan,183484.99,8.51,Active,2022-11-21
1499,9805,Education Loan,542578.1,13.1,Active,2023-10-19
1500,7536,Home Loan,3875772.35,7.68,Active,2022-12-23
1501,4192,Auto Loan,703379.93,11.48,Active,2025-06-17
1502,2420,Home Loan,4150323.72,11.65,Closed,2025-09-12
1503,4364,Home Loan,1840083.67,9.38,Active,2025-01-08
1504,8492,Auto Loan,869924.85,11.07,Closed,2024-11-23
1505,6140,Education Loan,549786.36,9.48,Closed,2024-06-11
1506,8605,Personal Loan,256422.91,8.98,Active,2025-02-10
1507,2435,Auto Loan,468672.62,9.86,Active,2025-09-26
1508,884,Auto Loan,1065732.86,8.0,Overdue,2024-06-20
1509,6653,Personal Loan,185051.87,10.46,Active,2024-04-07
1510,5530,Personal Loan,205546.57,10.51,Active,2023-03-18
1511,5888,Home Loan,3034665.56,8.83,Overdue,2025-09-24
1512,8084,Home Loan,1537703.59,7.48,Overdue,2024-09-02
1513,5982,Auto Loan,849838.72,9.53,Active,2022-02-14
1514,7194,Personal Loan,295483.92,11.53,Closed,2025-11-02
1515,9080,Personal Loan,209155.96,10.18,Closed,2024-10-27
1516,4065,Auto Loan,868226.8,9.44,Active,2022-02-20
1517,1088,Auto Loan,433669.98,11.02,Overdue,2022-03-16
1518,5549,Personal Loan,70449.44,11.06,Closed,2022-01-28
1519,7749,Education Loan,666428.95,13.4,Active,2024-08-15
1520,7703,Personal Loan,281727.32,9.43,Overdue,2023-02-09
1521,3192,Home Loan,2468208.99,7.26,Active,2025-08-12
1522,980,Auto Loan,603012.85,13.53,Closed,2022-01-26
1523,1232,Personal Loan,260794.31,12.64,Active,2025-08-21
1524,8011,Education Loan,525603.01,7.31,Active,2024-01-07
1525,2920,Education Loan,712063.41,12.15,Overdue,2023-01-12
1526,5986,Personal Loan,243430.32,13.71,Closed,2022-06-27
1527,853,Home Loan,1057660.58,12.46,Closed,2025-09-24
1528,1207,Home Loan,1773229.37,11.0,Active,2022-03-07
1529,6794,Home Loan,2711719.52,9.74,Overdue,2025-10-10
1530,7429,Auto Loan,377720.38,8.44,Active,2024-04-10
1531,1690,Auto Loan,554671.1,10.2,Active,2024-09-20
1532,6032,Personal Loan,173576.34,8.5,Active,2024-11-19
1533,3602,Auto Loan,870340.28,10.92,Active,2022-05-27
1534,639,Personal Loan,325780.55,10.86,Active,2023-07-16
1535,8542,Auto Loan,600588.5,11.08,Active,2022-06-06
1536,7577,Auto Loan,979329.19,7.52,Active,2023-12-26
1537,9247,Auto Loan,1052334.16,11.11,Active,2024-08-08
1538,8735,Personal Loan,310637.56,6.93,Active,2023-10-24
1539,8330,Home Loan,3142359.43,12.77,Active,2025-01-11
1540,545,Home Loan,3214147.87,8.82,Active,2023-10-08
1541,7411,Auto Loan,418459.82,8.64,Active,2023-12-20
1542,7089,Home Loan,2600380.68,9.39,Active,2022-12-10
1543,1875,Personal Loan,258254.09,10.59,Closed,2025-01-24
1544,3100,Home Loan,2034112.2,9.36,Active,2025-12-23
1545,7026,Education Loan,145319.52,11.75,Active,2022-11-25
1546,4430,Home Loan,2857344.28,8.58,Overdue,2024-09-10
1547,813,Personal Loan,159898.82,12.34,Closed,2024-07-03
1548,9829,Auto Loan,459190.42,11.09,Closed,2025-05-28
1549,5343,Auto Loan,257416.54,11.0,Active,2025-10-09
1550,5303,Auto Loan,800451.53,8.5,Active,2025-11-14
1551,4839,Personal Loan,218627.98,11.46,Active,2023-01-14
1552,4501,Personal Loan,193421.05,8.04,Active,2022-10-01
1553,8364,Home Loan,2785612.42,8.51,Overdue,2025-10-05
1554,4992,Personal Loan,248383.1,13.4,Active,2022-10-07
1555,8424,Home Loan,1026102.26,9.54,Active,2022-04-01
1556,5015,Education Loan,352874.15,7.07,Active,2025-03-17
1557,688,Personal Loan,233729.27,10.67,Active,2024-10-14
1558,7926,Personal Loan,251747.55,10.07,Active,2023-09-03
1559,7441,Education Loan,488301.03,10.3,Overdue,2025-05-23
1560,9323,Auto Loan,635428.62,6.49,Active,2024-01-29
1561,5744,Auto Loan,649014.02,7.78,Active,2023-07-29
1562,460,Personal Loan,237413.03,11.26,Active,2023-02-09
1563,4021,Education Loan,427175.76,6.76,Closed,2025-08-23
1564,3854,Home Loan,2773472.11,12.51,Closed,2024-10-15
1565,3225,Home Loan,3347984.39,9.38,Overdue,2022-04-28
1566,6959,Personal Loan,236764.6,10.27,Active,2024-01-11
1567,7758,Home Loan,1413608.79,14.84,Active,2023-02-13
1568,9493,Education Loan,809887.82,11.15,Closed,2023-09-08
1569,7398,Education Loan,431083.24,9.81,Closed,2022-07-17
1570,4728,Personal Loan,205788.42,12.46,Overdue,2025-04-18
1571,4699,Personal Loan,432140.64,12.14,Overdue,2025-03-01
1572,1040,Personal Loan,250653.65,11.99,Closed,2022-07-21
1573,7111,Auto Loan,560937.65,12.33,Active,2025-02-24
1574,1773,Auto Loan,613429.74,9.36,Overdue,2024-07-23
1575,1038,Education Loan,870508.22,10.93,Overdue,2024-02-24
1576,8935,Education Loan,336477.53,12.32,Overdue,2022-07-22
1577,3447,Personal Loan,354031.79,11.5,Closed,2024-01-16
1578,7995,Personal Loan,237054.44,9.15,Active,2025-11-30
1579,7008,Auto Loan,594934.74,11.42,Closed,2022-07-04
1580,7369,Education Loan,268826.91,9.58,Active,2023-07-18
1581,1187,Education Loan,593498.58,9.52,Closed,2023-06-06
1582,1383,Personal Loan,264185.55,10.74,Active,2024-04-25
1583,424,Auto Loan,695953.1,8.44,Closed,2022-12-21
1584,3980,Home Loan,4093512.78,9.03,Active,2023-04-04
1585,7184,Auto Loan,335220.65,7.82,Active,2023-09-29
1586,1364,Auto Loan,515124.74,11.29,Overdue,2022-09-28
1587,3224,Auto Loan,434973.73,11.12,Active,2024-10-02
1588,377,Education Loan,739011.64,11.32,Active,2022-02-17
1589,4010,Personal Loan,308176.83,10.77,Active,2023-05-04
1590,9437,Home Loan,2547298.13,10.41,Active,2024-09-06
1591,9295,Education Loan,720470.24,10.62,Active,2023-02-27
1592,8880,Auto Loan,662012.5,11.59,Overdue,2023-12-31
1593,2508,Education Loan,259422.05,9.02,Active,2024-08-06
1594,9467,Personal Loan,119895.02,11.12,Active,2023-02-01
1595,6409,Personal Loan,417136.97,9.29,Active,2022-02-04
1596,9055,Home Loan,946694.5,10.39,Closed,2024-03-25
1597,1602,Personal Loan,355848.0,10.14,Overdue,2023-04-07
1598,5551,Auto Loan,512045.25,10.24,Active,2025-10-21
1599,6857,Auto Loan,347466.28,11.46,Overdue,2024-10-16
1600,7469,Auto Loan,403614.3,9.0,Active,2022-05-15
1601,777,Auto Loan,965635.55,9.96,Closed,2023-12-23
1602,3527,Education Loan,443815.65,10.73,Overdue,2023-02-06
1603,7322,Auto Loan,992320.41,12.79,Active,2023-10-21
1604,1883,Home Loan,1865719.39,7.42,Active,2022-01-14
1605,9660,Personal Loan,300038.15,7.27,Closed,2022-07-31
1606,4228,Home Loan,2981741.34,9.11,Active,2023-03-01
1607,1796,Education Loan,743460.31,10.61,Closed,2025-04-07
1608,9348,Education Loan,544346.27,10.27,Closed,2025-07-08
1609,2994,Education Loan,615360.98,10.67,Active,2024-07-11
1610,6136,Personal Loan,217669.21,9.35,Overdue,2023-08-09
1611,6958,Education Loan,518537.55,11.37,Active,2022-05-10
1612,9215,Home Loan,3386634.12,6.16,Active,2024-12-08
1613,5378,Home Loan,3920734.03,9.51,Overdue,2022-03-24
1614,2875,Auto Loan,712217.8,8.05,Active,2025-06-28
1615,848,Education Loan,446508.16,10.06,Active,2023-07-05
1616,417,Personal Loan,349960.36,13.11,Closed,2024-06-19
1617,6792,Auto Loan,578632.31,12.09,Closed,2022-09-20
1618,1375,Personal Loan,185697.49,13.33,Active,2024-07-07
1619,358,Auto Loan,465689.91,12.54,Active,2023-05-26
1620,4801,Personal Loan,209087.29,7.55,Closed,2023-07-28
1621,2613,Auto Loan,677952.78,9.56,Closed,2025-10-24
1622,6205,Home Loan,3208104.33,8.23,Closed,2023-10-24
1623,1295,Education Loan,376740.46,10.24,Active,2022-10-02
1624,6237,Auto Loan,646296.99,8.74,Active,2025-04-02
1625,6094,Home Loan,2415607.22,10.12,Active,2025-06-04
1626,2948,Personal Loan,299462.09,10.59,Overdue,2022-01-03
1627,5322,Education Loan,362028.35,14.69,Active,2025-04-13
1628,6520,Education Loan,322266.8,14.59,Active,2024-12-04
1629,1038,Education Loan,322780.29,11.41,Closed,2025-03-16
1630,3443,Personal Loan,411202.92,12.38,Overdue,2025-01-07
1631,9555,Personal Loan,357355.61,10.6,Active,2025-07-06
1632,8521,Education Loan,797069.16,8.28,Overdue,2022-01-19
1633,3362,Home Loan,2414891.38,6.84,Overdue,2024-02-16
1634,7422,Personal Loan,232957.31,11.38,Active,2025-05-25
1635,7855,Personal Loan,224177.19,9.29,Overdue,2023-04-28
1636,8635,Home Loan,2042902.08,12.27,Active,2025-02-05
1637,8590,Home Loan,3796171.81,7.33,Closed,2023-01-07
1638,8308,Education Loan,716104.35,6.35,Active,2024-06-06
1639,6971,Personal Loan,461152.95,9.31,Active,2025-11-13
1640,9524,Auto Loan,963106.18,10.42,Active,2022-10-30
1641,5638,Education Loan,728945.37,9.57,Active,2025-04-09
1642,2451,Auto Loan,449171.24,14.96,Active,2025-01-05
1643,5465,Education Loan,529490.94,11.99,Active,2024-05-01
1644,9625,Auto Loan,1251458.44,9.91,Overdue,2024-07-25
1645,2636,Education Loan,298575.35,10.18,Active,2023-01-12
1646,823,Personal Loan,394161.67,9.3,Overdue,2022-03-23
1647,3865,Personal Loan,50000.0,9.96,Active,2024-02-17
1648,8162,Home Loan,1545185.45,10.68,Active,2022-11-26
1649,7991,Auto Loan,449192.25,6.17,Active,2025-05-27
1650,2343,Home Loan,2854697.81,7.03,Active,2024-12-07
1651,7552,Personal Loan,236734.43,11.1,Closed,2024-07-22
1652,8715,Personal Loan,354013.25,13.65,Active,2022-01-09
1653,7731,Home Loan,2162621.57,10.48,Active,2023-05-08
1654,9049,Education Loan,364659.71,12.63,Active,2023-01-08
1655,9544,Home Loan,2672701.14,6.59,Active,2023-12-06
1656,9866,Auto Loan,535446.91,8.99,Active,2023-09-03
1657,9698,Personal Loan,286992.28,10.12,Active,2023-08-03
1658,3422,Personal Loan,50000.0,6.0,Active,2024-10-04
1659,8089,Personal Loan,281959.89,8.74,Closed,2023-04-15
1660,1346,Auto Loan,791316.31,10.8,Closed,2025-09-17
1661,8393,Home Loan,2886422.46,14.32,Active,2023-08-27
1662,2685,Personal Loan,229034.45,8.28,Closed,2022-12-02
1663,3851,Auto Loan,965775.35,7.83,Active,2024-03-08
1664,9413,Education Loan,885802.61,14.01,Active,2023-06-17
1665,9075,Home Loan,2219056.53,11.09,Overdue,2025-10-19
1666,3889,Education Loan,752000.63,8.73,Active,2024-05-29
1667,9249,Auto Loan,782020.07,13.3,Active,2025-02-20
1668,4430,Home Loan,3722614.74,13.33,Active,2022-09-28
1669,6827,Education Loan,398008.26,11.98,Closed,2025-04-28
1670,3767,Home Loan,1371692.45,11.45,Closed,2025-06-21
1671,8068,Education Loan,619889.82,8.26,Active,2022-02-22
1672,6033,Personal Loan,277229.64,9.99,Active,2022-01-18
1673,9337,Auto Loan,760814.64,9.42,Active,2025-06-25
1674,6525,Personal Loan,114546.73,10.82,Closed,2022-10-27
1675,7012,Auto Loan,958302.74,12.31,Active,2022-01-21
1676,4981,Education Loan,899452.55,12.76,Overdue,2024-05-05
1677,8857,Personal Loan,282184.43,9.36,Overdue,2022-06-19
1678,2594,Education Loan,336127.84,7.2,Overdue,2022-05-06
1679,8259,Auto Loan,371269.22,8.46,Active,2023-06-30
1680,8454,Auto Loan,709497.44,11.68,Closed,2024-11-29
1681,1189,Home Loan,2165763.8,12.56,Closed,2025-05-21
1682,5193,Education Loan,224337.77,10.63,Overdue,2024-05-12
1683,773,Education Loan,600044.17,6.0,Active,2024-07-29
1684,32,Home Loan,2457816.27,10.26,Closed,2023-04-30
1685,2852,Home Loan,3725943.82,12.96,Active,2025-11-20
1686,4305,Education Loan,439142.97,12.51,Active,2024-08-25
1687,8558,Education Loan,529564.96,7.45,Active,2023-11-28
1688,6115,Auto Loan,334365.13,11.8,Active,2022-04-01
1689,1442,Education Loan,319779.88,11.74,Overdue,2023-03-15
1690,2528,Auto Loan,738895.51,9.98,Active,2023-11-15
1691,3418,Auto Loan,719194.63,15.54,Active,2025-10-28
1692,3127,Education Loan,534310.5,13.26,Closed,2023-06-14
1693,9525,Education Loan,842911.14,12.2,Active,2022-03-05
1694,9779,Home Loan,1186880.89,11.72,Overdue,2023-04-03
1695,1472,Auto Loan,524401.7,14.11,Active,2025-05-18
1696,8637,Auto Loan,965600.51,10.17,Active,2025-07-10
1697,9771,Education Loan,446277.5,10.12,Active,2025-08-10
1698,4400,Home Loan,3402874.53,10.88,Active,2025-06-09
1699,9255,Auto Loan,915438.22,6.97,Active,2025-05-09
1700,3927,Personal Loan,207254.55,7.88,Active,2024-04-21
1701,60,Personal Loan,261816.8,10.81,Closed,2025-10-03
1702,7042,Personal Loan,277890.28,10.87,Active,2024-10-05
1703,5631,Auto Loan,815821.76,7.39,Closed,2023-08-24
1704,148,Education Loan,437938.22,9.0,Active,2023-05-04
1705,5969,Personal Loan,310938.53,9.0,Closed,2024-03-26
1706,4456,Auto Loan,613664.55,8.58,Closed,2024-12-17
1707,841,Home Loan,2599017.69,11.35,Active,2025-05-26
1708,2164,Personal Loan,264909.74,9.44,Closed,2023-01-09
1709,7585,Education Loan,478012.33,11.37,Closed,2023-05-31
1710,3022,Personal Loan,227223.31,12.29,Overdue,2022-08-26
1711,6026,Personal Loan,239118.63,13.94,Active,2023-05-02
1712,5682,Education Loan,647669.69,9.67,Active,2022-05-05
1713,2108,Personal Loan,369545.2,9.69,Active,2024-06-01
1714,5625,Education Loan,699082.47,7.09,Active,2024-04-09
1715,3890,Education Loan,329073.71,8.67,Closed,2022-07-27
1716,5964,Personal Loan,213557.76,10.42,Overdue,2025-02-16
1717,2213,Auto Loan,1119965.55,12.23,Active,2023-12-10
1718,4844,Home Loan,2438158.42,13.76,Overdue,2022-01-08
1719,5815,Home Loan,932326.36,9.75,Active,2023-03-04
1720,7395,Education Loan,581445.86,12.48,Active,2025-07-19
1721,3010,Education Loan,342630.77,7.95,Overdue,2025-01-05
1722,3820,Auto Loan,590761.77,7.84,Active,2025-03-16
1723,4060,Home Loan,2971428.68,8.58,Active,2024-04-24
1724,9798,Auto Loan,318091.37,11.2,Active,2025-11-01
1725,935,Education Loan,434149.83,7.55,Active,2025-11-18
1726,2231,Home Loan,2406639.93,11.84,Overdue,2023-10-11
1727,7195,Education Loan,1009870.34,10.94,Active,2023-01-12
1728,5223,Education Loan,314116.87,13.99,Active,2023-01-23
1729,8362,Education Loan,506504.9,12.44,Active,2023-02-01
1730,1767,Education Loan,527670.01,10.95,Closed,2025-12-10
1731,4889,Education Loan,425562.06,13.07,Active,2024-03-01
1732,6781,Home Loan,1620765.14,8.42,Closed,2023-08-05
1733,3895,Personal Loan,287057.92,8.75,Active,2025-02-06
1734,9040,Auto Loan,531157.09,10.33,Closed,2025-07-22
1735,4545,Auto Loan,604077.04,11.44,Closed,2025-05-09
1736,5753,Personal Loan,175754.89,8.42,Overdue,2022-11-26
1737,238,Personal Loan,94668.89,11.34,Overdue,2025-09-14
1738,3224,Education Loan,668050.12,10.48,Active,2022-10-11
1739,1658,Auto Loan,928286.48,14.05,Active,2023-04-02
1740,3186,Home Loan,2835189.6,8.64,Active,2024-05-03
1741,8771,Education Loan,415559.28,12.55,Active,2024-01-02
1742,3338,Auto Loan,695245.48,8.5,Active,2022-10-06
1743,4950,Education Loan,547308.87,9.4,Active,2022-02-27
1744,196,Education Loan,746575.16,9.82,Closed,2023-12-14
1745,3176,Home Loan,3072954.01,12.32,Overdue,2023-04-21
1746,2369,Personal Loan,201115.08,10.06,Closed,2025-03-29
1747,1607,Education Loan,123795.54,11.13,Active,2023-02-07
1748,1765,Auto Loan,716649.61,6.0,Active,2022-03-30
1749,3744,Auto Loan,840350.42,8.41,Active,2025-01-02
1750,7285,Education Loan,674980.49,14.25,Closed,2022-02-13
1751,8938,Auto Loan,240583.93,6.81,Active,2022-06-01
1752,1992,Personal Loan,338681.3,11.64,Active,2023-08-13
1753,5998,Auto Loan,566411.42,10.6,Overdue,2023-04-04
1754,6936,Education Loan,312769.5,9.39,Overdue,2023-08-18
1755,603,Education Loan,620365.67,9.57,Active,2024-11-02
1756,2039,Education Loan,560016.2,8.56,Active,2023-06-21
1757,2209,Home Loan,2897334.58,11.39,Overdue,2022-10-28
1758,5092,Home Loan,3038087.74,12.13,Active,2023-10-18
1759,2558,Education Loan,328703.04,12.21,Active,2023-10-07
1760,5852,Personal Loan,209377.99,10.12,Active,2025-01-18
1761,6906,Auto Loan,901412.73,12.96,Active,2022-09-02
1762,2105,Education Loan,609157.6,6.82,Active,2023-07-01
1763,6613,Education Loan,767697.78,13.22,Active,2022-01-25
1764,5404,Home Loan,3700974.16,9.45,Active,2022-07-18
1765,6332,Home Loan,2116885.18,14.37,Active,2025-05-26
1766,271,Home Loan,2898002.16,11.19,Active,2023-09-09
1767,5317,Home Loan,3021868.8,11.79,Active,2023-11-15
1768,6235,Personal Loan,290159.03,12.45,Active,2025-05-06
1769,464,Personal Loan,105914.99,12.56,Active,2023-12-23
1770,4841,Auto Loan,972023.89,10.67,Closed,2025-04-08
1771,4452,Auto Loan,791765.54,9.4,Active,2022-02-25
1772,3346,Home Loan,3385380.19,11.45,Closed,2024-10-10
1773,72,Home Loan,2936895.13,12.48,Active,2023-04-09
1774,2549,Auto Loan,856410.75,12.71,Active,2022-05-20
1775,5588,Education Loan,347713.21,10.73,Active,2023-07-02
1776,667,Home Loan,2908361.66,11.49,Overdue,2023-07-04
1777,4974,Auto Loan,638797.0,9.25,Overdue,2023-04-18
1778,8216,Home Loan,2164742.83,12.88,Active,2023-03-22
1779,9465,Education Loan,623374.43,8.8,Active,2024-10-11
1780,1431,Home Loan,762108.74,10.9,Active,2025-12-09
1781,5750,Personal Loan,448295.87,11.71,Active,2022-02-26
1782,3323,Personal Loan,322872.04,9.98,Closed,2024-06-18
1783,3413,Education Loan,547332.04,10.39,Closed,2024-02-09
1784,242,Auto Loan,965638.8,7.62,Overdue,2022-10-17
1785,4395,Education Loan,419676.96,7.88,Overdue,2024-09-14
1786,4922,Auto Loan,842561.57,6.39,Active,2023-08-30
1787,5520,Home Loan,3816630.91,11.49,Active,2025-09-12
1788,4986,Education Loan,405775.4,10.02,Active,2023-10-12
1789,4842,Home Loan,2756652.09,10.9,Active,2023-05-20
1790,7768,Personal Loan,262933.78,10.34,Overdue,2024-09-04
1791,5118,Personal Loan,295497.03,7.82,Closed,2022-08-27
1792,1649,Education Loan,409070.25,9.84,Overdue,2024-08-25
1793,9440,Home Loan,369054.26,10.51,Active,2024-03-16
1794,4224,Education Loan,397320.46,10.05,Active,2025-10-22
1795,3414,Auto Loan,653923.53,8.94,Closed,2025-05-10
1796,7012,Auto Loan,510049.48,13.21,Overdue,2024-09-17
1797,4742,Personal Loan,191077.79,10.21,Active,2025-06-21
1798,4177,Education Loan,422403.15,11.29,Overdue,2025-05-25
1799,1927,Auto Loan,1340508.38,14.26,Overdue,2024-04-10
1800,763,Personal Loan,214942.48,12.3,Closed,2023-08-23
1801,5593,Auto Loan,623348.76,12.5,Active,2025-03-22
1802,4631,Personal Loan,275088.39,10.9,Active,2025-01-14
1803,6863,Auto Loan,578630.89,10.47,Closed,2022-10-14
1804,3514,Personal Loan,275273.09,10.6,Closed,2023-04-07
1805,7060,Auto Loan,691354.53,8.81,Closed,2025-11-01
1806,9047,Auto Loan,914143.31,10.99,Active,2023-05-07
1807,9474,Education Loan,613929.2,10.93,Closed,2025-07-02
1808,9904,Home Loan,314521.96,12.32,Overdue,2022-01-16
1809,1599,Personal Loan,209810.91,11.48,Overdue,2023-03-08
1810,4052,Home Loan,3250856.17,11.48,Active,2022-11-15
1811,1499,Home Loan,1864774.33,6.99,Active,2022-09-02
1812,3052,Personal Loan,425671.45,10.83,Closed,2023-09-17
1813,9578,Education Loan,670562.9,8.36,Active,2023-03-02
1814,2126,Personal Loan,268126.77,10.31,Overdue,2022-03-25
1815,2596,Auto Loan,597900.67,13.79,Active,2025-07-06
1816,2723,Personal Loan,115503.46,12.19,Active,2023-03-16
1817,751,Auto Loan,576975.47,10.73,Active,2023-03-23
1818,5638,Education Loan,859525.37,10.39,Active,2025-02-19
1819,8970,Education Loan,752146.96,7.41,Active,2022-10-20
1820,7344,Personal Loan,196460.67,10.86,Active,2023-11-12
1821,4437,Personal Loan,128333.46,8.84,Active,2023-03-15
1822,1539,Auto Loan,771871.29,12.91,Closed,2025-01-22
1823,3023,Education Loan,577760.13,9.26,Overdue,2023-12-08
1824,587,Home Loan,4563342.72,10.55,Active,2025-08-24
1825,672,Auto Loan,871461.86,7.48,Active,2025-04-20
1826,9058,Auto Loan,416092.7,10.54,Active,2025-06-30
1827,6410,Auto Loan,990844.83,12.28,Closed,2023-07-27
1828,9626,Education Loan,643082.94,7.04,Active,2023-07-07
1829,2226,Auto Loan,443309.25,8.57,Closed,2024-08-15
1830,8015,Education Loan,739049.1,13.93,Active,2025-09-25
1831,2313,Personal Loan,293996.29,9.82,Closed,2025-07-04
1832,8461,Education Loan,658490.39,8.63,Closed,2024-11-20
1833,5741,Personal Loan,222335.08,8.76,Active,2023-05-16
1834,9431,Education Loan,117669.93,10.04,Overdue,2022-02-07
1835,1118,Personal Loan,207632.18,11.87,Overdue,2024-03-13
1836,1981,Education Loan,399814.31,10.15,Active,2024-04-27
1837,9872,Education Loan,418089.2,11.98,Active,2024-06-15
1838,6718,Home Loan,2448119.56,11.04,Overdue,2024-11-09
1839,4207,Home Loan,1443979.67,11.39,Active,2025-09-02
1840,1897,Personal Loan,280155.65,8.75,Closed,2024-04-24
1841,8174,Education Loan,380195.13,10.81,Active,2025-05-28
1842,1721,Education Loan,353539.4,11.95,Closed,2023-12-27
1843,9912,Home Loan,2018607.05,11.51,Closed,2022-08-06
1844,4225,Education Loan,498968.28,7.29,Overdue,2022-05-23
1845,264,Auto Loan,497978.06,13.34,Overdue,2024-07-16
1846,2901,Personal Loan,247092.19,11.09,Closed,2022-02-18
1847,3331,Auto Loan,423670.69,8.47,Overdue,2025-08-17
1848,8630,Home Loan,1242786.78,8.91,Active,2022-05-21
1849,3886,Education Loan,426552.11,8.14,Active,2022-03-22
1850,1890,Home Loan,1445714.97,8.78,Overdue,2023-10-13
1851,1910,Personal Loan,217354.79,11.34,Active,2023-02-22
1852,636,Personal Loan,147990.23,9.46,Overdue,2023-05-08
1853,9332,Education Loan,50000.0,11.98,Overdue,2022-04-25
1854,8604,Home Loan,1568496.24,7.37,Closed,2022-09-30
1855,1993,Auto Loan,945463.87,12.29,Closed,2022-09-07
1856,2274,Education Loan,308272.24,12.44,Active,2023-04-01
1857,1603,Personal Loan,321488.62,7.72,Closed,2024-04-14
1858,8456,Home Loan,2021101.17,13.7,Active,2023-12-27
1859,9903,Auto Loan,778065.89,8.45,Active,2022-01-14
1860,9329,Personal Loan,111698.66,10.12,Active,2025-07-16
1861,8487,Home Loan,2076756.45,10.38,Active,2022-06-11
1862,4569,Home Loan,3281774.81,12.56,Active,2023-12-29
1863,9568,Auto Loan,1119937.88,7.31,Overdue,2024-04-18
1864,6984,Education Loan,630519.88,12.88,Active,2025-10-25
1865,9496,Auto Loan,595518.07,12.06,Closed,2022-10-24
1866,7179,Personal Loan,160119.24,12.75,Active,2023-02-08
1867,9507,Auto Loan,982813.31,13.32,Overdue,2024-06-01
1868,9364,Education Loan,590722.33,12.16,Overdue,2025-10-15
1869,4817,Home Loan,3685975.94,8.41,Active,2025-05-01
1870,8431,Personal Loan,177591.76,12.54,Active,2025-06-11
1871,5118,Home Loan,4785914.58,9.42,Closed,2023-02-15
1872,7199,Auto Loan,750182.93,7.36,Active,2023-04-07
1873,2569,Personal Loan,176340.41,7.77,Active,2023-08-13
1874,1196,Home Loan,1841272.66,7.33,Closed,2022-04-29
1875,17,Home Loan,4190718.94,11.23,Active,2024-04-13
1876,6957,Home Loan,2585311.98,18.0,Closed,2025-01-06
1877,6435,Personal Loan,222888.43,7.81,Overdue,2025-09-22
1878,4876,Auto Loan,551932.02,7.02,Overdue,2022-06-14
1879,7714,Home Loan,3167456.24,10.96,Active,2022-09-03
1880,5210,Home Loan,933259.16,9.7,Active,2022-08-07
1881,8120,Personal Loan,385142.77,11.71,Active,2024-05-28
1882,9525,Education Loan,181391.62,10.1,Active,2023-09-28
1883,7965,Personal Loan,276045.17,11.11,Overdue,2023-05-10
1884,1205,Personal Loan,403070.44,6.72,Overdue,2022-07-06
1885,9415,Auto Loan,666869.36,16.1,Overdue,2022-05-03
1886,1087,Personal Loan,241490.62,9.82,Overdue,2024-06-19
1887,2705,Personal Loan,325450.41,12.12,Active,2023-09-20
1888,1040,Personal Loan,203178.13,13.19,Closed,2022-10-16
1889,569,Home Loan,2486340.44,12.99,Active,2022-03-29
1890,2240,Auto Loan,634142.6,8.04,Overdue,2024-08-23
1891,7051,Home Loan,3114846.33,14.89,Closed,2022-05-24
1892,6317,Home Loan,3323830.17,10.78,Active,2022-02-24
1893,3460,Personal Loan,390233.29,10.88,Active,2025-06-22
1894,4641,Personal Loan,353239.0,11.88,Closed,2024-09-28
1895,7681,Personal Loan,328133.12,10.44,Closed,2022-01-10
1896,5774,Home Loan,1988186.14,10.77,Active,2022-01-28
1897,3033,Auto Loan,737797.28,10.94,Active,2022-02-20
1898,7381,Auto Loan,919545.38,11.76,Active,2023-05-25
1899,300,Education Loan,793935.13,10.61,Active,2022-07-20
1900,8658,Education Loan,604083.93,8.5,Active,2025-02-16
1901,1244,Personal Loan,279157.53,11.67,Closed,2024-06-21
1902,444,Auto Loan,676921.02,12.45,Active,2023-02-13
1903,2706,Education Loan,404361.73,8.88,Active,2025-07-20
1904,8250,Home Loan,3821953.43,9.33,Active,2022-12-21
1905,4358,Education Loan,449486.47,7.47,Closed,2022-12-10
1906,3581,Home Loan,2319385.77,11.56,Closed,2022-07-29
1907,5860,Auto Loan,585960.4,7.81,Active,2024-08-31
1908,8806,Education Loan,394412.49,10.53,Active,2025-12-07
1909,8339,Auto Loan,729909.95,8.2,Overdue,2025-02-02
1910,4485,Home Loan,1872596.63,10.52,Closed,2025-11-28
1911,4965,Personal Loan,221431.49,14.01,Active,2023-12-09
1912,8963,Home Loan,2022517.42,11.78,Closed,2025-10-19
1913,1684,Home Loan,3222863.42,11.06,Closed,2023-09-04
1914,1414,Personal Loan,439457.02,12.19,Active,2025-05-11
1915,4277,Personal Loan,252876.41,9.87,Closed,2025-08-14
1916,8053,Auto Loan,678798.69,10.29,Active,2023-10-14
1917,2498,Auto Loan,444198.69,10.8,Active,2024-03-21
1918,4869,Personal Loan,314161.06,6.07,Overdue,2025-08-08
1919,5746,Education Loan,542509.29,10.59,Active,2022-03-20
1920,1858,Auto Loan,1141145.38,14.11,Active,2023-07-03
1921,3642,Education Loan,315590.86,9.23,Active,2025-12-13
1922,3290,Auto Loan,518170.55,10.51,Overdue,2023-01-24
1923,532,Auto Loan,624761.12,10.65,Active,2025-10-17
1924,5847,Auto Loan,212590.92,12.13,Active,2025-03-23
1925,7808,Auto Loan,631440.9,7.63,Overdue,2025-08-14
1926,1111,Auto Loan,777111.59,9.69,Overdue,2023-01-03
1927,8689,Auto Loan,773401.23,10.95,Active,2022-03-22
1928,1215,Education Loan,564532.77,8.64,Active,2022-02-27
1929,1145,Personal Loan,307166.39,10.72,Closed,2023-07-03
1930,8673,Education Loan,415214.83,7.77,Closed,2022-03-06
1931,9457,Home Loan,2673426.66,17.78,Active,2023-09-25
1932,4373,Home Loan,1792202.97,11.49,Active,2025-03-22
1933,8800,Home Loan,1751244.29,10.58,Active,2022-06-12
1934,5506,Home Loan,1150039.66,10.73,Active,2024-06-18
1935,2403,Auto Loan,323459.09,11.41,Active,2022-08-30
1936,3308,Education Loan,727336.92,6.29,Overdue,2022-08-27
1937,7936,Personal Loan,303746.76,15.35,Active,2023-05-14
1938,5244,Auto Loan,773778.6,8.38,Active,2023-08-02
1939,3626,Home Loan,3297561.91,10.66,Overdue,2025-01-05
1940,6845,Auto Loan,262879.17,8.62,Active,2023-08-23
1941,4235,Education Loan,389459.07,12.26,Closed,2023-04-02
1942,6580,Education Loan,399481.08,10.15,Active,2022-01-08
1943,6516,Home Loan,2924403.63,11.74,Active,2025-03-20
1944,259,Auto Loan,497653.09,8.82,Active,2022-11-28
1945,1627,Home Loan,3325154.24,9.63,Active,2023-07-18
1946,2044,Home Loan,1564369.79,11.58,Active,2025-10-14
1947,6342,Personal Loan,107531.06,10.7,Active,2025-07-08
1948,1968,Auto Loan,262335.22,13.06,Active,2025-10-20
1949,5283,Auto Loan,768435.94,9.89,Active,2024-09-11
1950,8242,Auto Loan,592975.16,12.4,Active,2022-08-17
1951,635,Personal Loan,225678.2,10.02,Active,2025-12-25
1952,6256,Home Loan,3029413.56,11.35,Closed,2022-04-01
1953,412,Home Loan,3405305.79,9.43,Closed,2022-07-27
1954,4614,Personal Loan,321896.39,12.06,Active,2023-03-19
1955,472,Home Loan,2209885.0,10.18,Closed,2025-03-29
1956,8191,Education Loan,625129.95,12.45,Overdue,2023-12-16
1957,611,Education Loan,514210.72,10.25,Active,2024-12-06
1958,6695,Home Loan,2889396.54,11.26,Active,2022-06-26
1959,2360,Personal Loan,250141.32,12.18,Closed,2024-07-11
1960,6412,Education Loan,498649.67,13.89,Active,2024-05-28
1961,3404,Education Loan,387509.27,10.9,Active,2022-01-13
1962,6417,Auto Loan,479698.61,8.92,Active,2025-04-24
1963,4110,Home Loan,2242458.14,8.53,Active,2025-10-01
1964,9347,Education Loan,670619.52,14.19,Active,2025-05-11
1965,6638,Personal Loan,244903.74,9.59,Overdue,2023-05-12
1966,2412,Education Loan,757620.28,9.03,Active,2022-10-07
1967,9311,Auto Loan,451579.63,11.13,Closed,2022-06-04
1968,5894,Home Loan,2098041.79,8.59,Overdue,2024-04-14
1969,2679,Personal Loan,96641.75,8.5,Active,2023-02-27
1970,6016,Education Loan,492790.22,12.95,Active,2024-07-30
1971,6867,Home Loan,2926739.77,9.55,Overdue,2025-07-17
1972,2332,Home Loan,3372768.55,8.41,Active,2024-01-30
1973,4327,Personal Loan,252673.0,13.36,Active,2022-08-08
1974,2695,Auto Loan,390263.98,12.61,Overdue,2022-01-07
1975,9636,Education Loan,435719.44,10.65,Active,2022-01-26
1976,573,Home Loan,1903705.65,10.47,Overdue,2023-04-25
1977,1640,Education Loan,442187.76,6.82,Closed,2022-04-28
1978,1179,Home Loan,2049522.13,9.54,Overdue,2025-10-03
1979,6925,Home Loan,2875215.14,10.97,Active,2023-05-27
1980,8835,Personal Loan,224794.3,9.31,Active,2024-08-12
1981,7807,Personal Loan,283087.53,12.01,Overdue,2022-05-30
1982,2203,Home Loan,2070678.28,13.32,Active,2022-05-09
1983,2112,Home Loan,838780.15,8.94,Active,2022-10-27
1984,2884,Education Loan,841849.2,13.25,Active,2023-04-26
1985,6979,Personal Loan,295865.43,13.95,Active,2022-06-05
1986,7220,Personal Loan,343961.21,11.42,Active,2022-10-09
1987,6839,Education Loan,786261.35,9.24,Overdue,2023-04-04
1988,1355,Personal Loan,268237.52,11.89,Active,2023-03-02
1989,2353,Education Loan,301783.28,9.24,Active,2022-05-10
1990,9260,Personal Loan,339685.73,9.1,Overdue,2023-10-12
1991,4423,Personal Loan,336562.09,10.06,Active,2023-11-03
1992,2991,Home Loan,951756.29,8.37,Active,2022-07-16
1993,5042,Personal Loan,218008.74,9.08,Active,2024-07-31
1994,3276,Education Loan,580957.01,11.79,Closed,2024-05-08
1995,4649,Personal Loan,382751.33,9.91,Active,2024-12-11
1996,8976,Personal Loan,349160.43,8.1,Closed,2025-06-12
1997,3128,Personal Loan,289791.24,9.45,Closed,2022-08-04
1998,8655,Auto Loan,390360.53,9.18,Overdue,2022-07-04
1999,7304,Home Loan,1820914.81,15.18,Active,2024-04-21
2000,2728,Auto Loan,452353.52,9.69,Active,2024-05-31
2001,4998,Personal Loan,50000.0,9.99,Overdue,2024-06-17
2002,9712,Education Loan,535833.57,13.16,Active,2025-11-26
2003,6559,Personal Loan,276627.94,11.7,Active,2022-09-13
2004,7612,Auto Loan,741072.23,11.3,Overdue,2025-05-02
2005,4415,Education Loan,384632.66,10.22,Active,2022-07-31
2006,5527,Education Loan,476365.77,12.24,Closed,2023-06-15
2007,4484,Education Loan,665192.45,10.15,Overdue,2025-11-07
2008,341,Auto Loan,859609.7,12.45,Closed,2023-05-04
2009,9769,Auto Loan,768210.63,7.59,Active,2023-07-18
2010,8997,Personal Loan,265618.42,11.64,Active,2022-10-06
2011,5397,Education Loan,546105.02,11.79,Active,2024-03-27
2012,5798,Education Loan,351343.82,6.03,Active,2022-05-26
2013,9662,Auto Loan,889477.41,10.96,Active,2024-12-18
2014,1957,Home Loan,3286483.98,12.25,Active,2024-12-08
2015,2934,Personal Loan,169216.42,12.54,Closed,2023-08-22
2016,701,Personal Loan,235763.08,9.16,Active,2023-03-12
2017,398,Home Loan,3241009.09,12.72,Active,2023-02-21
2018,7675,Auto Loan,848035.51,10.45,Active,2024-06-22
2019,2927,Education Loan,603096.76,11.24,Active,2025-05-18
2020,218,Personal Loan,218092.99,10.61,Overdue,2022-10-11
2021,8899,Home Loan,2787286.96,12.99,Active,2024-10-24
2022,6831,Auto Loan,1082820.56,13.28,Active,2022-04-30
2023,3277,Education Loan,344642.71,12.55,Active,2024-01-28
2024,4210,Personal Loan,361152.35,11.9,Overdue,2025-02-14
2025,5739,Personal Loan,323436.76,11.04,Active,2022-06-23
2026,2513,Home Loan,2028890.9,13.33,Active,2025-05-05
2027,2486,Home Loan,1326629.84,7.61,Active,2025-05-22
2028,474,Auto Loan,540279.01,6.0,Overdue,2024-12-04
2029,602,Education Loan,62680.0,12.56,Active,2023-02-11
2030,763,Education Loan,502405.81,9.08,Overdue,2024-05-27
2031,8582,Personal Loan,174739.6,9.68,Active,2022-11-20
2032,9416,Education Loan,414894.67,12.32,Active,2025-09-18
2033,5349,Personal Loan,306856.73,11.2,Active,2025-08-07
2034,4054,Personal Loan,145228.23,11.88,Overdue,2022-09-01
2035,591,Home Loan,2131591.22,11.78,Overdue,2023-07-24
2036,1799,Home Loan,4766363.47,10.25,Active,2023-05-08
2037,730,Education Loan,505976.93,10.21,Active,2024-07-17
2038,9417,Home Loan,2781822.3,9.24,Closed,2024-08-17
2039,9737,Home Loan,2109564.75,12.62,Overdue,2023-09-26
2040,8131,Personal Loan,281576.65,11.82,Active,2025-08-22
2041,8393,Personal Loan,214006.71,10.58,Overdue,2024-02-08
2042,5721,Education Loan,617361.69,7.73,Active,2025-02-21
2043,2672,Personal Loan,237164.56,11.84,Overdue,2024-07-08
2044,6489,Auto Loan,723042.38,9.33,Active,2025-03-10
2045,6425,Personal Loan,156547.86,9.51,Active,2022-11-28
2046,1061,Home Loan,2856300.43,9.49,Active,2022-12-05
2047,812,Home Loan,2357084.78,13.68,Active,2022-10-22
2048,5236,Education Loan,393591.68,10.08,Closed,2024-03-16
2049,5657,Education Loan,320808.36,10.65,Closed,2025-07-11
2050,1497,Education Loan,483146.61,9.69,Overdue,2025-11-26
2051,6096,Personal Loan,172459.37,11.3,Active,2025-03-24
2052,7391,Personal Loan,269687.79,8.09,Active,2023-03-30
2053,7664,Auto Loan,731293.74,13.24,Closed,2025-06-29
2054,3236,Personal Loan,170652.51,10.31,Active,2025-11-01
2055,9616,Education Loan,411140.66,10.82,Active,2024-10-09
2056,5848,Education Loan,656670.58,10.96,Active,2022-01-17
2057,9576,Auto Loan,943644.35,11.18,Closed,2023-02-02
2058,5212,Home Loan,3505731.1,11.8,Overdue,2023-06-27
2059,6204,Personal Loan,363996.86,11.85,Active,2022-02-05
2060,2696,Education Loan,780887.52,10.96,Active,2022-04-14
2061,7933,Home Loan,2863561.52,11.65,Active,2024-05-13
2062,2441,Home Loan,1433442.42,8.98,Active,2023-07-01
2063,1943,Education Loan,689532.67,8.64,Active,2024-05-16
2064,1347,Education Loan,443422.86,11.51,Active,2022-12-14
2065,435,Home Loan,2298282.68,10.51,Closed,2023-03-25
2066,5280,Education Loan,582239.46,11.33,Active,2023-10-05
2067,3879,Education Loan,489016.37,10.3,Active,2022-01-01
2068,9396,Personal Loan,131622.51,9.19,Active,2022-03-19
2069,3867,Home Loan,50000.0,10.31,Active,2024-12-03
2070,8605,Personal Loan,218529.47,9.91,Active,2022-10-09
2071,4710,Education Loan,511339.97,10.21,Active,2022-03-08
2072,2282,Education Loan,464387.19,10.81,Overdue,2022-07-02
2073,8287,Personal Loan,162422.88,8.52,Active,2023-06-30
2074,3961,Home Loan,2635004.73,9.29,Active,2023-08-08
2075,6421,Home Loan,2687910.55,10.15,Active,2024-08-08
2076,3821,Personal Loan,79880.39,11.15,Overdue,2023-03-05
2077,5379,Home Loan,2391161.92,8.15,Active,2022-05-03
2078,5221,Education Loan,505293.91,10.31,Active,2025-01-21
2079,9629,Education Loan,484479.48,11.38,Closed,2023-12-04
2080,7641,Personal Loan,102241.99,12.68,Overdue,2025-07-26
2081,2980,Personal Loan,336993.34,11.75,Overdue,2025-09-29
2082,9878,Auto Loan,1150749.86,12.04,Overdue,2024-07-02
2083,4693,Education Loan,412587.62,11.69,Overdue,2025-07-20
2084,4394,Education Loan,518211.12,9.57,Active,2025-01-20
2085,5165,Auto Loan,614422.32,7.41,Overdue,2024-06-29
2086,9859,Personal Loan,152076.88,10.19,Closed,2025-09-25
2087,1171,Auto Loan,892741.79,10.71,Overdue,2024-12-25
2088,2876,Auto Loan,556971.77,13.98,Closed,2025-07-06
2089,8394,Home Loan,3335166.16,12.96,Closed,2023-08-01
2090,444,Auto Loan,122169.97,10.15,Active,2023-05-07
2091,3544,Personal Loan,219008.69,14.02,Active,2022-12-15
2092,6025,Home Loan,2956145.45,7.4,Active,2023-12-05
2093,6485,Home Loan,2198789.74,10.7,Active,2024-11-12
2094,9136,Home Loan,2906969.5,12.93,Active,2022-11-02
2095,570,Education Loan,398748.75,11.62,Active,2023-12-14
2096,3913,Personal Loan,233068.15,7.51,Overdue,2024-05-05
2097,2634,Education Loan,327812.9,9.99,Active,2023-06-14
2098,8958,Home Loan,670127.18,11.82,Active,2025-12-02
2099,2072,Home Loan,3495164.05,13.5,Overdue,2024-11-27
2100,2899,Personal Loan,360639.39,10.47,Active,2023-06-01
2101,6174,Personal Loan,87515.88,12.11,Active,2025-06-12
2102,2670,Auto Loan,749335.06,10.7,Overdue,2024-04-08
2103,830,Home Loan,2484786.77,11.95,Overdue,2022-03-15
2104,4179,Auto Loan,503984.27,14.85,Active,2022-09-03
2105,6008,Personal Loan,143518.2,10.13,Active,2025-08-01
2106,3505,Personal Loan,177580.47,10.08,Active,2023-07-07
2107,9609,Home Loan,2132053.06,13.3,Active,2025-08-06
2108,7877,Auto Loan,1038987.85,13.3,Overdue,2022-11-10
2109,2587,Home Loan,2483689.44,9.77,Overdue,2023-07-31
2110,6917,Auto Loan,428987.87,8.43,Active,2022-03-18
2111,3031,Home Loan,2493265.66,10.88,Overdue,2025-12-25
2112,9617,Home Loan,1630001.4,10.53,Active,2023-09-25
2113,7770,Personal Loan,175473.24,10.34,Active,2022-09-25
2114,5765,Auto Loan,556926.67,8.1,Active,2024-07-10
2115,5746,Education Loan,622569.83,9.36,Active,2024-02-14
2116,8248,Education Loan,536632.23,12.93,Active,2025-10-23
2117,8057,Education Loan,466081.97,8.1,Active,2024-06-04
2118,708,Auto Loan,666048.95,11.35,Overdue,2025-03-06
2119,3238,Personal Loan,134703.03,11.19,Active,2023-05-20
2120,6156,Auto Loan,854238.61,10.53,Active,2025-02-08
2121,3284,Education Loan,646873.76,12.03,Active,2022-02-23
2122,1633,Education Loan,908348.82,9.73,Closed,2025-10-11
2123,1250,Personal Loan,376456.06,13.55,Active,2025-04-19
2124,4203,Personal Loan,384207.18,9.35,Active,2022-06-28
2125,8991,Home Loan,1878463.88,8.63,Active,2022-02-19
2126,2014,Personal Loan,165532.11,6.64,Active,2023-08-09
2127,1716,Home Loan,2228415.9,9.15,Closed,2023-04-13
2128,3220,Personal Loan,205863.29,9.79,Active,2024-01-17
2129,9141,Home Loan,869740.43,9.1,Active,2023-01-29
2130,5151,Education Loan,465028.34,11.69,Active,2022-07-09
2131,4535,Personal Loan,189199.52,8.34,Active,2024-08-18
2132,1464,Education Loan,620119.12,10.78,Active,2024-04-30
2133,8305,Auto Loan,833127.84,10.68,Overdue,2025-09-22
2134,8553,Auto Loan,726328.58,12.48,Active,2025-10-15
2135,9182,Education Loan,616857.8,10.42,Overdue,2023-10-29
2136,7901,Education Loan,428682.89,11.42,Active,2025-04-24
2137,329,Home Loan,1848786.75,7.2,Overdue,2022-06-25
2138,166,Education Loan,936473.87,8.88,Active,2025-01-17
2139,8152,Home Loan,1935211.23,13.22,Active,2024-03-04
2140,3625,Auto Loan,708164.92,11.67,Active,2025-10-29
2141,278,Auto Loan,980869.71,13.05,Overdue,2023-01-30
2142,1745,Home Loan,2030033.21,10.71,Closed,2025-07-29
2143,9486,Education Loan,226328.59,12.3,Active,2022-02-05
2144,1746,Auto Loan,419162.59,11.11,Closed,2024-08-28
2145,58,Personal Loan,150788.83,12.61,Active,2022-06-18
2146,9771,Education Loan,573019.93,9.34,Active,2023-05-06
2147,1369,Auto Loan,875267.93,8.53,Active,2023-10-10
2148,7678,Personal Loan,238726.34,13.2,Overdue,2025-09-04
2149,6150,Auto Loan,832379.57,8.16,Overdue,2024-03-21
2150,7043,Home Loan,2890149.53,10.59,Closed,2023-11-29
2151,3275,Auto Loan,748955.35,7.27,Active,2024-03-27
2152,5002,Auto Loan,818231.85,12.54,Active,2025-03-19
2153,418,Home Loan,761183.4,9.7,Active,2024-07-07
2154,2535,Home Loan,2940217.4,10.63,Active,2024-10-11
2155,3907,Personal Loan,241326.47,11.37,Active,2024-01-11
2156,1526,Auto Loan,864393.56,8.76,Active,2022-03-21
2157,9456,Auto Loan,165746.02,11.76,Closed,2022-01-11
2158,5480,Personal Loan,50000.0,8.94,Overdue,2023-09-21
2159,8960,Home Loan,1242582.39,10.19,Active,2024-01-04
2160,2974,Personal Loan,192731.79,11.83,Closed,2023-07-09
2161,5055,Auto Loan,572890.62,11.76,Active,2025-09-02
2162,2042,Auto Loan,656468.34,7.57,Overdue,2023-06-18
2163,3240,Home Loan,2494183.15,12.04,Closed,2024-11-09
2164,4801,Home Loan,3052420.98,11.02,Active,2023-10-17
2165,1685,Home Loan,1223937.19,12.22,Active,2022-01-28
2166,6455,Personal Loan,351282.32,11.86,Active,2023-10-20
2167,7596,Auto Loan,781921.4,11.36,Closed,2023-03-15
2168,7242,Education Loan,453965.66,12.41,Active,2023-11-07
2169,7727,Education Loan,460155.73,10.36,Active,2024-09-02
2170,5728,Education Loan,762737.51,13.94,Overdue,2025-04-17
2171,5351,Auto Loan,512564.57,11.82,Active,2022-07-02
2172,3591,Home Loan,1100600.1,9.77,Active,2022-10-23
2173,5090,Auto Loan,904506.97,11.21,Active,2022-05-28
2174,6314,Education Loan,342507.89,8.43,Closed,2022-06-16
2175,7730,Personal Loan,334227.11,12.41,Active,2025-01-17
2176,8813,Home Loan,2421564.6,8.17,Active,2022-07-23
2177,7057,Auto Loan,956250.12,12.34,Closed,2023-04-03
2178,5437,Education Loan,409398.38,7.32,Closed,2025-10-20
2179,2180,Personal Loan,376133.39,7.14,Active,2023-08-26
2180,8716,Home Loan,4429476.16,6.0,Active,2024-07-13
2181,7264,Education Loan,646883.59,6.96,Closed,2024-10-18
2182,1949,Personal Loan,290561.4,9.97,Closed,2025-08-13
2183,7977,Education Loan,375850.74,9.48,Active,2023-06-01
2184,2698,Home Loan,1927392.93,6.0,Active,2022-08-23
2185,6809,Home Loan,1993640.59,9.44,Overdue,2023-04-11
2186,4219,Education Loan,394305.21,8.49,Overdue,2024-09-16
2187,6149,Personal Loan,162828.78,6.95,Closed,2023-06-21
2188,5241,Personal Loan,265322.62,11.35,Active,2023-08-02
2189,5809,Home Loan,2342748.04,10.43,Active,2022-02-15
2190,2642,Personal Loan,328691.77,9.8,Overdue,2023-01-25
2191,9873,Personal Loan,444246.77,10.8,Closed,2022-07-04
2192,7781,Personal Loan,241956.41,8.26,Active,2024-10-17
2193,1549,Personal Loan,223737.56,9.54,Active,2022-04-06
2194,6058,Auto Loan,990429.13,14.22,Closed,2022-08-01
2195,7022,Personal Loan,204717.68,7.26,Overdue,2025-05-19
2196,6130,Education Loan,800733.21,11.57,Active,2025-07-17
2197,2325,Personal Loan,138428.21,7.95,Closed,2022-06-12
2198,8708,Education Loan,507953.5,16.33,Active,2024-05-25
2199,876,Education Loan,737582.85,7.03,Active,2025-03-08
2200,6370,Home Loan,2922662.33,6.92,Closed,2022-07-22
2201,2894,Personal Loan,180813.72,12.75,Active,2023-03-09
2202,8892,Personal Loan,286192.95,10.02,Active,2023-11-12
2203,959,Personal Loan,295061.74,9.85,Active,2024-10-06
2204,7110,Personal Loan,301471.71,9.8,Active,2025-05-09
2205,5658,Home Loan,2911749.88,8.93,Overdue,2022-08-13
2206,4697,Education Loan,444251.28,10.58,Active,2025-06-30
2207,9476,Auto Loan,394625.84,12.04,Closed,2024-07-02
2208,1685,Auto Loan,828134.36,9.08,Active,2022-03-24
2209,4871,Education Loan,365448.61,8.27,Active,2022-04-30
2210,3044,Personal Loan,158237.72,11.49,Closed,2023-02-17
2211,5103,Education Loan,194555.73,7.3,Overdue,2025-01-07
2212,2456,Personal Loan,374196.06,12.51,Active,2023-11-17
2213,4941,Home Loan,3026920.06,10.11,Closed,2024-10-09
2214,19,Education Loan,496886.59,11.25,Active,2022-11-15
2215,1961,Auto Loan,1000839.0,11.38,Active,2025-02-04
2216,6963,Personal Loan,252201.63,9.43,Overdue,2022-05-29
2217,6558,Personal Loan,196374.32,13.75,Overdue,2025-07-05
2218,8914,Home Loan,2577312.51,6.2,Closed,2022-01-30
2219,3051,Personal Loan,290339.54,8.49,Active,2022-04-24
2220,3002,Education Loan,420203.0,13.28,Active,2025-11-21
2221,2211,Home Loan,2191216.32,7.11,Active,2025-04-03
2222,812,Home Loan,2237634.04,12.91,Active,2022-08-27
2223,9094,Home Loan,4730955.65,11.49,Active,2025-06-25
2224,2256,Auto Loan,554618.53,12.89,Closed,2023-12-19
2225,3665,Auto Loan,752100.25,6.02,Active,2024-03-30
2226,3263,Auto Loan,681679.63,9.48,Closed,2022-12-06
2227,5451,Home Loan,4073823.13,8.55,Active,2024-12-29
2228,7663,Education Loan,162439.1,9.97,Closed,2024-03-03
2229,3597,Auto Loan,779760.93,7.99,Active,2025-10-09
2230,934,Personal Loan,330417.53,6.89,Active,2023-11-15
2231,9094,Auto Loan,756326.89,11.24,Active,2025-04-19
2232,4241,Auto Loan,593251.19,7.56,Closed,2023-10-23
2233,3939,Education Loan,517626.97,9.89,Active,2025-12-21
2234,1156,Auto Loan,574387.28,11.94,Active,2022-02-01
2235,9096,Home Loan,2177193.6,13.81,Closed,2025-09-05
2236,3518,Personal Loan,257227.03,6.06,Active,2023-01-21
2237,9595,Home Loan,2289665.06,9.95,Closed,2025-09-05
2238,8263,Personal Loan,192612.21,9.68,Active,2022-06-19
2239,940,Home Loan,2517560.35,10.81,Active,2025-06-08
2240,4327,Education Loan,157126.59,10.47,Active,2023-11-19
2241,8498,Personal Loan,321728.89,9.85,Active,2025-09-13
2242,5346,Personal Loan,244324.08,11.43,Active,2024-01-13
2243,1002,Personal Loan,240773.17,9.65,Closed,2022-07-06
2244,1587,Auto Loan,836269.85,11.81,Active,2023-08-06
2245,9225,Home Loan,2080851.74,10.74,Closed,2023-12-25
2246,2533,Personal Loan,207986.42,11.25,Active,2022-05-09
2247,4616,Auto Loan,671675.21,10.1,Active,2022-04-22
2248,3803,Personal Loan,255841.74,14.55,Overdue,2025-09-21
2249,1790,Education Loan,393592.66,10.18,Closed,2025-07-22
2250,665,Education Loan,645490.74,11.46,Active,2025-04-07
2251,4968,Auto Loan,520508.17,9.77,Active,2022-11-05
2252,3074,Personal Loan,201402.24,12.98,Closed,2025-11-12
2253,7060,Education Loan,610175.63,10.79,Overdue,2025-08-13
2254,4646,Personal Loan,369626.41,12.02,Active,2022-09-04
2255,9880,Home Loan,4045690.28,12.54,Active,2023-04-24
2256,6497,Personal Loan,169814.96,8.49,Closed,2023-06-05
2257,7093,Auto Loan,701620.69,9.89,Active,2025-06-29
2258,5922,Auto Loan,751259.76,9.08,Active,2025-11-06
2259,2603,Education Loan,457248.11,8.44,Active,2022-06-22
2260,8987,Personal Loan,188278.74,7.75,Active,2022-03-19
2261,3660,Personal Loan,243131.31,11.91,Active,2024-12-19
2262,463,Home Loan,1804816.73,7.84,Active,2022-08-23
2263,2430,Home Loan,3432237.3,7.73,Active,2024-09-23
2264,6565,Education Loan,835522.23,7.68,Active,2022-06-16
2265,2498,Personal Loan,229631.86,10.39,Overdue,2025-06-27
2266,9170,Education Loan,450457.04,11.13,Active,2025-06-08
2267,4776,Personal Loan,65500.75,13.35,Closed,2024-01-28
2268,3287,Auto Loan,503188.46,8.0,Active,2022-10-02
2269,6829,Auto Loan,869861.2,11.22,Overdue,2022-04-13
2270,1009,Auto Loan,956716.74,10.96,Active,2022-11-20
2271,4734,Personal Loan,225979.33,12.36,Closed,2024-08-08
2272,1121,Personal Loan,313060.59,10.68,Active,2022-09-23
2273,9511,Home Loan,3503149.16,10.03,Active,2022-11-20
2274,6941,Education Loan,560215.71,11.66,Overdue,2024-03-31
2275,3930,Auto Loan,778041.22,9.22,Active,2024-08-23
2276,2629,Home Loan,2690987.44,11.27,Active,2025-01-23
2277,9709,Home Loan,2486123.76,9.06,Active,2022-05-22
2278,488,Education Loan,591493.1,9.31,Active,2025-10-06
2279,3867,Personal Loan,183516.8,7.52,Active,2024-06-22
2280,4618,Education Loan,584492.51,7.12,Active,2023-06-05
2281,9870,Personal Loan,162987.23,12.15,Closed,2023-04-04
2282,4674,Auto Loan,485499.54,11.95,Overdue,2022-06-07
2283,7175,Personal Loan,265462.24,13.23,Closed,2023-02-27
2284,4388,Education Loan,602348.63,9.9,Active,2024-03-26
2285,1944,Education Loan,494872.44,10.49,Overdue,2022-11-09
2286,9906,Home Loan,2849100.34,10.69,Active,2025-06-29
2287,9937,Auto Loan,725227.81,6.47,Active,2024-11-24
2288,6518,Auto Loan,747605.28,7.62,Active,2023-09-08
2289,4122,Education Loan,488268.35,10.81,Overdue,2024-09-08
2290,576,Auto Loan,707146.57,13.0,Active,2025-10-11
2291,5057,Education Loan,627399.06,6.46,Active,2022-03-03
2292,7340,Education Loan,510670.78,12.76,Active,2022-06-28
2293,8024,Home Loan,3393215.04,6.86,Overdue,2025-09-20
2294,4573,Home Loan,2908194.0,7.43,Active,2022-02-11
2295,4448,Education Loan,50000.0,12.53,Active,2022-03-12
2296,283,Education Loan,699285.08,13.5,Active,2022-03-30
2297,4334,Home Loan,2115848.2,9.9,Active,2022-11-10
2298,2114,Personal Loan,268421.24,12.13,Closed,2025-03-24
2299,1203,Home Loan,2450265.18,11.15,Closed,2025-10-29
2300,7921,Education Loan,521930.3,8.41,Overdue,2024-01-18
2301,2805,Auto Loan,596938.17,11.15,Overdue,2024-10-21
2302,748,Personal Loan,233642.37,9.06,Active,2023-03-30
2303,1092,Personal Loan,241240.66,11.2,Active,2022-04-13
2304,658,Education Loan,646533.47,13.93,Active,2025-08-26
2305,8442,Education Loan,566909.15,10.27,Active,2025-08-01
2306,8233,Personal Loan,331337.06,8.12,Closed,2023-06-20
2307,9675,Auto Loan,470148.78,13.41,Active,2025-04-10
2308,8981,Home Loan,239141.65,8.66,Overdue,2022-08-12
2309,5076,Auto Loan,293175.02,11.61,Active,2024-03-29
2310,1253,Education Loan,770940.55,12.41,Active,2025-06-19
2311,2867,Education Loan,303004.7,12.0,Active,2022-09-13
2312,6808,Home Loan,3002593.26,9.55,Active,2024-10-27
2313,9186,Home Loan,1842271.24,12.04,Closed,2024-08-04
2314,9763,Education Loan,549135.49,7.77,Overdue,2023-01-14
2315,3800,Education Loan,704891.33,14.74,Active,2024-03-28
2316,8187,Personal Loan,158327.72,7.39,Active,2025-07-01
2317,7990,Personal Loan,226840.79,11.68,Overdue,2022-06-24
2318,4501,Education Loan,435364.11,11.12,Active,2025-07-03
2319,2119,Home Loan,2996519.51,12.15,Active,2022-08-16
2320,8301,Personal Loan,332187.29,10.53,Overdue,2024-05-07
2321,4942,Auto Loan,866786.01,7.34,Active,2025-02-07
2322,2852,Home Loan,2293956.82,11.65,Active,2022-12-08
2323,259,Home Loan,2077391.13,8.74,Active,2023-12-21
2324,6137,Personal Loan,340349.73,12.56,Active,2023-05-30
2325,615,Education Loan,646785.45,11.21,Overdue,2024-09-14
2326,5583,Education Loan,683741.38,14.3,Overdue,2023-03-30
2327,1559,Education Loan,499763.43,11.61,Active,2025-01-01
2328,1829,Home Loan,2256318.78,8.38,Closed,2025-08-02
2329,6822,Personal Loan,207015.38,8.9,Active,2024-05-31
2330,4597,Auto Loan,652357.46,9.53,Closed,2024-08-01
2331,9688,Home Loan,3253574.62,11.12,Active,2022-10-16
2332,4273,Education Loan,483147.19,8.27,Active,2023-06-16
2333,3243,Personal Loan,208362.3,12.46,Active,2024-02-01
2334,1274,Education Loan,619995.69,14.86,Active,2024-12-30
2335,8009,Auto Loan,1016490.87,10.38,Active,2022-07-31
2336,1958,Auto Loan,995607.21,12.22,Active,2025-12-05
2337,9472,Personal Loan,274352.36,9.1,Active,2025-06-29
2338,4932,Auto Loan,826852.71,8.86,Closed,2024-03-07
2339,1720,Education Loan,309451.83,10.56,Overdue,2025-01-19
2340,4567,Auto Loan,862918.11,9.25,Active,2023-04-02
2341,2562,Personal Loan,205181.26,10.59,Overdue,2024-12-14
2342,4324,Personal Loan,314688.33,9.69,Closed,2022-08-21
2343,7943,Personal Loan,155415.97,9.02,Active,2023-05-21
2344,4186,Auto Loan,1004194.6,10.85,Closed,2024-09-26
2345,2438,Home Loan,2747205.21,8.83,Active,2022-12-02
2346,6177,Auto Loan,714452.81,7.57,Overdue,2024-04-12
2347,6884,Auto Loan,657656.65,10.03,Active,2023-09-07
2348,1287,Education Loan,296972.36,10.08,Active,2023-08-29
2349,3358,Auto Loan,500419.85,6.0,Overdue,2023-08-20
2350,9515,Home Loan,2234956.65,6.0,Active,2024-08-10
2351,6531,Home Loan,1828904.96,6.78,Closed,2023-09-13
2352,4346,Education Loan,552104.67,12.4,Active,2025-09-11
2353,4942,Personal Loan,171243.36,6.59,Overdue,2022-01-23
2354,1365,Personal Loan,480296.94,11.93,Closed,2025-04-12
2355,8317,Education Loan,567866.6,11.18,Overdue,2024-01-30
2356,6887,Home Loan,2546276.61,7.53,Active,2024-09-09
2357,3953,Education Loan,714007.46,9.45,Overdue,2024-06-22
2358,6328,Home Loan,882175.19,13.89,Active,2025-11-24
2359,428,Auto Loan,795188.95,10.39,Active,2025-01-19
2360,8455,Personal Loan,200473.69,11.48,Active,2023-08-22
2361,5348,Personal Loan,205696.45,10.44,Active,2022-12-17
2362,9683,Home Loan,1891753.75,9.2,Active,2022-06-08
2363,486,Home Loan,1051826.53,8.84,Overdue,2023-02-10
2364,6962,Education Loan,496833.23,9.8,Overdue,2023-10-14
2365,3253,Education Loan,714285.09,11.49,Overdue,2022-10-05
2366,9816,Education Loan,315059.58,10.73,Closed,2023-04-12
2367,6915,Auto Loan,971847.0,10.93,Active,2022-02-11
2368,544,Education Loan,523106.77,7.86,Active,2023-11-09
2369,1537,Education Loan,517063.9,10.05,Overdue,2022-09-12
2370,8889,Education Loan,459597.51,10.93,Closed,2023-06-29
2371,4219,Education Loan,444415.22,10.86,Active,2022-10-15
2372,7155,Personal Loan,204837.3,11.2,Overdue,2022-06-20
2373,9350,Auto Loan,844695.44,9.34,Active,2022-02-23
2374,4305,Personal Loan,289646.27,11.2,Active,2022-06-14
2375,4934,Education Loan,355136.97,11.16,Closed,2024-06-11
2376,8271,Education Loan,264387.09,8.62,Overdue,2022-12-26
2377,6398,Auto Loan,645619.8,12.1,Active,2023-03-01
2378,4676,Home Loan,3296018.26,9.8,Active,2022-10-17
2379,2518,Auto Loan,517428.03,9.84,Closed,2025-10-11
2380,1221,Education Loan,230239.19,13.28,Active,2024-02-19
2381,2211,Home Loan,2629693.7,10.12,Active,2024-03-09
2382,6062,Personal Loan,352266.75,12.91,Active,2024-06-08
2383,3736,Auto Loan,760142.05,11.4,Closed,2022-12-10
2384,4232,Auto Loan,530856.95,10.53,Closed,2024-04-02
2385,4571,Education Loan,673107.09,14.52,Closed,2023-05-20
2386,9218,Education Loan,635588.07,8.88,Active,2022-12-16
2387,6903,Personal Loan,294801.81,10.85,Overdue,2025-10-08
2388,2102,Auto Loan,647669.59,11.53,Closed,2024-08-28
2389,3170,Education Loan,297081.33,9.02,Closed,2025-09-02
2390,7202,Education Loan,649542.83,9.5,Closed,2022-03-18
2391,2506,Home Loan,2394861.99,11.28,Active,2023-06-10
2392,9531,Auto Loan,662671.76,6.93,Closed,2023-12-15
2393,7449,Personal Loan,363524.8,13.09,Active,2023-01-08
2394,6789,Education Loan,394960.52,11.95,Overdue,2022-08-03
2395,9134,Education Loan,666684.68,8.6,Overdue,2023-05-04
2396,6352,Personal Loan,317594.16,8.62,Active,2023-05-22
2397,5664,Home Loan,1324016.87,10.6,Active,2024-08-25
2398,4560,Personal Loan,143553.45,10.85,Active,2024-03-24
2399,2947,Education Loan,121984.25,12.5,Active,2022-06-18
2400,7185,Personal Loan,309313.24,11.46,Closed,2023-01-14
2401,5291,Personal Loan,333110.66,9.94,Overdue,2022-02-07
2402,3774,Home Loan,830178.47,11.97,Active,2023-11-26
2403,4891,Auto Loan,1462898.02,9.6,Overdue,2024-10-17
2404,921,Personal Loan,214580.42,9.44,Overdue,2024-11-10
2405,5207,Home Loan,3540934.77,7.59,Active,2024-12-07
2406,627,Auto Loan,865078.04,9.17,Active,2024-04-06
2407,2783,Personal Loan,323213.82,8.96,Overdue,2025-08-10
2408,3877,Education Loan,449418.38,9.67,Closed,2022-12-04
2409,4055,Home Loan,3199125.86,9.89,Closed,2022-05-08
2410,9346,Auto Loan,773868.83,10.95,Overdue,2022-11-10
2411,4547,Personal Loan,157043.17,14.8,Active,2024-08-05
2412,1745,Home Loan,1618544.01,8.53,Overdue,2022-01-11
2413,9856,Personal Loan,194758.19,9.22,Active,2022-03-27
2414,1173,Education Loan,459083.29,11.75,Overdue,2023-08-31
2415,3259,Home Loan,2970415.3,10.28,Active,2022-10-04
2416,3511,Education Loan,673980.91,11.51,Overdue,2022-03-30
2417,9039,Education Loan,392592.25,10.42,Active,2023-09-28
2418,4434,Auto Loan,983130.79,11.42,Active,2025-03-23
2419,8179,Education Loan,535623.39,13.66,Overdue,2023-07-14
2420,6485,Home Loan,2149612.55,13.49,Closed,2022-05-17
2421,2281,Home Loan,3179964.71,10.12,Active,2022-10-21
2422,9842,Auto Loan,236683.33,11.16,Active,2025-10-13
2423,6761,Education Loan,215705.71,7.86,Overdue,2022-02-27
2424,5077,Personal Loan,235382.97,9.21,Overdue,2022-03-18
2425,9977,Education Loan,356446.2,9.03,Active,2024-01-10
2426,4530,Education Loan,251324.57,7.42,Active,2023-01-11
2427,5693,Auto Loan,794471.46,9.76,Active,2024-12-12
2428,234,Education Loan,569928.76,11.78,Active,2024-07-21
2429,3933,Home Loan,2452232.75,11.0,Active,2023-04-09
2430,7087,Personal Loan,244835.44,8.56,Active,2023-07-31
2431,7647,Personal Loan,89720.2,11.75,Active,2024-06-18
2432,9576,Education Loan,604692.36,10.64,Closed,2023-10-27
2433,2866,Auto Loan,489491.79,16.43,Active,2024-09-08
2434,2839,Auto Loan,960248.88,12.31,Overdue,2025-12-10
2435,5736,Home Loan,2058992.77,9.81,Active,2024-03-18
2436,8745,Auto Loan,696253.78,12.99,Active,2024-05-31
2437,8436,Education Loan,386179.79,12.88,Active,2023-11-16
2438,3355,Auto Loan,694983.1,10.18,Active,2024-04-29
2439,841,Education Loan,765371.75,11.06,Active,2023-08-26
2440,2436,Home Loan,2325830.84,10.36,Active,2024-03-29
2441,8740,Personal Loan,228943.41,8.43,Active,2025-06-12
2442,4314,Personal Loan,260213.8,7.53,Closed,2022-02-08
2443,1159,Education Loan,598889.3,11.39,Overdue,2022-04-19
2444,9992,Personal Loan,277086.39,10.72,Overdue,2024-12-27
2445,3308,Home Loan,1109275.29,9.58,Active,2023-04-22
2446,5676,Home Loan,2632723.1,9.19,Active,2023-08-23
2447,2988,Personal Loan,195541.99,8.8,Overdue,2022-01-04
2448,9536,Education Loan,750048.09,7.57,Active,2024-06-19
2449,100,Home Loan,3604825.62,10.8,Overdue,2023-01-20
2450,7945,Home Loan,3617124.29,9.06,Active,2023-04-29
2451,2077,Home Loan,2401661.41,11.6,Active,2022-12-31
2452,4778,Education Loan,305006.92,13.6,Overdue,2024-02-20
2453,3850,Personal Loan,298982.89,9.0,Active,2025-02-20
2454,9353,Education Loan,571942.76,10.67,Closed,2024-05-16
2455,1352,Auto Loan,777992.0,10.74,Active,2022-01-25
2456,519,Home Loan,2808901.68,10.39,Closed,2022-01-27
2457,2812,Personal Loan,314081.97,11.88,Active,2024-12-22
2458,7886,Personal Loan,216727.82,13.54,Closed,2025-02-28
2459,9867,Auto Loan,374014.58,11.19,Active,2023-12-18
2460,3859,Education Loan,480057.7,6.75,Active,2022-04-07
2461,7405,Education Loan,667806.89,10.7,Active,2024-04-02
2462,6602,Education Loan,490952.5,11.39,Active,2023-11-08
2463,2106,Education Loan,665738.93,10.28,Overdue,2024-11-13
2464,3281,Personal Loan,154919.94,10.42,Active,2023-10-14
2465,3851,Home Loan,2896255.93,8.16,Closed,2022-02-12
2466,6421,Personal Loan,320615.37,13.16,Overdue,2025-03-03
2467,7492,Auto Loan,637950.03,12.53,Closed,2023-04-09
2468,4439,Home Loan,2498415.3,10.59,Closed,2025-10-20
2469,6854,Home Loan,3086893.48,11.51,Active,2023-09-20
2470,2280,Home Loan,2747727.88,8.82,Closed,2024-06-30
2471,2602,Education Loan,477690.95,8.64,Active,2022-12-27
2472,8119,Home Loan,4236388.98,9.66,Overdue,2025-12-26
2473,3676,Education Loan,719916.84,9.42,Closed,2023-11-11
2474,3550,Personal Loan,306621.02,7.6,Active,2023-10-08
2475,3923,Auto Loan,675032.1,11.65,Active,2022-11-16
2476,194,Home Loan,2188494.21,11.22,Active,2025-06-05
2477,7817,Auto Loan,780892.99,15.72,Active,2025-10-15
2478,6953,Auto Loan,539826.15,16.53,Closed,2023-05-18
2479,3193,Home Loan,2382288.18,11.88,Overdue,2023-03-08
2480,5587,Auto Loan,898710.16,6.86,Closed,2023-08-27
2481,1347,Personal Loan,254277.48,8.53,Active,2022-11-24
2482,9096,Home Loan,2076040.33,9.88,Closed,2022-04-30
2483,6300,Auto Loan,313585.2,8.9,Active,2022-08-30
2484,250,Auto Loan,689621.75,12.14,Active,2025-07-10
2485,1799,Personal Loan,177658.64,12.0,Active,2022-03-30
2486,2793,Home Loan,2128568.51,10.77,Active,2024-06-02
2487,3112,Education Loan,538248.84,8.2,Active,2023-04-17
2488,132,Personal Loan,164216.97,11.44,Active,2024-12-03
2489,7123,Home Loan,3016182.41,10.78,Overdue,2024-09-10
2490,1466,Auto Loan,718573.86,8.94,Closed,2024-01-04
2491,2886,Personal Loan,298251.66,9.77,Active,2025-12-31
2492,17,Auto Loan,648515.59,14.26,Closed,2022-09-19
2493,3388,Personal Loan,200022.71,10.77,Overdue,2022-02-27
2494,8047,Auto Loan,830892.91,9.79,Overdue,2023-07-19
2495,7544,Auto Loan,851057.62,10.83,Active,2023-12-03
2496,7083,Home Loan,50000.0,10.03,Active,2023-07-24
2497,9121,Education Loan,332768.4,8.69,Closed,2022-04-18
2498,4821,Home Loan,1718690.08,13.18,Active,2023-01-17
2499,6598,Personal Loan,313715.95,8.06,Overdue,2022-04-01
2500,2424,Home Loan,2754942.76,8.3,Closed,2024-02-11
2501,2056,Auto Loan,652940.34,13.62,Active,2025-10-14
2502,8042,Home Loan,3805531.03,9.35,Active,2023-03-28
2503,6003,Auto Loan,231301.29,12.21,Closed,2025-10-24
2504,3601,Auto Loan,345909.31,6.0,Active,2025-09-10
2505,8423,Education Loan,534270.02,8.92,Active,2023-08-30
2506,5107,Education Loan,121821.72,7.13,Closed,2025-07-27
2507,7414,Education Loan,719641.23,8.08,Active,2022-10-23
2508,803,Home Loan,2486812.14,8.95,Overdue,2024-10-29
2509,9854,Personal Loan,169611.36,8.48,Overdue,2023-07-26
2510,9551,Personal Loan,422348.18,11.6,Active,2025-12-02
2511,9495,Home Loan,2348345.08,13.39,Active,2024-12-23
2512,2615,Personal Loan,253157.7,13.06,Overdue,2024-10-02
2513,6194,Auto Loan,689534.35,9.99,Closed,2025-03-29
2514,5397,Auto Loan,899624.6,10.57,Closed,2025-11-20
2515,466,Auto Loan,540044.76,9.68,Closed,2024-07-18
2516,1217,Home Loan,4597640.95,8.34,Active,2023-09-19
2517,3293,Home Loan,2162001.28,9.52,Active,2025-04-14
2518,827,Auto Loan,917362.2,10.17,Active,2022-02-14
2519,2347,Education Loan,182033.51,12.53,Overdue,2023-04-08
2520,9394,Education Loan,334723.3,12.3,Closed,2025-09-21
2521,4994,Personal Loan,118742.94,11.51,Active,2022-08-10
2522,4681,Education Loan,612231.15,11.74,Active,2023-10-02
2523,8650,Home Loan,1224997.73,14.31,Active,2025-05-29
2524,4042,Auto Loan,476261.78,10.46,Active,2025-07-09
2525,3332,Home Loan,2998950.64,12.11,Active,2022-07-16
2526,6149,Home Loan,3690687.54,8.35,Overdue,2025-02-18
2527,4585,Auto Loan,565630.07,8.04,Overdue,2023-08-29
2528,8369,Auto Loan,1056497.91,8.39,Active,2023-10-19
2529,7049,Home Loan,1287425.09,10.59,Closed,2022-01-19
2530,2657,Home Loan,2056763.22,10.17,Overdue,2024-03-25
2531,8426,Education Loan,456658.44,9.21,Active,2023-02-16
2532,8798,Education Loan,597644.93,9.64,Closed,2022-08-19
2533,4753,Education Loan,362245.93,10.37,Active,2024-04-10
2534,4671,Home Loan,3021840.34,12.05,Active,2025-03-11
2535,8532,Education Loan,594232.76,11.15,Overdue,2023-06-24
2536,9405,Home Loan,2369085.8,12.07,Overdue,2025-11-10
2537,7330,Home Loan,2789546.0,12.22,Active,2025-12-31
2538,6208,Home Loan,3489255.25,10.85,Active,2022-03-18
2539,6674,Home Loan,2681289.96,13.12,Active,2022-07-05
2540,8991,Home Loan,1889145.58,13.28,Overdue,2023-08-15
2541,4896,Home Loan,3035070.67,6.0,Overdue,2023-07-16
2542,7628,Education Loan,519398.62,8.66,Active,2024-07-19
2543,8497,Personal Loan,131774.39,11.29,Overdue,2023-04-05
2544,4355,Auto Loan,928922.38,12.53,Overdue,2023-06-25
2545,3748,Auto Loan,840391.17,10.57,Overdue,2025-12-12
2546,4323,Auto Loan,1211027.97,13.76,Closed,2022-05-22
2547,9865,Home Loan,3664132.39,9.98,Active,2023-05-16
2548,2955,Home Loan,3162277.69,6.32,Active,2023-01-02
2549,503,Personal Loan,223779.18,16.18,Active,2022-08-12
2550,9898,Personal Loan,244607.85,12.23,Closed,2025-05-01
2551,5774,Auto Loan,850262.24,8.12,Active,2023-03-21
2552,6144,Personal Loan,290573.25,13.07,Active,2024-01-21
2553,1828,Home Loan,3039070.43,10.64,Overdue,2024-03-16
2554,3964,Home Loan,2102171.86,11.1,Active,2023-09-25
2555,9476,Auto Loan,824868.78,13.77,Active,2024-03-26
2556,3656,Auto Loan,117597.05,9.82,Active,2023-06-11
2557,4948,Auto Loan,398731.66,9.99,Active,2025-08-12
2558,5721,Home Loan,2530366.35,12.06,Closed,2024-02-27
2559,8815,Auto Loan,798979.26,10.45,Active,2024-04-10
2560,7895,Auto Loan,781729.07,11.28,Active,2023-01-27
2561,7019,Auto Loan,1111236.77,10.27,Overdue,2025-07-24
2562,4872,Auto Loan,708810.37,11.12,Active,2022-04-29
2563,1439,Auto Loan,772497.42,12.37,Closed,2022-09-20
2564,9183,Auto Loan,543187.74,11.52,Active,2023-05-07
2565,805,Auto Loan,592593.51,8.94,Active,2025-10-29
2566,2573,Auto Loan,688024.73,9.85,Active,2022-03-01
2567,1733,Home Loan,3677094.4,13.47,Overdue,2025-12-23
2568,9402,Personal Loan,228133.02,10.63,Active,2025-03-06
2569,4269,Education Loan,248981.94,10.34,Active,2023-04-14
2570,5730,Personal Loan,322988.69,11.09,Closed,2025-11-19
2571,6165,Home Loan,2680484.05,11.25,Closed,2024-11-22
2572,3287,Education Loan,476340.0,12.72,Overdue,2023-02-21
2573,6472,Auto Loan,681711.4,11.47,Overdue,2024-12-03
2574,7331,Education Loan,679208.19,14.2,Active,2024-06-23
2575,9441,Home Loan,470379.23,7.2,Overdue,2023-03-11
2576,7987,Home Loan,2293975.47,9.32,Closed,2023-05-19
2577,2544,Auto Loan,819222.49,11.11,Active,2023-07-05
2578,9577,Education Loan,578580.1,6.0,Active,2024-08-20
2579,8480,Personal Loan,212509.08,9.78,Active,2022-12-19
2580,3829,Auto Loan,648966.41,8.98,Closed,2024-08-22
2581,5927,Home Loan,1957898.8,9.29,Active,2024-08-14
2582,95,Education Loan,170246.3,7.31,Closed,2023-12-11
2583,6464,Auto Loan,739215.32,10.08,Active,2023-09-08
2584,7961,Personal Loan,298868.37,9.71,Overdue,2025-03-13
2585,4784,Auto Loan,498563.27,10.42,Active,2025-01-05
2586,4576,Education Loan,851050.79,9.38,Active,2025-01-07
2587,7518,Education Loan,554979.95,9.25,Active,2024-03-24
2588,6073,Home Loan,3553845.86,13.25,Overdue,2022-08-26
2589,9857,Home Loan,2700424.92,12.57,Active,2023-04-08
2590,8559,Auto Loan,564299.13,9.11,Active,2022-12-26
2591,1928,Home Loan,1265754.8,11.03,Active,2022-07-02
2592,5547,Home Loan,3479570.05,9.78,Overdue,2025-10-17
2593,3335,Home Loan,3745676.75,14.63,Active,2024-07-11
2594,7945,Auto Loan,714652.38,11.32,Closed,2023-02-24
2595,5714,Personal Loan,263233.83,9.84,Closed,2022-07-19
2596,238,Auto Loan,814453.73,12.52,Active,2023-07-24
2597,1431,Home Loan,1751277.33,9.2,Active,2022-11-29
2598,1404,Education Loan,262933.21,12.79,Active,2024-11-08
2599,4366,Home Loan,3304112.18,7.92,Active,2025-04-24
2600,1329,Education Loan,634565.64,12.83,Active,2023-12-23
2601,2345,Auto Loan,523683.09,9.4,Active,2025-02-03
2602,7056,Auto Loan,744864.1,11.73,Active,2023-08-22
2603,7086,Home Loan,3446134.54,12.45,Overdue,2025-08-24
2604,5470,Personal Loan,354751.37,11.45,Overdue,2024-05-09
2605,5424,Personal Loan,277894.86,9.8,Active,2022-04-07
2606,8748,Home Loan,2815373.43,8.94,Active,2025-10-11
2607,9522,Auto Loan,682842.87,7.19,Active,2023-10-10
2608,6926,Education Loan,841462.09,10.23,Closed,2023-10-30
2609,9274,Education Loan,554922.87,7.15,Active,2023-06-06
2610,6545,Auto Loan,763281.15,11.05,Active,2023-01-04
2611,2622,Home Loan,2888238.43,12.39,Closed,2022-10-29
2612,6611,Education Loan,726513.69,13.64,Active,2022-03-06
2613,5178,Home Loan,2757084.07,12.0,Overdue,2024-11-27
2614,7958,Education Loan,255070.92,10.31,Active,2024-02-23
2615,190,Personal Loan,199119.3,12.17,Overdue,2024-02-05
2616,4585,Personal Loan,418613.75,12.29,Closed,2024-05-19
2617,2660,Education Loan,493881.01,8.34,Active,2022-12-10
2618,8550,Auto Loan,146340.11,8.51,Closed,2023-04-15
2619,6285,Auto Loan,978980.84,7.76,Closed,2025-06-19
2620,4825,Education Loan,434729.56,12.35,Closed,2025-01-23
2621,8674,Auto Loan,1170231.0,10.23,Closed,2022-12-14
2622,4687,Home Loan,1463364.48,11.3,Active,2023-10-12
2623,5045,Education Loan,630152.25,11.47,Closed,2025-01-20
2624,4714,Personal Loan,242270.69,9.1,Active,2024-09-20
2625,8299,Education Loan,808206.3,9.71,Closed,2023-01-23
2626,788,Education Loan,726852.58,11.76,Active,2025-06-27
2627,2757,Personal Loan,200741.68,7.8,Active,2022-08-28
2628,1924,Personal Loan,169087.18,10.53,Overdue,2024-07-29
2629,1627,Education Loan,596093.52,8.73,Overdue,2023-07-06
2630,231,Education Loan,86087.44,9.49,Overdue,2023-04-22
2631,6408,Education Loan,416925.35,15.59,Active,2023-08-09
2632,4166,Home Loan,2562272.19,10.58,Closed,2024-01-11
2633,3186,Home Loan,1681871.03,10.7,Active,2023-04-01
2634,6191,Auto Loan,680465.21,14.57,Active,2024-03-09
2635,8303,Auto Loan,773033.13,10.06,Closed,2023-09-09
2636,4189,Personal Loan,285420.2,10.07,Active,2022-02-15
2637,8311,Auto Loan,661953.85,10.52,Closed,2022-07-28
2638,794,Auto Loan,616678.55,9.85,Active,2023-12-28
2639,4482,Home Loan,2879394.33,11.99,Overdue,2024-07-30
2640,5616,Auto Loan,1058589.21,11.99,Active,2025-02-02
2641,2253,Home Loan,4051603.97,6.9,Active,2025-05-18
2642,8883,Home Loan,2203553.3,10.18,Active,2024-12-20
2643,8286,Personal Loan,237335.06,9.74,Closed,2023-02-16
2644,4274,Home Loan,2695407.25,13.86,Active,2024-01-09
2645,8687,Auto Loan,588379.59,8.65,Active,2023-06-24
2646,839,Personal Loan,409981.44,9.73,Active,2022-12-02
2647,8563,Education Loan,598703.05,10.98,Active,2023-08-20
2648,3388,Auto Loan,444709.73,12.06,Overdue,2024-07-24
2649,48,Auto Loan,355443.84,11.69,Overdue,2024-10-21
2650,3169,Home Loan,1278269.0,13.55,Overdue,2023-11-22
2651,5867,Personal Loan,471943.17,12.08,Closed,2024-06-21
2652,3598,Home Loan,1779007.37,11.2,Active,2025-03-26
2653,5192,Home Loan,2646086.54,10.21,Active,2025-09-30
2654,8300,Home Loan,3559629.07,11.21,Active,2023-10-27
2655,5210,Personal Loan,348812.76,10.77,Closed,2025-09-30
2656,2506,Auto Loan,709439.95,7.03,Closed,2024-11-04
2657,1165,Home Loan,2070322.88,11.82,Overdue,2023-11-27
2658,6404,Personal Loan,196658.9,12.69,Active,2025-02-05
2659,2767,Personal Loan,289296.06,13.23,Overdue,2022-05-05
2660,5579,Personal Loan,262744.36,10.39,Closed,2025-12-24
2661,381,Auto Loan,114862.88,10.38,Active,2022-06-06
2662,8479,Home Loan,3064701.33,12.81,Active,2023-12-16
2663,1649,Education Loan,151780.57,11.96,Active,2022-01-17
2664,8912,Auto Loan,552351.82,10.11,Closed,2022-08-07
2665,8917,Personal Loan,296383.55,10.1,Active,2024-07-17
2666,9265,Personal Loan,228905.38,11.39,Overdue,2024-07-30
2667,20,Personal Loan,178255.18,7.77,Active,2022-06-23
2668,311,Home Loan,2772609.62,10.24,Active,2024-08-14
2669,1425,Personal Loan,330001.6,14.53,Active,2025-11-12
2670,4288,Home Loan,2164800.43,10.06,Active,2024-04-12
2671,5497,Auto Loan,669506.78,9.2,Active,2022-10-13
2672,7760,Personal Loan,169429.61,8.57,Overdue,2022-11-18
2673,9665,Education Loan,666862.69,7.32,Closed,2022-12-26
2674,4945,Home Loan,2501075.55,10.03,Closed,2022-08-11
2675,5261,Personal Loan,182225.52,12.99,Closed,2024-03-24
2676,369,Personal Loan,184142.91,14.11,Overdue,2025-12-21
2677,403,Home Loan,1705253.52,11.37,Active,2023-06-14
2678,9513,Education Loan,381266.56,7.01,Active,2022-09-26
2679,4907,Personal Loan,106299.97,7.93,Active,2024-04-29
2680,7916,Home Loan,4107064.33,7.41,Overdue,2023-07-31
2681,3262,Education Loan,91258.84,8.48,Active,2022-01-30
2682,7538,Education Loan,328592.93,10.8,Closed,2023-10-17
2683,166,Personal Loan,215391.21,6.02,Active,2023-12-10
2684,2490,Personal Loan,216536.6,7.64,Active,2025-06-15
2685,5266,Education Loan,302474.49,14.71,Overdue,2024-08-25
2686,5558,Education Loan,500364.76,10.43,Active,2025-11-20
2687,885,Personal Loan,245117.25,10.76,Active,2025-11-10
2688,9489,Home Loan,2296933.93,9.85,Overdue,2024-04-30
2689,9680,Auto Loan,912245.3,8.33,Active,2022-12-15
2690,2383,Home Loan,2706313.2,11.42,Active,2025-12-10
2691,2173,Auto Loan,1124581.01,10.86,Overdue,2023-01-14
2692,5880,Auto Loan,903179.31,12.91,Active,2023-03-27
2693,8746,Education Loan,454057.58,11.26,Overdue,2023-11-15
2694,5188,Education Loan,231292.99,9.26,Active,2023-02-11
2695,8764,Home Loan,1477431.24,7.78,Active,2024-01-10
2696,2927,Auto Loan,724413.21,9.48,Overdue,2022-11-22
2697,8734,Education Loan,143973.51,11.02,Active,2024-01-05
2698,5150,Education Loan,334355.75,10.73,Overdue,2025-09-25
2699,8051,Auto Loan,1110463.97,9.94,Closed,2025-08-24
2700,7810,Personal Loan,172227.34,11.53,Active,2023-01-31
2701,5530,Auto Loan,1014610.84,12.71,Overdue,2022-05-17
2702,5192,Education Loan,575087.39,9.75,Active,2024-02-06
2703,5137,Education Loan,453364.01,9.03,Closed,2023-11-10
2704,3905,Education Loan,628367.54,8.95,Active,2025-11-08
2705,3439,Education Loan,452932.22,14.21,Active,2022-04-23
2706,6521,Education Loan,783024.17,12.69,Overdue,2024-05-20
2707,8253,Auto Loan,328798.18,10.43,Closed,2022-05-25
2708,5043,Home Loan,1682217.33,12.44,Closed,2024-08-26
2709,8332,Auto Loan,760222.33,10.05,Active,2024-04-09
2710,1802,Personal Loan,280695.63,10.09,Active,2023-03-12
2711,186,Personal Loan,287991.61,9.71,Active,2025-03-18
2712,6613,Home Loan,3023903.59,9.83,Active,2023-02-10
2713,685,Personal Loan,324680.75,9.55,Active,2025-01-04
2714,1847,Auto Loan,862642.85,11.51,Closed,2022-06-26
2715,3722,Auto Loan,380218.75,10.19,Closed,2024-07-19
2716,5587,Education Loan,50000.0,10.68,Active,2025-07-10
2717,1871,Home Loan,2564802.32,11.91,Overdue,2023-03-09
2718,6740,Personal Loan,277426.67,11.45,Closed,2025-11-08
2719,9959,Auto Loan,527744.56,10.09,Active,2023-12-06
2720,3410,Home Loan,2068533.35,10.73,Active,2023-09-11
2721,6956,Auto Loan,653512.37,12.32,Active,2024-07-24
2722,1384,Auto Loan,525194.12,9.79,Closed,2024-11-03
2723,1393,Personal Loan,227150.19,8.46,Active,2024-09-10
2724,7463,Auto Loan,496010.34,9.42,Active,2025-03-03
2725,4165,Personal Loan,235441.64,11.38,Active,2024-03-29
2726,2688,Home Loan,2195714.7,10.19,Closed,2025-12-29
2727,5031,Home Loan,2561697.08,15.69,Closed,2023-10-07
2728,1045,Personal Loan,329640.2,11.34,Active,2022-06-05
2729,8290,Auto Loan,498950.27,13.96,Active,2025-04-29
2730,1161,Personal Loan,75343.81,12.06,Active,2025-09-18
2731,3894,Auto Loan,433959.03,11.33,Overdue,2023-04-16
2732,4134,Auto Loan,428453.39,10.05,Active,2022-09-07
2733,266,Home Loan,3931915.59,9.02,Overdue,2022-09-11
2734,8207,Auto Loan,396618.67,10.81,Overdue,2024-02-09
2735,40,Education Loan,503448.93,7.28,Active,2025-10-13
2736,7376,Home Loan,472573.35,9.21,Active,2025-03-31
2737,8924,Home Loan,3734276.33,14.52,Closed,2025-11-16
2738,1459,Personal Loan,220170.31,8.74,Closed,2025-07-08
2739,7755,Education Loan,131268.02,11.38,Active,2025-02-23
2740,6763,Education Loan,826111.43,9.37,Active,2025-06-21
2741,127,Home Loan,3739366.04,8.3,Closed,2025-11-10
2742,1668,Personal Loan,227529.56,11.98,Overdue,2024-05-26
2743,4381,Home Loan,3287132.9,9.74,Overdue,2025-05-18
2744,85,Home Loan,2304071.23,12.96,Overdue,2024-01-31
2745,9780,Education Loan,341879.65,9.69,Closed,2022-12-13
2746,6042,Home Loan,2805659.85,9.53,Active,2024-06-11
2747,33,Personal Loan,247865.57,12.7,Closed,2024-07-02
2748,4653,Auto Loan,725217.95,9.35,Active,2023-05-29
2749,108,Home Loan,2633840.52,9.48,Active,2023-02-22
2750,9111,Education Loan,698386.02,11.72,Active,2022-06-22
2751,1819,Auto Loan,651994.13,9.43,Closed,2022-07-14
2752,8185,Auto Loan,404952.14,12.32,Active,2024-12-22
2753,8676,Auto Loan,1084213.12,12.54,Active,2024-12-23
2754,7881,Home Loan,3734233.43,12.02,Closed,2025-06-03
2755,8541,Education Loan,516890.98,12.68,Active,2024-07-28
2756,6322,Personal Loan,298963.77,13.08,Overdue,2022-10-25
2757,3931,Auto Loan,397339.06,8.4,Active,2022-05-31
2758,348,Auto Loan,651439.59,9.84,Active,2022-07-16
2759,1613,Auto Loan,568963.52,9.42,Active,2025-11-12
2760,9046,Education Loan,689551.71,7.74,Overdue,2024-02-12
2761,2607,Education Loan,471885.85,11.24,Active,2024-07-17
2762,8594,Personal Loan,225136.16,10.26,Active,2025-05-09
2763,356,Personal Loan,206828.27,14.44,Active,2023-07-28
2764,2015,Education Loan,731153.95,10.07,Overdue,2025-04-23
2765,2842,Personal Loan,397774.44,12.39,Active,2023-01-16
2766,5676,Personal Loan,213205.53,8.96,Active,2025-08-24
2767,6422,Personal Loan,281335.07,12.19,Active,2022-05-08
2768,2937,Education Loan,405297.95,14.96,Active,2022-06-08
2769,5130,Personal Loan,226487.78,8.81,Active,2022-11-02
2770,9034,Home Loan,1920100.78,13.09,Active,2025-09-10
2771,7356,Education Loan,427122.73,11.43,Active,2024-02-02
2772,7194,Auto Loan,849961.68,6.0,Closed,2025-02-20
2773,5648,Home Loan,2679132.69,12.23,Active,2025-12-26
2774,8054,Personal Loan,336119.38,10.13,Overdue,2023-07-23
2775,8077,Personal Loan,170889.77,11.67,Closed,2022-09-23
2776,8450,Home Loan,2649852.9,9.31,Active,2025-05-20
2777,8935,Personal Loan,289075.43,9.7,Closed,2024-06-15
2778,2758,Education Loan,643227.11,13.7,Active,2025-04-08
2779,1375,Personal Loan,190634.91,12.6,Overdue,2024-02-23
2780,7550,Education Loan,627266.03,11.02,Closed,2025-10-20
2781,239,Personal Loan,254503.22,11.84,Active,2022-03-10
2782,4416,Auto Loan,480951.99,9.13,Active,2023-06-07
2783,8603,Personal Loan,332800.52,11.84,Active,2025-02-04
2784,5838,Auto Loan,345486.6,10.38,Active,2024-05-09
2785,6403,Personal Loan,356907.24,9.03,Active,2025-10-18
2786,3074,Personal Loan,262055.84,11.63,Closed,2025-05-02
2787,6377,Education Loan,265337.0,17.61,Closed,2022-02-07
2788,2204,Auto Loan,926472.6,10.53,Active,2022-09-14
2789,3441,Auto Loan,557740.55,8.16,Closed,2025-03-17
2790,6395,Personal Loan,271875.01,10.27,Closed,2023-04-08
2791,401,Personal Loan,197426.32,11.36,Active,2022-03-25
2792,5841,Auto Loan,851803.19,11.54,Active,2024-04-06
2793,3623,Home Loan,3808881.29,11.66,Active,2024-08-02
2794,4885,Education Loan,516435.21,9.51,Closed,2024-11-24
2795,9731,Home Loan,829280.6,8.21,Active,2024-11-17
2796,6044,Home Loan,3004968.04,10.48,Active,2024-04-03
2797,2992,Auto Loan,1192457.7,7.03,Active,2025-08-26
2798,8239,Auto Loan,425366.9,10.85,Overdue,2025-05-14
2799,9534,Education Loan,362574.95,10.66,Overdue,2022-03-09
2800,9813,Personal Loan,406470.45,10.42,Active,2025-04-09
2801,715,Education Loan,321839.53,12.48,Overdue,2022-08-10
2802,9904,Education Loan,897050.36,10.97,Active,2024-03-01
2803,8198,Personal Loan,252089.96,9.68,Active,2024-03-29
2804,5865,Education Loan,465303.49,9.21,Active,2025-12-14
2805,1168,Education Loan,423094.39,10.66,Active,2025-11-25
2806,2396,Personal Loan,69492.46,14.91,Closed,2022-10-31
2807,5774,Personal Loan,137273.9,9.63,Active,2024-12-28
2808,5948,Auto Loan,707566.7,8.6,Closed,2022-08-06
2809,122,Home Loan,3621682.05,9.09,Active,2022-02-06
2810,3972,Education Loan,362290.77,9.11,Active,2025-11-20
2811,4496,Auto Loan,291301.9,10.83,Closed,2024-08-14
2812,192,Home Loan,2544413.1,12.92,Closed,2024-03-06
2813,6471,Education Loan,669395.18,12.59,Active,2023-04-28
2814,9157,Personal Loan,201977.59,12.97,Active,2022-05-29
2815,2117,Auto Loan,1044033.07,12.26,Closed,2025-08-15
2816,8524,Personal Loan,199989.88,11.14,Active,2022-06-24
2817,8383,Personal Loan,162235.29,13.3,Active,2023-07-15
2818,3392,Home Loan,3176403.09,12.45,Active,2022-01-14
2819,6528,Education Loan,451323.95,10.91,Overdue,2022-06-15
2820,4858,Personal Loan,117940.1,9.53,Active,2022-07-28
2821,7360,Home Loan,2741790.43,10.91,Active,2023-10-15
2822,3751,Home Loan,3796519.47,11.12,Active,2023-03-02
2823,3344,Education Loan,713078.09,13.39,Closed,2025-03-11
2824,3991,Education Loan,512393.45,10.79,Active,2023-04-18
2825,6255,Auto Loan,941096.79,12.56,Closed,2023-11-10
2826,6319,Home Loan,2115839.74,7.8,Active,2025-08-05
2827,8785,Auto Loan,192080.25,10.21,Overdue,2025-04-08
2828,1321,Education Loan,230811.59,8.34,Active,2022-05-06
2829,7695,Education Loan,679057.4,11.55,Active,2025-07-14
2830,218,Home Loan,2132828.56,11.86,Active,2022-04-29
2831,1838,Personal Loan,390030.96,10.4,Closed,2024-04-10
2832,8274,Home Loan,2589210.17,10.63,Active,2022-02-16
2833,7750,Home Loan,2708265.42,10.52,Active,2025-02-12
2834,3188,Home Loan,3251786.94,12.68,Overdue,2023-11-30
2835,7173,Personal Loan,156804.26,10.22,Active,2025-10-07
2836,7619,Home Loan,1690302.62,10.22,Active,2022-11-17
2837,5274,Personal Loan,301466.18,11.37,Active,2024-11-11
2838,6756,Home Loan,2986255.96,11.33,Closed,2022-10-12
2839,339,Home Loan,2328430.9,13.7,Overdue,2022-11-18
2840,8925,Home Loan,4254792.11,11.67,Overdue,2022-12-22
2841,3446,Auto Loan,729903.93,10.03,Active,2022-07-08
2842,1813,Auto Loan,777802.28,12.71,Overdue,2023-05-10
2843,4446,Personal Loan,160782.49,10.23,Closed,2023-07-05
2844,2916,Personal Loan,354373.32,8.74,Closed,2025-10-24
2845,1438,Auto Loan,587676.22,14.59,Active,2022-01-05
2846,8110,Home Loan,725186.37,11.38,Active,2022-03-05
2847,7,Auto Loan,587000.05,9.12,Active,2022-04-22
2848,4152,Education Loan,533638.69,8.07,Active,2022-10-13
2849,3832,Personal Loan,240664.51,9.34,Closed,2022-01-16
2850,152,Education Loan,299756.51,10.65,Active,2023-08-15
2851,709,Auto Loan,357460.55,10.18,Active,2025-03-15
2852,173,Education Loan,521300.32,9.0,Overdue,2024-03-26
2853,1019,Education Loan,297538.87,8.53,Overdue,2023-03-24
2854,2567,Education Loan,779420.07,10.08,Overdue,2022-06-29
2855,3190,Personal Loan,232796.57,11.36,Active,2024-04-22
2856,8866,Home Loan,2051773.48,6.97,Active,2024-06-21
2857,7363,Personal Loan,94272.07,11.37,Active,2023-08-24
2858,3302,Auto Loan,518224.58,14.72,Overdue,2025-07-30
2859,9477,Auto Loan,528108.02,6.67,Overdue,2024-01-22
2860,616,Personal Loan,127279.86,12.97,Active,2022-07-08
2861,8107,Home Loan,2334755.84,6.0,Active,2022-09-11
2862,8685,Personal Loan,212438.78,9.55,Active,2023-09-06
2863,2205,Auto Loan,1160025.29,8.96,Active,2025-02-02
2864,7433,Home Loan,2484809.49,14.81,Active,2025-06-15
2865,7919,Education Loan,441213.32,10.7,Closed,2022-02-02
2866,7435,Auto Loan,568446.76,10.33,Active,2025-06-17
2867,4322,Auto Loan,699202.53,12.42,Overdue,2022-10-04
2868,2956,Home Loan,2142684.65,10.75,Active,2024-02-11
2869,4078,Auto Loan,254191.72,11.72,Overdue,2022-04-13
2870,8049,Home Loan,1225788.8,12.49,Active,2022-05-01
2871,3322,Home Loan,2551700.58,13.99,Overdue,2022-06-23
2872,6604,Personal Loan,198701.19,10.33,Active,2023-09-20
2873,3989,Education Loan,258604.17,6.0,Closed,2025-07-08
2874,8573,Education Loan,354007.15,10.4,Active,2023-09-08
2875,9093,Personal Loan,217264.72,9.66,Active,2022-04-30
2876,5633,Auto Loan,866638.15,11.97,Overdue,2023-02-17
2877,6654,Education Loan,293468.06,9.95,Active,2022-02-18
2878,8874,Education Loan,410804.21,10.65,Active,2023-05-01
2879,9256,Home Loan,1714578.74,11.79,Overdue,2023-12-17
2880,505,Auto Loan,1041896.22,12.48,Active,2022-10-12
2881,2855,Personal Loan,196937.39,13.04,Active,2025-10-03
2882,8950,Personal Loan,372038.52,10.7,Overdue,2023-10-09
2883,4560,Education Loan,652990.02,9.81,Active,2025-12-27
2884,1003,Home Loan,1135346.6,9.03,Active,2024-04-06
2885,6348,Education Loan,428818.84,8.67,Active,2023-05-09
2886,3331,Home Loan,3266075.7,11.38,Closed,2024-02-12
2887,4886,Education Loan,530567.12,12.16,Active,2023-08-20
2888,4410,Auto Loan,899507.43,11.91,Overdue,2022-03-21
2889,3428,Education Loan,877900.55,9.0,Active,2025-01-26
2890,8391,Personal Loan,290168.04,11.32,Active,2022-01-06
2891,62,Personal Loan,242593.28,10.28,Closed,2022-03-17
2892,2801,Education Loan,803802.33,11.3,Active,2025-11-14
2893,9544,Personal Loan,159817.56,11.47,Active,2022-07-18
2894,5133,Auto Loan,566636.56,12.15,Overdue,2024-05-08
2895,9416,Personal Loan,105655.97,6.0,Active,2024-11-17
2896,9647,Education Loan,136175.03,13.12,Overdue,2024-03-03
2897,6864,Auto Loan,661139.77,7.68,Active,2022-06-19
2898,519,Auto Loan,759708.89,13.78,Active,2022-12-25
2899,7381,Auto Loan,616236.03,14.23,Overdue,2022-12-24
2900,652,Home Loan,2671273.19,8.95,Active,2025-10-15
2901,7444,Home Loan,2581155.74,10.36,Active,2022-05-03
2902,2999,Personal Loan,326598.63,8.5,Active,2022-01-31
2903,3341,Education Loan,830034.14,6.0,Active,2025-06-16
2904,2080,Personal Loan,448645.98,10.07,Overdue,2025-05-14
2905,8040,Home Loan,3232254.86,10.53,Overdue,2024-02-20
2906,3597,Personal Loan,175262.94,10.3,Closed,2025-07-10
2907,8704,Auto Loan,1045426.8,11.49,Closed,2024-06-18
2908,9215,Education Loan,367703.16,12.87,Active,2024-07-22
2909,8154,Home Loan,1307802.46,10.35,Overdue,2025-08-03
2910,4556,Personal Loan,314157.22,8.33,Active,2022-08-29
2911,1388,Home Loan,2561883.53,12.32,Active,2024-02-08
2912,4568,Education Loan,283962.43,11.16,Active,2024-08-22
2913,2619,Auto Loan,784126.83,7.79,Active,2023-09-10
2914,9508,Education Loan,495246.71,10.1,Active,2022-09-19
2915,1674,Auto Loan,638408.59,9.38,Active,2025-08-12
2916,9773,Personal Loan,331089.47,9.06,Active,2025-10-13
2917,5994,Auto Loan,477124.93,10.0,Closed,2022-05-29
2918,6835,Education Loan,505456.32,10.62,Active,2022-08-30
2919,1649,Personal Loan,195332.61,9.08,Closed,2024-01-31
2920,6571,Auto Loan,353703.9,9.29,Active,2023-08-25
2921,391,Home Loan,2626926.88,11.04,Active,2023-02-20
2922,4592,Education Loan,564593.99,10.26,Overdue,2025-09-21
2923,7221,Auto Loan,250287.1,10.03,Active,2022-12-04
2924,1688,Auto Loan,784550.28,14.29,Active,2022-10-22
2925,4914,Home Loan,4165764.33,10.95,Overdue,2024-05-31
2926,512,Education Loan,740209.92,8.96,Overdue,2022-01-21
2927,9301,Personal Loan,142880.58,9.14,Closed,2022-12-26
2928,8428,Home Loan,2736539.79,11.03,Active,2022-09-16
2929,962,Home Loan,1434634.7,7.32,Active,2024-08-12
2930,6972,Auto Loan,471520.27,12.16,Overdue,2022-09-30
2931,1590,Personal Loan,346636.69,11.89,Active,2025-09-21
2932,2299,Education Loan,530072.34,12.7,Closed,2024-04-17
2933,43,Auto Loan,882766.91,7.51,Active,2022-07-05
2934,9226,Education Loan,315268.38,11.18,Closed,2024-05-31
2935,2270,Education Loan,603843.46,12.38,Active,2024-12-09
2936,7005,Education Loan,522802.15,12.54,Closed,2023-04-30
2937,1994,Personal Loan,243766.04,9.78,Active,2023-03-02
2938,3902,Personal Loan,311004.24,9.59,Active,2022-07-27
2939,5433,Auto Loan,471980.31,10.57,Active,2024-10-28
2940,6429,Auto Loan,354766.05,10.96,Active,2024-12-20
2941,7493,Home Loan,3231667.15,12.74,Active,2024-05-28
2942,390,Home Loan,1840173.58,10.7,Closed,2023-03-11
2943,2049,Home Loan,2489712.21,8.02,Closed,2022-06-27
2944,5528,Home Loan,2262490.86,10.9,Closed,2025-03-15
2945,6156,Home Loan,2014070.97,13.32,Active,2025-07-11
2946,8011,Education Loan,387041.08,9.91,Overdue,2025-02-09
2947,4626,Education Loan,399080.39,6.71,Active,2025-10-23
2948,8159,Auto Loan,580293.83,9.13,Closed,2023-06-08
2949,1702,Home Loan,2967155.03,9.78,Active,2025-09-29
2950,3232,Home Loan,2695998.94,8.68,Active,2022-04-11
2951,3217,Home Loan,3503388.84,10.52,Active,2023-11-27
2952,2302,Auto Loan,720568.09,14.09,Overdue,2022-11-22
2953,8235,Personal Loan,230672.84,12.88,Active,2022-04-30
2954,4429,Home Loan,5069375.84,12.07,Overdue,2022-08-01
2955,4111,Auto Loan,798152.15,9.88,Active,2023-01-08
2956,3205,Education Loan,486683.75,10.67,Active,2024-11-14
2957,2075,Home Loan,50000.0,9.61,Active,2025-09-11
2958,6969,Home Loan,3044254.11,10.99,Active,2023-10-25
2959,7783,Auto Loan,664624.57,8.01,Overdue,2024-06-06
2960,8847,Home Loan,1209434.66,15.76,Active,2025-03-29
2961,9694,Education Loan,296476.73,13.84,Active,2023-07-06
2962,5007,Home Loan,1554358.05,9.82,Overdue,2022-06-27
2963,8171,Education Loan,682232.68,11.15,Overdue,2022-03-08
2964,2516,Auto Loan,692058.84,9.36,Active,2024-09-07
2965,5015,Education Loan,569912.74,9.6,Closed,2025-06-01
2966,6722,Education Loan,384820.12,13.11,Active,2023-05-05
2967,742,Education Loan,402219.72,8.95,Active,2025-06-17
2968,7859,Education Loan,557885.01,13.3,Closed,2023-08-25
2969,4509,Personal Loan,62928.79,11.04,Active,2025-03-10
2970,8171,Home Loan,2629508.02,10.94,Active,2024-09-05
2971,9649,Personal Loan,124101.68,10.05,Closed,2024-03-15
2972,78,Home Loan,2291417.79,12.04,Closed,2023-08-31
2973,9764,Home Loan,3294936.03,8.39,Active,2025-03-27
2974,6147,Home Loan,3599573.91,11.72,Overdue,2024-08-17
2975,3197,Personal Loan,172137.53,15.89,Overdue,2022-11-20
2976,8393,Home Loan,2733236.42,10.1,Active,2022-10-23
2977,1615,Home Loan,3091729.26,11.76,Active,2024-09-05
2978,5943,Auto Loan,747323.21,6.61,Overdue,2022-04-25
2979,1321,Auto Loan,956646.33,10.27,Active,2023-09-12
2980,2692,Home Loan,4413507.22,11.12,Active,2024-03-03
2981,7619,Home Loan,2694313.74,9.55,Closed,2024-02-16
2982,4254,Home Loan,1908837.63,11.91,Closed,2024-08-03
2983,7728,Education Loan,474685.13,8.59,Active,2025-06-14
2984,1717,Education Loan,624228.82,8.88,Closed,2023-08-03
2985,7210,Education Loan,614203.6,14.89,Active,2025-05-14
2986,2257,Personal Loan,50000.0,10.1,Active,2022-01-18
2987,2031,Auto Loan,928158.43,9.12,Closed,2025-09-24
2988,4087,Auto Loan,747603.91,7.92,Closed,2022-12-26
2989,4533,Auto Loan,568921.36,6.0,Closed,2025-05-14
2990,8143,Home Loan,3580610.55,9.93,Overdue,2023-10-18
2991,5250,Auto Loan,1098263.06,11.96,Active,2022-05-10
2992,5683,Personal Loan,313605.28,10.05,Active,2025-08-31
2993,6610,Personal Loan,261996.6,8.93,Closed,2024-04-07
2994,2273,Auto Loan,903373.82,9.48,Active,2023-12-12
2995,1755,Auto Loan,794901.32,12.19,Active,2024-03-10
2996,9510,Home Loan,2254625.21,12.93,Overdue,2024-11-24
2997,7968,Education Loan,636003.63,9.75,Overdue,2023-03-24
2998,4734,Home Loan,3425991.21,12.53,Active,2025-11-10
2999,7828,Auto Loan,637415.1,13.42,Active,2022-07-04
3000,4890,Auto Loan,280204.68,11.05,Overdue,2022-06-10
3001,8260,Personal Loan,217809.77,9.79,Active,2024-11-25
3002,1286,Personal Loan,283629.44,11.15,Active,2024-08-18
3003,6779,Personal Loan,336608.17,8.04,Active,2023-08-14
3004,3587,Auto Loan,998127.25,11.17,Closed,2023-08-16
3005,2479,Home Loan,1544621.46,11.19,Overdue,2025-06-09
3006,3141,Education Loan,815983.96,12.35,Overdue,2025-11-15
3007,1319,Auto Loan,1184419.23,11.63,Closed,2024-10-20
3008,8584,Auto Loan,675397.38,10.74,Active,2022-08-29
3009,6966,Personal Loan,264543.91,7.64,Closed,2023-01-28
3010,4362,Auto Loan,761357.66,11.38,Active,2022-02-23
3011,1028,Home Loan,953703.72,8.6,Active,2023-01-03
3012,7851,Home Loan,3489962.16,9.85,Closed,2023-11-24
3013,2503,Auto Loan,696511.67,9.01,Closed,2025-02-12
3014,279,Personal Loan,122492.51,10.38,Overdue,2022-11-01
3015,6392,Personal Loan,379157.31,10.73,Active,2024-12-10
3016,8249,Auto Loan,828006.63,10.28,Active,2022-05-19
3017,8152,Education Loan,375724.01,10.27,Closed,2024-10-24
3018,9188,Home Loan,3561309.31,12.5,Active,2024-04-11
3019,2281,Auto Loan,495745.23,8.34,Active,2025-08-07
3020,2646,Auto Loan,182991.55,9.33,Active,2023-06-22
3021,9637,Home Loan,3681816.37,7.86,Active,2025-10-05
3022,9818,Auto Loan,1380623.68,11.91,Active,2024-02-28
3023,6926,Education Loan,624211.25,13.11,Active,2024-02-29
3024,7722,Personal Loan,238796.38,10.49,Overdue,2022-04-04
3025,4664,Personal Loan,330826.61,11.31,Active,2025-04-11
3026,653,Personal Loan,194640.18,9.62,Active,2025-02-02
3027,8236,Auto Loan,673028.87,14.83,Closed,2024-02-07
3028,537,Education Loan,246526.04,9.97,Closed,2025-03-27
3029,8457,Personal Loan,194940.29,12.12,Active,2024-11-14
3030,5054,Home Loan,2920470.84,13.2,Closed,2022-09-26
3031,8045,Home Loan,3268198.77,8.87,Active,2022-01-20
3032,6968,Education Loan,488751.67,13.22,Overdue,2023-01-08
3033,9859,Auto Loan,1016983.89,11.47,Overdue,2025-03-26
3034,5384,Personal Loan,315589.59,13.64,Active,2024-08-28
3035,8434,Home Loan,3416055.67,13.26,Active,2023-06-13
3036,1805,Auto Loan,678255.69,6.75,Closed,2025-10-13
3037,9672,Personal Loan,380795.39,10.38,Active,2025-02-12
3038,4453,Home Loan,3964047.54,10.37,Active,2024-12-18
3039,5509,Home Loan,1250234.82,13.03,Active,2025-08-05
3040,2708,Home Loan,2239038.88,10.89,Overdue,2025-08-20
3041,8019,Personal Loan,293974.5,10.42,Active,2022-06-25
3042,3985,Home Loan,1545481.52,11.19,Active,2025-08-21
3043,679,Education Loan,660104.45,12.99,Active,2022-06-14
3044,8719,Personal Loan,125205.31,11.59,Overdue,2022-07-28
3045,9034,Education Loan,460941.29,8.74,Overdue,2024-08-12
3046,7821,Home Loan,415861.45,11.43,Active,2023-10-14
3047,9252,Auto Loan,633897.04,10.85,Closed,2024-07-15
3048,9520,Home Loan,3250571.97,11.57,Active,2023-06-08
3049,6761,Education Loan,612519.1,6.58,Active,2024-09-24
3050,1458,Education Loan,394447.94,11.04,Active,2023-01-27
3051,8844,Home Loan,1889238.3,12.53,Closed,2025-07-03
3052,3662,Personal Loan,227550.09,8.19,Overdue,2022-12-15
3053,8491,Auto Loan,603212.27,9.86,Closed,2023-06-29
3054,814,Home Loan,1631721.26,9.85,Active,2025-03-19
3055,1747,Education Loan,211842.66,8.91,Active,2024-07-15
3056,53,Auto Loan,861360.99,11.95,Active,2025-06-25
3057,7028,Education Loan,523960.01,6.25,Active,2024-06-01
3058,9971,Auto Loan,343465.64,11.82,Closed,2023-05-09
3059,4002,Auto Loan,586559.73,12.57,Active,2025-01-07
3060,3134,Personal Loan,365071.62,6.76,Overdue,2022-09-19
3061,5897,Education Loan,426500.33,10.83,Closed,2025-01-04
3062,5437,Auto Loan,484573.16,8.63,Closed,2022-02-21
3063,5771,Home Loan,656160.48,6.0,Active,2025-05-16
3064,829,Home Loan,1721461.77,7.75,Closed,2023-04-27
3065,8078,Home Loan,1249195.19,10.22,Active,2025-02-10
3066,1954,Personal Loan,269617.42,13.1,Active,2025-09-22
3067,7969,Home Loan,2394830.05,11.45,Active,2022-08-13
3068,1921,Personal Loan,188954.67,9.56,Closed,2022-09-14
3069,7890,Home Loan,2954459.89,9.8,Active,2022-01-03
3070,1551,Education Loan,240098.07,13.61,Active,2024-02-12
3071,4163,Education Loan,558071.92,8.85,Overdue,2023-12-03
3072,5485,Home Loan,2836473.58,10.64,Overdue,2024-12-03
3073,4998,Home Loan,3876435.48,12.42,Active,2023-07-06
3074,3157,Personal Loan,396764.86,10.18,Active,2024-01-22
3075,6255,Personal Loan,57204.77,9.98,Active,2024-03-04
3076,7976,Auto Loan,1283457.94,8.92,Active,2023-04-24
3077,9325,Auto Loan,558649.33,10.15,Active,2024-06-30
3078,63,Home Loan,2251688.96,8.17,Active,2025-08-03
3079,9004,Education Loan,772412.01,11.03,Active,2025-03-19
3080,4956,Auto Loan,858563.83,13.7,Active,2025-12-14
3081,9970,Personal Loan,148717.97,14.88,Active,2023-07-01
3082,9840,Home Loan,1851690.84,11.76,Overdue,2024-10-29
3083,7211,Auto Loan,825946.59,10.05,Active,2025-03-04
3084,3137,Education Loan,477586.91,10.18,Active,2022-08-22
3085,7903,Education Loan,201256.69,13.29,Overdue,2025-04-29
3086,4538,Personal Loan,212723.46,12.22,Closed,2022-07-14
3087,6441,Education Loan,584698.4,9.81,Overdue,2025-08-27
3088,2571,Home Loan,1686660.98,9.63,Closed,2022-01-01
3089,8083,Education Loan,444743.9,6.0,Closed,2025-08-25
3090,6752,Home Loan,2217825.65,10.45,Active,2023-04-13
3091,2022,Personal Loan,274198.64,7.1,Active,2022-01-25
3092,4887,Auto Loan,674711.31,6.69,Active,2023-05-01
3093,560,Personal Loan,240388.06,7.81,Closed,2023-06-09
3094,387,Education Loan,408618.22,13.41,Active,2022-06-26
3095,867,Education Loan,163387.49,10.81,Active,2025-09-29
3096,3709,Auto Loan,857053.72,8.36,Active,2023-10-11
3097,3363,Home Loan,2717031.8,7.89,Closed,2022-05-02
3098,8305,Home Loan,1803693.81,8.49,Active,2025-06-13
3099,5415,Auto Loan,995930.29,11.37,Active,2025-04-27
3100,2528,Home Loan,1816219.5,12.55,Overdue,2023-05-10
3101,8531,Education Loan,50000.0,8.68,Overdue,2022-09-16
3102,5259,Auto Loan,985056.56,12.06,Active,2022-01-21
3103,4188,Personal Loan,328553.26,12.35,Closed,2023-03-26
3104,3342,Personal Loan,227545.52,9.69,Active,2023-02-14
3105,6409,Personal Loan,334801.73,11.51,Active,2025-02-05
3106,118,Auto Loan,920870.95,11.01,Active,2024-02-24
3107,7423,Education Loan,771381.11,10.9,Active,2025-01-11
3108,5808,Personal Loan,574035.45,8.78,Active,2023-11-17
3109,4032,Home Loan,3588976.26,11.42,Closed,2024-10-22
3110,7297,Auto Loan,730823.36,9.33,Closed,2025-04-06
3111,7188,Auto Loan,511065.55,7.85,Closed,2022-08-04
3112,8648,Education Loan,450543.0,8.83,Closed,2024-04-29
3113,8735,Education Loan,140840.49,8.41,Active,2022-06-24
3114,613,Personal Loan,100488.64,13.56,Active,2022-10-10
3115,521,Auto Loan,733479.96,13.23,Overdue,2025-07-18
3116,4921,Home Loan,3168638.15,11.35,Overdue,2023-04-05
3117,9724,Auto Loan,1116737.05,11.84,Active,2023-09-08
3118,57,Auto Loan,773545.72,14.56,Active,2025-06-02
3119,4350,Education Loan,526142.65,10.98,Active,2025-06-30
3120,1955,Auto Loan,958193.41,10.78,Overdue,2022-05-15
3121,8690,Education Loan,592711.64,12.4,Overdue,2022-09-16
3122,8324,Auto Loan,636762.83,13.47,Closed,2023-12-01
3123,8670,Personal Loan,246131.11,11.58,Active,2024-02-07
3124,9790,Education Loan,545976.31,11.17,Active,2022-06-09
3125,7721,Personal Loan,113965.16,9.98,Overdue,2023-11-29
3126,2085,Personal Loan,267910.94,10.64,Active,2023-07-20
3127,7780,Auto Loan,315316.81,14.39,Active,2023-12-04
3128,74,Auto Loan,872293.69,10.39,Closed,2024-11-28
3129,7660,Personal Loan,353322.43,9.44,Active,2023-02-06
3130,5553,Education Loan,862281.36,9.27,Active,2025-01-12
3131,8451,Auto Loan,686699.21,12.76,Closed,2022-03-09
3132,7564,Home Loan,2542312.8,7.98,Overdue,2025-12-04
3133,3668,Home Loan,1749550.89,9.07,Overdue,2023-12-27
3134,3282,Education Loan,433513.66,12.34,Active,2023-06-23
3135,7399,Home Loan,1804695.2,11.01,Overdue,2023-10-16
3136,443,Personal Loan,254087.2,11.65,Active,2022-01-31
3137,4276,Personal Loan,299584.58,12.7,Active,2025-06-08
3138,4878,Personal Loan,276212.99,10.53,Active,2023-11-20
3139,770,Home Loan,2538669.68,8.89,Active,2025-08-31
3140,8283,Auto Loan,396717.89,13.93,Overdue,2024-02-04
3141,7200,Personal Loan,199527.45,13.15,Active,2023-05-06
3142,9684,Personal Loan,264441.24,13.21,Active,2023-03-04
3143,8112,Personal Loan,115599.62,11.56,Active,2025-12-11
3144,9715,Personal Loan,283964.13,10.8,Active,2024-07-27
3145,6641,Home Loan,1613971.62,15.54,Overdue,2023-07-18
3146,493,Personal Loan,181366.45,10.57,Closed,2024-10-20
3147,7797,Education Loan,620028.71,8.75,Active,2023-07-27
3148,6276,Personal Loan,362588.98,12.32,Active,2024-10-28
3149,2006,Education Loan,91616.79,11.32,Active,2024-01-09
3150,5610,Auto Loan,449601.01,11.78,Closed,2024-10-19
3151,4026,Auto Loan,552347.34,8.17,Overdue,2024-01-04
3152,5066,Home Loan,1401745.95,12.99,Overdue,2023-11-08
3153,3265,Personal Loan,295669.78,7.32,Active,2025-05-13
3154,9869,Auto Loan,979215.05,7.22,Overdue,2022-02-23
3155,743,Home Loan,2563076.48,9.77,Overdue,2023-06-05
3156,5296,Education Loan,531567.07,12.01,Closed,2024-01-11
3157,9929,Personal Loan,227734.82,11.44,Active,2025-01-19
3158,5886,Personal Loan,280760.32,12.8,Active,2025-05-12
3159,6070,Education Loan,437954.38,9.55,Active,2023-07-27
3160,7913,Education Loan,666470.62,10.07,Active,2022-03-21
3161,5144,Education Loan,471757.25,9.21,Active,2024-08-26
3162,5095,Personal Loan,255948.5,9.07,Active,2025-09-01
3163,3374,Personal Loan,300835.97,9.89,Active,2024-09-04
3164,8860,Auto Loan,426774.0,9.94,Active,2025-05-10
3165,1012,Personal Loan,275085.06,12.86,Closed,2024-01-07
3166,6906,Auto Loan,999493.78,11.27,Active,2024-10-27
3167,9610,Personal Loan,262578.22,11.02,Active,2025-09-14
3168,1703,Auto Loan,763204.87,10.07,Overdue,2023-12-21
3169,1648,Personal Loan,318688.85,7.68,Active,2025-04-24
3170,3526,Auto Loan,1186977.53,12.0,Active,2022-11-22
3171,8427,Personal Loan,429552.24,11.43,Active,2022-09-12
3172,706,Auto Loan,877972.1,10.61,Overdue,2022-12-16
3173,6190,Home Loan,1608334.07,8.3,Active,2024-04-01
3174,3829,Education Loan,50000.0,10.19,Active,2024-07-31
3175,7815,Auto Loan,783877.14,9.01,Active,2022-02-20
3176,6331,Education Loan,779472.17,13.18,Overdue,2025-09-01
3177,8443,Home Loan,1938023.66,9.94,Active,2025-05-24
3178,3889,Home Loan,2717506.17,7.46,Active,2025-08-28
3179,9599,Personal Loan,331463.89,10.5,Active,2025-03-22
3180,4804,Personal Loan,306208.73,14.6,Closed,2022-10-27
3181,1289,Education Loan,317675.11,9.38,Active,2025-07-08
3182,6249,Auto Loan,1000918.71,9.11,Active,2024-01-20
3183,6000,Education Loan,429218.44,10.38,Active,2025-02-14
3184,9620,Home Loan,2455875.65,10.65,Closed,2022-07-07
3185,8794,Personal Loan,147209.15,8.06,Active,2023-04-23
3186,1543,Education Loan,419398.07,8.61,Active,2025-10-28
3187,8893,Home Loan,2272893.77,11.23,Active,2025-11-15
3188,2466,Personal Loan,198219.68,12.17,Active,2023-03-30
3189,9581,Personal Loan,366423.4,10.77,Active,2022-07-28
3190,4065,Home Loan,2209183.39,9.5,Active,2022-09-03
3191,7275,Personal Loan,295545.08,11.41,Active,2025-07-25
3192,4722,Education Loan,696657.6,13.17,Closed,2022-04-24
3193,797,Education Loan,556255.58,9.8,Active,2024-12-19
3194,2717,Personal Loan,194974.1,9.65,Closed,2022-11-18
3195,1741,Home Loan,1735557.72,8.9,Overdue,2022-08-01
3196,5952,Home Loan,1653038.61,9.31,Active,2023-03-24
3197,723,Personal Loan,243006.86,13.01,Active,2024-01-31
3198,5883,Education Loan,623815.43,8.98,Overdue,2025-03-27
3199,5347,Personal Loan,172656.27,11.27,Closed,2024-01-01
3200,5435,Home Loan,2570326.69,12.33,Closed,2025-03-21
3201,8533,Home Loan,3055917.69,12.31,Active,2023-04-20
3202,7611,Education Loan,596318.93,13.78,Overdue,2025-10-16
3203,954,Personal Loan,213834.42,13.18,Active,2023-10-05
3204,3765,Home Loan,2766771.7,10.19,Overdue,2025-08-30
3205,2887,Personal Loan,96994.65,9.23,Active,2025-01-30
3206,2916,Personal Loan,120695.58,10.73,Active,2025-10-06
3207,8359,Education Loan,505909.47,10.98,Active,2025-08-22
3208,9835,Personal Loan,282289.63,9.34,Active,2024-02-25
3209,8151,Personal Loan,202253.02,7.51,Overdue,2022-12-29
3210,9929,Education Loan,508224.24,11.08,Overdue,2023-08-31
3211,7375,Education Loan,507274.54,11.47,Active,2025-01-14
3212,9197,Home Loan,1977712.82,7.36,Active,2025-02-24
3213,9785,Home Loan,3097504.99,14.23,Active,2022-01-19
3214,427,Personal Loan,289370.71,12.97,Active,2023-05-01
3215,9523,Education Loan,627086.52,7.58,Closed,2025-11-13
3216,2790,Auto Loan,815558.17,11.84,Active,2022-11-10
3217,5732,Auto Loan,827621.2,10.14,Active,2023-01-08
3218,3455,Personal Loan,361218.93,12.25,Active,2022-08-07
3219,7414,Education Loan,615513.58,11.88,Closed,2022-10-20
3220,5947,Auto Loan,813346.22,13.72,Overdue,2022-06-17
3221,2240,Auto Loan,1055690.62,12.44,Active,2024-08-02
3222,1108,Home Loan,2325493.54,13.8,Closed,2024-07-23
3223,3142,Home Loan,1946462.11,13.21,Closed,2022-08-16
3224,6585,Home Loan,2148095.72,10.61,Active,2024-10-05
3225,2961,Home Loan,3020549.44,11.91,Closed,2024-07-06
3226,1222,Auto Loan,767039.52,14.57,Overdue,2022-10-05
3227,2036,Personal Loan,212842.4,10.27,Overdue,2022-04-29
3228,9958,Personal Loan,288738.7,13.56,Closed,2023-11-29
3229,5596,Education Loan,355427.17,13.95,Closed,2023-10-31
3230,9841,Education Loan,672154.93,9.79,Active,2024-05-25
3231,5242,Personal Loan,425404.89,12.32,Overdue,2023-10-09
3232,3173,Education Loan,850868.86,11.19,Active,2022-11-02
3233,2337,Personal Loan,361195.6,9.05,Closed,2023-03-20
3234,4399,Education Loan,793330.92,8.58,Active,2023-11-22
3235,5608,Home Loan,2855032.04,8.19,Active,2024-08-17
3236,3526,Education Loan,499583.06,8.15,Active,2022-07-21
3237,300,Auto Loan,477382.31,10.26,Overdue,2024-11-28
3238,1435,Home Loan,2060647.19,11.74,Closed,2025-03-29
3239,6050,Home Loan,2029740.45,11.21,Active,2025-10-24
3240,2710,Personal Loan,393129.57,13.01,Active,2023-06-09
3241,7473,Personal Loan,297816.78,9.47,Active,2023-07-23
3242,9528,Auto Loan,1314459.67,11.95,Active,2022-08-09
3243,5945,Personal Loan,309459.68,9.6,Active,2024-01-24
3244,9855,Education Loan,735672.73,11.72,Closed,2023-05-26
3245,3267,Home Loan,2450373.9,12.73,Active,2025-07-20
3246,1836,Home Loan,1758332.74,11.88,Closed,2023-12-01
3247,5839,Auto Loan,657228.07,9.4,Active,2024-10-15
3248,7385,Home Loan,2967777.8,9.28,Overdue,2023-10-20
3249,9501,Personal Loan,447163.93,9.67,Active,2024-01-02
3250,7464,Personal Loan,247687.12,10.66,Active,2025-04-16
3251,3959,Auto Loan,1098107.65,11.22,Closed,2024-09-30
3252,4928,Auto Loan,1204414.99,11.88,Active,2024-10-02
3253,7267,Education Loan,311523.81,9.0,Active,2023-07-29
3254,9625,Personal Loan,279716.65,11.82,Active,2024-06-26
3255,6743,Education Loan,301299.95,12.58,Overdue,2022-09-13
3256,157,Personal Loan,190283.73,12.25,Active,2022-05-31
3257,9242,Home Loan,2105445.62,9.45,Overdue,2023-06-02
3258,3104,Home Loan,3508727.6,15.19,Active,2024-10-12
3259,8549,Home Loan,1111259.03,11.02,Overdue,2022-11-23
3260,6013,Home Loan,1094932.73,10.26,Closed,2023-08-23
3261,2649,Education Loan,753369.01,10.18,Active,2022-06-10
3262,2787,Personal Loan,353631.0,6.16,Active,2022-10-05
3263,4887,Home Loan,2828916.67,9.58,Overdue,2022-05-28
3264,6098,Home Loan,2629243.67,11.52,Active,2025-12-21
3265,4944,Education Loan,422783.63,9.75,Closed,2023-04-12
3266,3503,Personal Loan,450708.15,10.05,Active,2022-01-27
3267,4754,Education Loan,582905.8,10.71,Active,2022-08-16
3268,1986,Auto Loan,217650.03,11.12,Overdue,2022-02-05
3269,4879,Auto Loan,529729.05,11.07,Active,2024-05-27
3270,9716,Auto Loan,228740.68,14.88,Active,2022-01-17
3271,4015,Education Loan,572202.62,11.22,Overdue,2024-01-10
3272,8108,Auto Loan,507183.18,10.93,Active,2024-02-16
3273,5894,Education Loan,534835.49,9.72,Active,2025-07-22
3274,8927,Auto Loan,709268.76,10.03,Active,2023-03-25
3275,345,Personal Loan,148398.58,13.24,Active,2025-02-04
3276,1307,Personal Loan,153063.55,9.96,Active,2023-10-20
3277,728,Auto Loan,624003.46,15.84,Closed,2023-02-23
3278,5411,Home Loan,3458966.0,13.0,Active,2023-05-16
3279,465,Home Loan,4003710.74,13.36,Active,2025-10-23
3280,4548,Auto Loan,1003341.73,10.39,Closed,2022-08-24
3281,1765,Personal Loan,224714.27,9.6,Active,2025-03-07
3282,3095,Auto Loan,626080.04,7.2,Overdue,2025-10-08
3283,8714,Home Loan,2306428.34,12.64,Active,2024-02-10
3284,6178,Auto Loan,677555.23,10.76,Active,2023-01-06
3285,6562,Personal Loan,306084.28,7.08,Overdue,2025-12-21
3286,9773,Personal Loan,255520.02,7.42,Closed,2022-02-10
3287,7313,Home Loan,4241480.43,12.6,Active,2023-07-29
3288,1166,Home Loan,2570800.95,9.23,Active,2025-03-07
3289,4084,Education Loan,764888.03,9.07,Active,2023-08-29
3290,3397,Home Loan,1749353.97,10.83,Closed,2022-03-28
3291,9109,Education Loan,390482.16,12.46,Active,2024-09-10
3292,2855,Personal Loan,416615.94,14.07,Active,2022-07-15
3293,3291,Home Loan,2685106.93,7.99,Active,2023-05-23
3294,9948,Education Loan,447896.96,14.56,Active,2025-07-06
3295,2563,Auto Loan,1073128.78,12.87,Active,2025-12-21
3296,7437,Education Loan,349456.04,11.85,Active,2025-07-16
3297,8930,Auto Loan,778953.39,12.53,Active,2022-04-26
3298,2396,Home Loan,3870916.49,13.48,Active,2022-02-27
3299,757,Personal Loan,214640.77,12.24,Active,2022-12-19
3300,1045,Home Loan,2427760.98,8.66,Closed,2023-12-16
3301,8778,Personal Loan,352165.13,11.57,Overdue,2025-05-07
3302,3021,Home Loan,2432091.31,12.06,Active,2025-08-11
3303,362,Auto Loan,555170.12,10.19,Active,2022-03-13
3304,290,Auto Loan,710552.81,14.39,Active,2025-04-22
3305,1743,Personal Loan,353430.85,14.69,Active,2023-01-08
3306,7868,Home Loan,3720390.85,10.14,Closed,2025-05-07
3307,1363,Personal Loan,322196.63,12.38,Active,2024-04-12
3308,3048,Home Loan,2165081.6,12.32,Active,2025-02-11
3309,5039,Auto Loan,474573.82,9.27,Closed,2025-04-03
3310,7916,Education Loan,386749.11,12.8,Active,2023-09-26
3311,4496,Home Loan,2915891.88,9.1,Overdue,2023-07-28
3312,1548,Home Loan,1008369.13,9.51,Active,2025-11-03
3313,5387,Personal Loan,236205.34,9.54,Active,2023-03-08
3314,8456,Education Loan,550197.8,10.26,Closed,2023-05-15
3315,4074,Education Loan,605172.16,10.94,Active,2024-09-02
3316,2966,Auto Loan,818330.83,12.69,Active,2025-01-13
3317,3985,Auto Loan,458606.58,11.06,Active,2025-10-18
3318,2275,Personal Loan,166720.94,9.82,Active,2025-06-26
3319,7055,Education Loan,388748.12,7.39,Active,2022-08-28
3320,5110,Auto Loan,788830.69,7.38,Active,2023-12-03
3321,6407,Personal Loan,169344.47,8.2,Active,2025-01-03
3322,8519,Education Loan,507496.77,8.42,Active,2024-03-05
3323,1051,Home Loan,3266037.41,10.65,Overdue,2024-12-01
3324,1664,Education Loan,429736.75,9.74,Closed,2024-08-12
3325,9118,Home Loan,1956160.74,9.8,Closed,2022-11-15
3326,2038,Home Loan,2438179.27,8.31,Active,2023-04-04
3327,5722,Education Loan,355994.54,10.97,Active,2022-04-30
3328,8231,Education Loan,480516.72,12.61,Overdue,2025-11-28
3329,6798,Auto Loan,832516.06,11.27,Active,2024-06-10
3330,9927,Home Loan,930266.03,10.15,Active,2025-09-14
3331,974,Auto Loan,616490.9,10.57,Active,2023-06-17
3332,7984,Auto Loan,647697.39,8.67,Overdue,2022-12-17
3333,7350,Home Loan,2221784.3,8.92,Closed,2023-04-08
3334,1405,Auto Loan,1022077.04,12.49,Active,2024-12-09
3335,2643,Auto Loan,561842.26,6.82,Active,2023-06-19
3336,7897,Personal Loan,310266.39,13.46,Closed,2022-06-27
3337,4756,Home Loan,2573361.18,14.03,Active,2023-01-06
3338,464,Home Loan,4120528.57,10.95,Active,2024-01-15
3339,616,Auto Loan,758504.91,10.64,Overdue,2023-01-06
3340,6831,Auto Loan,556146.17,10.67,Active,2024-06-19
3341,2237,Auto Loan,668201.08,11.1,Active,2022-08-15
3342,825,Home Loan,3470790.77,10.84,Closed,2022-08-18
3343,6358,Auto Loan,791776.95,7.44,Active,2024-06-03
3344,8875,Personal Loan,342508.18,6.0,Closed,2022-11-24
3345,6382,Auto Loan,671045.12,10.93,Active,2024-10-26
3346,2862,Education Loan,729849.95,13.3,Active,2025-11-29
3347,566,Education Loan,431823.55,9.32,Active,2022-03-19
3348,7572,Personal Loan,295571.19,9.02,Active,2023-08-12
3349,2365,Auto Loan,445040.42,13.78,Overdue,2022-12-11
3350,1978,Education Loan,596955.58,9.49,Closed,2022-04-15
3351,6595,Home Loan,2631666.96,9.32,Active,2024-03-17
3352,9859,Home Loan,3783357.28,12.68,Overdue,2022-05-08
3353,3352,Auto Loan,560811.43,12.35,Active,2025-11-22
3354,7252,Auto Loan,595012.47,10.44,Active,2022-09-01
3355,2009,Education Loan,501226.52,9.7,Overdue,2022-11-27
3356,8287,Education Loan,625574.82,13.22,Active,2025-05-06
3357,6899,Auto Loan,698526.1,9.68,Active,2023-07-06
3358,2377,Auto Loan,493401.07,12.31,Active,2023-07-20
3359,8784,Personal Loan,208943.8,6.0,Overdue,2023-05-14
3360,9863,Home Loan,2871165.09,11.46,Closed,2025-03-05
3361,5117,Education Loan,313260.78,11.68,Active,2023-06-22
3362,9026,Auto Loan,895607.33,10.49,Active,2022-03-05
3363,5177,Home Loan,2502177.46,11.16,Active,2022-11-03
3364,2276,Auto Loan,765924.68,12.87,Active,2025-12-15
3365,132,Personal Loan,284988.72,11.88,Active,2025-06-26
3366,8550,Home Loan,1356006.8,7.49,Active,2022-05-26
3367,2992,Education Loan,653873.35,10.18,Overdue,2023-08-04
3368,5559,Auto Loan,552092.82,12.05,Active,2022-05-04
3369,3993,Education Loan,625025.75,7.12,Active,2022-10-08
3370,4745,Personal Loan,399708.77,11.89,Active,2025-07-06
3371,126,Home Loan,2987251.5,9.14,Active,2024-07-01
3372,8817,Education Loan,537334.48,9.03,Active,2023-06-04
3373,5688,Education Loan,415495.18,7.9,Active,2025-08-31
3374,9611,Home Loan,2790038.88,9.3,Closed,2023-05-26
3375,3172,Education Loan,808502.09,10.63,Active,2024-07-02
3376,952,Home Loan,2097525.05,6.86,Active,2023-02-24
3377,7367,Home Loan,2356653.73,11.47,Closed,2025-06-04
3378,1508,Education Loan,715791.36,11.28,Active,2023-07-23
3379,1325,Education Loan,425634.66,9.8,Overdue,2024-02-09
3380,8892,Personal Loan,267694.39,11.94,Closed,2022-04-20
3381,4681,Auto Loan,702783.32,11.71,Active,2022-12-29
3382,5855,Personal Loan,140863.05,11.3,Closed,2023-04-06
3383,9760,Personal Loan,293332.91,10.56,Active,2023-11-23
3384,6823,Personal Loan,295375.16,10.92,Active,2024-02-03
3385,7302,Personal Loan,311896.28,10.32,Active,2024-05-08
3386,9133,Auto Loan,583545.7,8.13,Active,2023-10-28
3387,7114,Personal Loan,216351.65,11.5,Active,2023-07-13
3388,6762,Home Loan,694368.16,10.54,Overdue,2022-03-02
3389,1413,Education Loan,218696.28,10.6,Overdue,2023-02-07
3390,1459,Education Loan,430461.77,8.27,Active,2025-11-04
3391,4743,Home Loan,3431558.46,10.86,Active,2025-10-10
3392,5701,Auto Loan,873319.18,7.9,Overdue,2022-07-08
3393,6962,Personal Loan,259298.64,12.41,Active,2022-09-27
3394,4492,Auto Loan,698764.83,12.76,Closed,2022-04-16
3395,3869,Home Loan,2181735.69,9.94,Overdue,2022-09-19
3396,645,Personal Loan,311932.94,11.76,Active,2025-04-26
3397,3171,Personal Loan,361325.85,9.28,Closed,2025-12-13
3398,2318,Personal Loan,246722.8,6.39,Active,2025-06-04
3399,2339,Personal Loan,167353.39,12.18,Overdue,2023-11-18
3400,9147,Auto Loan,609928.86,9.47,Overdue,2024-09-19
3401,6183,Auto Loan,937872.52,10.73,Active,2024-03-13
3402,2054,Auto Loan,607566.59,12.03,Active,2022-07-26
3403,7679,Personal Loan,265937.49,8.72,Active,2023-12-24
3404,5569,Personal Loan,96701.46,10.05,Active,2022-06-16
3405,9688,Education Loan,436248.51,10.11,Active,2023-01-30
3406,2148,Auto Loan,659773.55,8.9,Closed,2022-05-21
3407,9445,Auto Loan,703909.87,8.6,Overdue,2023-10-17
3408,7463,Home Loan,3350183.53,10.07,Active,2025-08-18
3409,9038,Education Loan,463589.77,9.33,Overdue,2025-04-10
3410,1073,Personal Loan,129194.55,9.6,Closed,2023-06-03
3411,4437,Personal Loan,333522.39,7.58,Active,2025-11-04
3412,3388,Education Loan,430611.94,12.52,Active,2023-12-11
3413,9354,Personal Loan,335586.27,12.44,Active,2024-10-01
3414,4177,Auto Loan,1130453.47,9.73,Active,2022-07-30
3415,3277,Auto Loan,375896.22,11.21,Active,2024-09-05
3416,4321,Home Loan,2968985.47,12.67,Active,2023-06-24
3417,1681,Education Loan,650990.18,7.24,Active,2025-07-12
3418,5087,Personal Loan,167059.35,11.94,Overdue,2024-06-10
3419,9487,Personal Loan,334347.78,9.34,Overdue,2024-06-10
3420,1650,Personal Loan,322610.17,14.81,Active,2022-12-30
3421,2630,Education Loan,495543.57,10.07,Active,2024-09-09
3422,7834,Home Loan,2692444.1,11.18,Active,2024-04-16
3423,7531,Auto Loan,625591.18,10.84,Active,2024-03-09
3424,4723,Personal Loan,161629.9,6.32,Active,2025-05-24
3425,760,Education Loan,585384.37,9.8,Active,2025-06-16
3426,4879,Home Loan,3512021.33,13.17,Active,2024-02-02
3427,9200,Home Loan,2062630.05,12.78,Active,2023-03-28
3428,1304,Home Loan,2807470.64,11.1,Closed,2024-02-28
3429,9534,Auto Loan,999996.38,12.07,Active,2025-08-01
3430,1249,Auto Loan,511909.53,9.91,Active,2022-10-02
3431,3369,Home Loan,1705679.99,8.8,Active,2023-09-14
3432,3384,Personal Loan,355022.71,9.43,Closed,2024-04-24
3433,3801,Auto Loan,671645.09,10.3,Active,2023-08-22
3434,8116,Auto Loan,924473.48,11.45,Active,2024-02-28
3435,4196,Home Loan,1347132.7,10.44,Closed,2025-05-08
3436,1294,Education Loan,459764.66,10.28,Active,2023-10-10
3437,3680,Home Loan,3272477.0,11.55,Overdue,2023-03-24
3438,4841,Auto Loan,1001351.72,11.91,Active,2023-04-13
3439,1631,Home Loan,2563554.25,8.46,Active,2024-12-02
3440,5263,Auto Loan,882945.58,9.52,Active,2025-06-15
3441,6870,Education Loan,593756.49,10.2,Active,2024-02-03
3442,4469,Auto Loan,682885.26,11.09,Active,2023-04-23
3443,1033,Home Loan,3058568.74,9.6,Active,2025-08-20
3444,3364,Auto Loan,620410.96,12.99,Active,2025-01-08
3445,5704,Auto Loan,1174444.36,8.83,Active,2023-07-16
3446,2038,Auto Loan,456552.7,10.73,Closed,2022-04-13
3447,3028,Home Loan,2172600.82,9.52,Active,2022-01-12
3448,1061,Auto Loan,506485.89,6.43,Overdue,2023-05-18
3449,622,Home Loan,2450522.01,8.29,Closed,2024-05-04
3450,4289,Personal Loan,274282.86,11.17,Active,2022-08-26
3451,265,Auto Loan,621747.37,11.1,Overdue,2024-04-26
3452,8155,Personal Loan,57901.31,13.28,Active,2025-07-31
3453,4018,Personal Loan,298751.65,9.5,Active,2024-10-19
3454,1911,Education Loan,494284.88,8.23,Active,2022-07-29
3455,6564,Personal Loan,134705.5,11.59,Active,2023-06-08
3456,4731,Education Loan,463920.59,7.24,Active,2023-09-06
3457,7662,Auto Loan,648262.01,7.26,Overdue,2025-05-07
3458,3592,Home Loan,3573291.92,13.85,Active,2023-08-27
3459,5587,Home Loan,2782113.42,10.44,Overdue,2025-01-18
3460,1273,Education Loan,497997.97,11.25,Active,2022-02-09
3461,3260,Auto Loan,1152612.33,6.77,Active,2024-09-22
3462,7479,Personal Loan,204771.09,7.94,Active,2023-12-04
3463,9045,Auto Loan,1058685.6,12.05,Active,2022-05-01
3464,6217,Education Loan,531826.04,8.62,Active,2022-08-22
3465,7027,Personal Loan,190631.23,11.32,Active,2024-03-17
3466,3351,Auto Loan,352567.9,9.7,Closed,2022-01-13
3467,6228,Home Loan,3420859.54,14.98,Closed,2024-06-28
3468,3082,Personal Loan,241588.8,12.24,Active,2023-01-03
3469,4288,Personal Loan,459670.95,12.08,Closed,2023-10-30
3470,7020,Home Loan,1514299.08,8.15,Active,2025-07-18
3471,8460,Auto Loan,530448.72,11.61,Closed,2023-08-06
3472,695,Home Loan,2098738.86,9.48,Closed,2025-11-22
3473,5945,Education Loan,147720.05,10.97,Overdue,2023-02-28
3474,1656,Home Loan,499644.7,11.31,Active,2023-04-08
3475,3879,Auto Loan,1162081.84,9.37,Active,2024-04-04
3476,6617,Personal Loan,235828.63,8.17,Overdue,2024-02-02
3477,6554,Home Loan,2351114.36,14.59,Overdue,2025-02-22
3478,5073,Personal Loan,267972.68,11.63,Active,2022-02-28
3479,97,Personal Loan,347327.61,10.21,Active,2025-03-11
3480,9062,Home Loan,3123223.71,11.25,Active,2023-02-20
3481,2130,Home Loan,2318660.05,9.07,Active,2024-06-20
3482,8754,Home Loan,1367936.9,7.83,Active,2023-04-12
3483,3046,Personal Loan,250580.88,10.12,Overdue,2022-01-21
3484,8189,Home Loan,2526837.04,10.56,Closed,2023-09-27
3485,5696,Personal Loan,229031.81,11.64,Active,2022-07-15
3486,6597,Home Loan,4688000.05,7.74,Overdue,2022-06-13
3487,8086,Auto Loan,569738.36,12.3,Overdue,2025-02-21
3488,9741,Education Loan,507725.71,10.99,Overdue,2025-12-26
3489,6951,Personal Loan,334067.21,11.86,Active,2023-08-10
3490,2141,Personal Loan,506866.85,8.49,Active,2023-11-02
3491,6969,Auto Loan,826238.73,9.69,Overdue,2024-02-22
3492,4371,Home Loan,1532860.73,7.04,Active,2025-02-18
3493,7246,Home Loan,1920924.33,13.94,Active,2024-06-05
3494,6340,Home Loan,2552509.14,12.06,Active,2025-11-10
3495,1537,Education Loan,546171.74,8.3,Active,2023-04-29
3496,9714,Auto Loan,931593.42,13.59,Closed,2025-11-30
3497,1242,Auto Loan,528492.51,8.23,Closed,2024-04-06
3498,7290,Home Loan,3808537.23,8.5,Active,2022-09-11
3499,5283,Personal Loan,285286.96,10.78,Active,2022-11-24
3500,1325,Education Loan,420180.76,11.33,Active,2022-04-16
3501,8119,Education Loan,407741.63,13.07,Active,2023-10-25
3502,9675,Home Loan,3662002.22,10.27,Closed,2024-07-10
3503,2593,Personal Loan,350856.45,10.62,Active,2024-04-19
3504,3474,Auto Loan,633802.28,12.37,Active,2024-07-27
3505,4182,Home Loan,3138502.02,10.24,Active,2025-03-31
3506,8259,Auto Loan,600187.57,10.73,Closed,2023-02-19
3507,9620,Home Loan,3440355.87,12.24,Active,2024-05-20
3508,6914,Education Loan,798811.52,10.74,Active,2024-10-29
3509,8105,Auto Loan,50000.0,7.11,Closed,2024-03-08
3510,3743,Personal Loan,345210.94,8.94,Overdue,2024-03-24
3511,5340,Home Loan,2742205.81,12.15,Closed,2023-11-01
3512,3588,Home Loan,1796258.16,8.32,Active,2025-06-01
3513,5204,Auto Loan,764146.82,8.56,Active,2025-02-02
3514,323,Home Loan,2480273.29,10.26,Active,2024-05-11
3515,760,Personal Loan,312085.17,10.51,Active,2022-06-12
3516,3074,Auto Loan,813745.78,12.85,Active,2024-12-06
3517,1852,Home Loan,3151253.84,8.53,Closed,2024-02-01
3518,1293,Personal Loan,289627.76,9.94,Closed,2023-09-27
3519,9292,Education Loan,206374.97,10.27,Closed,2024-04-04
3520,6713,Auto Loan,847420.98,12.79,Closed,2022-11-11
3521,4382,Education Loan,404758.38,15.27,Overdue,2023-06-18
3522,8794,Education Loan,573975.95,11.63,Active,2022-01-31
3523,7651,Home Loan,3697576.81,9.48,Active,2025-04-19
3524,6544,Home Loan,4311170.99,13.57,Active,2024-01-16
3525,5800,Home Loan,1519015.77,10.19,Active,2024-11-10
3526,2827,Auto Loan,626375.03,8.16,Active,2022-12-07
3527,9317,Auto Loan,590618.62,13.23,Active,2024-02-02
3528,8975,Education Loan,642637.65,12.52,Overdue,2023-10-21
3529,7635,Education Loan,722238.99,12.58,Closed,2024-11-10
3530,3765,Auto Loan,874444.87,8.65,Active,2022-01-06
3531,7407,Education Loan,281191.42,11.15,Active,2022-12-22
3532,5126,Home Loan,1993385.75,8.62,Active,2024-08-21
3533,627,Auto Loan,665836.8,9.12,Active,2024-08-26
3534,6428,Personal Loan,289084.82,10.12,Active,2023-02-13
3535,8931,Personal Loan,293135.22,9.07,Active,2023-07-04
3536,4770,Education Loan,203539.89,8.04,Active,2022-03-11
3537,4987,Home Loan,1895079.89,10.47,Active,2023-02-27
3538,6298,Home Loan,2008709.32,14.12,Active,2023-10-10
3539,957,Education Loan,398698.92,11.54,Overdue,2023-05-21
3540,6502,Home Loan,1387899.89,11.76,Closed,2022-01-15
3541,6600,Home Loan,1786106.17,8.91,Active,2024-01-29
3542,242,Auto Loan,345671.97,13.27,Active,2023-04-09
3543,177,Education Loan,392981.12,10.58,Overdue,2025-02-15
3544,9231,Education Loan,522279.29,11.59,Active,2025-08-05
3545,1971,Education Loan,468116.91,10.27,Active,2024-12-21
3546,1734,Home Loan,3966235.45,14.63,Active,2025-10-01
3547,7090,Auto Loan,630624.7,11.63,Active,2025-11-27
3548,3823,Personal Loan,254132.82,10.25,Overdue,2022-08-22
3549,2002,Education Loan,213923.19,8.1,Closed,2025-11-26
3550,102,Education Loan,479926.11,9.81,Active,2022-05-04
3551,1287,Home Loan,1754911.04,6.67,Active,2025-12-05
3552,9667,Home Loan,3372446.0,9.58,Overdue,2025-08-22
3553,671,Home Loan,3620840.88,11.11,Active,2022-11-23
3554,2754,Education Loan,667371.55,10.21,Active,2024-07-19
3555,709,Auto Loan,386816.38,11.33,Closed,2024-09-25
3556,4823,Home Loan,1891074.13,9.71,Overdue,2024-10-11
3557,1034,Personal Loan,237098.63,10.69,Active,2023-08-12
3558,6722,Education Loan,466218.21,11.39,Active,2024-06-17
3559,303,Auto Loan,913608.46,11.37,Active,2022-10-17
3560,1647,Personal Loan,234794.88,10.76,Overdue,2022-11-03
3561,4234,Home Loan,2656309.39,10.4,Active,2025-08-13
3562,8566,Education Loan,445219.6,9.38,Overdue,2024-12-14
3563,2894,Home Loan,3027641.59,13.38,Active,2025-04-05
3564,6256,Home Loan,2232849.96,10.61,Active,2025-03-15
3565,3523,Auto Loan,509343.3,9.9,Closed,2022-06-18
3566,7561,Education Loan,266153.87,11.44,Active,2025-02-14
3567,6109,Education Loan,373505.72,9.83,Overdue,2022-08-13
3568,99,Personal Loan,229046.23,10.95,Closed,2022-11-15
3569,811,Personal Loan,221097.56,9.73,Active,2022-12-22
3570,3379,Home Loan,2931390.15,12.51,Closed,2023-07-03
3571,4158,Home Loan,755894.47,12.89,Active,2025-02-04
3572,9826,Personal Loan,303592.06,10.07,Active,2025-11-07
3573,6300,Education Loan,342352.6,6.0,Active,2025-12-08
3574,6333,Education Loan,857727.78,11.29,Active,2023-10-07
3575,6596,Education Loan,478602.12,11.46,Active,2025-11-20
3576,4432,Home Loan,2207907.6,9.27,Overdue,2022-11-25
3577,2749,Personal Loan,118210.84,11.15,Closed,2023-05-11
3578,4048,Personal Loan,330919.12,10.99,Overdue,2025-12-02
3579,9054,Auto Loan,529051.01,10.3,Closed,2023-11-05
3580,3876,Personal Loan,277020.83,7.87,Active,2024-09-19
3581,6606,Auto Loan,919287.64,12.13,Overdue,2023-06-29
3582,773,Home Loan,2533859.49,13.38,Active,2024-07-11
3583,3765,Personal Loan,337880.54,6.14,Closed,2024-08-08
3584,5526,Education Loan,738560.66,10.92,Active,2023-03-04
3585,8881,Personal Loan,243398.37,11.45,Closed,2023-09-23
3586,8213,Home Loan,2636714.52,13.75,Closed,2022-09-26
3587,2947,Home Loan,2504561.99,13.27,Overdue,2024-12-14
3588,7172,Education Loan,729736.83,9.05,Closed,2023-03-22
3589,137,Home Loan,3642884.62,11.71,Closed,2025-10-03
3590,3882,Personal Loan,201377.34,9.52,Active,2025-11-16
3591,955,Home Loan,1469865.88,9.37,Active,2024-09-08
3592,1428,Auto Loan,575842.22,9.03,Overdue,2023-10-27
3593,202,Home Loan,1874356.61,10.09,Active,2022-11-20
3594,9383,Personal Loan,159936.69,13.17,Closed,2023-07-19
3595,1193,Auto Loan,995361.79,12.0,Active,2024-11-19
3596,7294,Home Loan,2305426.26,10.96,Overdue,2022-10-08
3597,8295,Home Loan,1813727.59,6.87,Active,2022-07-19
3598,9812,Home Loan,2510080.28,11.77,Active,2023-08-26
3599,3497,Education Loan,533208.48,12.23,Active,2023-12-11
3600,1006,Home Loan,3140231.3,11.78,Active,2025-07-05
3601,5281,Personal Loan,195358.25,11.32,Active,2023-06-21
3602,9386,Personal Loan,299296.65,15.05,Closed,2022-01-12
3603,2589,Home Loan,2589863.16,12.42,Closed,2022-06-06
3604,7544,Personal Loan,130829.69,11.41,Active,2025-06-22
3605,7412,Auto Loan,1105810.72,8.42,Active,2022-05-21
3606,3441,Personal Loan,317789.68,11.2,Overdue,2025-03-24
3607,5507,Education Loan,728003.54,12.08,Active,2023-11-15
3608,9717,Personal Loan,127342.41,12.11,Closed,2023-09-10
3609,6822,Education Loan,298543.48,12.85,Active,2022-01-16
3610,465,Education Loan,526938.92,9.74,Active,2025-05-26
3611,3109,Education Loan,763481.21,10.51,Closed,2023-04-25
3612,630,Auto Loan,757438.46,9.79,Active,2023-04-15
3613,8050,Education Loan,497266.15,13.23,Active,2023-05-26
3614,1202,Personal Loan,112986.51,9.45,Active,2024-02-26
3615,8348,Home Loan,1873621.23,9.28,Active,2025-05-04
3616,6945,Personal Loan,245831.65,12.88,Closed,2024-06-05
3617,6210,Personal Loan,375650.57,13.3,Active,2023-01-01
3618,8782,Home Loan,2783372.41,13.57,Active,2022-03-28
3619,9883,Education Loan,494776.88,11.77,Overdue,2023-04-14
3620,5893,Auto Loan,1172559.41,8.21,Active,2025-01-11
3621,6943,Education Loan,583887.78,6.0,Active,2025-06-23
3622,6751,Home Loan,4197712.16,7.59,Closed,2023-09-21
3623,6663,Personal Loan,209689.47,11.77,Overdue,2022-09-13
3624,1572,Auto Loan,597794.5,8.93,Closed,2024-04-01
3625,7046,Education Loan,478551.28,12.59,Overdue,2022-10-16
3626,7188,Personal Loan,206978.67,13.25,Closed,2023-04-03
3627,4767,Auto Loan,677798.93,12.0,Active,2025-03-07
3628,8436,Education Loan,153379.59,11.52,Active,2024-04-03
3629,1922,Education Loan,322202.45,11.07,Active,2025-03-22
3630,6693,Auto Loan,600050.53,9.75,Active,2023-11-06
3631,7150,Personal Loan,236431.52,11.32,Active,2023-12-28
3632,6229,Auto Loan,550917.88,10.36,Overdue,2022-12-04
3633,4733,Education Loan,283918.06,10.75,Closed,2022-07-11
3634,1235,Auto Loan,663940.3,11.35,Overdue,2023-11-21
3635,127,Home Loan,1264218.42,9.6,Active,2022-09-06
3636,4020,Home Loan,1717773.73,7.29,Active,2023-03-23
3637,9518,Auto Loan,775026.2,7.19,Active,2024-12-15
3638,33,Home Loan,4165050.54,11.78,Active,2023-04-08
3639,6660,Auto Loan,1135809.15,10.87,Overdue,2023-10-19
3640,5694,Home Loan,2315455.45,10.08,Active,2025-12-11
3641,1569,Education Loan,609514.82,10.44,Active,2023-01-03
3642,1871,Auto Loan,720237.36,9.59,Overdue,2025-03-12
3643,1210,Auto Loan,894617.82,11.01,Closed,2022-11-19
3644,1269,Education Loan,405214.47,14.14,Overdue,2023-03-18
3645,9344,Education Loan,868166.81,9.46,Active,2022-12-19
3646,6991,Auto Loan,943907.92,14.97,Closed,2024-11-13
3647,9128,Auto Loan,1016051.62,9.94,Closed,2023-11-05
3648,4173,Personal Loan,246214.72,9.16,Active,2022-01-10
3649,1426,Personal Loan,156279.98,9.74,Active,2022-12-04
3650,3131,Education Loan,545442.7,7.83,Closed,2025-07-13
3651,4632,Home Loan,3355286.84,10.26,Active,2022-02-06
3652,9332,Home Loan,2567366.07,8.22,Overdue,2025-09-10
3653,9529,Auto Loan,587685.13,11.75,Overdue,2022-04-17
3654,9403,Education Loan,569202.25,8.91,Active,2025-03-08
3655,4733,Education Loan,442004.56,10.68,Active,2022-05-10
3656,4829,Personal Loan,302273.97,11.98,Active,2025-09-22
3657,3646,Education Loan,387768.2,10.15,Active,2023-02-20
3658,407,Personal Loan,348879.17,11.87,Active,2023-03-13
3659,4306,Auto Loan,659941.98,11.17,Active,2024-11-12
3660,8282,Education Loan,456920.59,7.31,Active,2025-07-13
3661,3140,Auto Loan,800319.3,14.06,Overdue,2025-01-07
3662,8422,Education Loan,280009.45,8.11,Active,2022-03-01
3663,6233,Personal Loan,132863.07,11.91,Active,2025-09-28
3664,1228,Personal Loan,234664.05,16.69,Overdue,2022-07-28
3665,9180,Personal Loan,95082.34,11.41,Active,2023-04-02
3666,9184,Home Loan,900627.79,11.15,Closed,2023-08-11
3667,7600,Home Loan,1159567.88,8.47,Active,2025-03-21
3668,6460,Auto Loan,243122.29,13.34,Closed,2022-05-17
3669,2739,Personal Loan,137445.78,9.76,Overdue,2024-10-06
3670,1938,Auto Loan,784117.74,10.19,Active,2023-08-13
3671,1133,Auto Loan,660711.98,9.64,Overdue,2025-01-16
3672,7775,Education Loan,624265.72,12.31,Active,2024-03-11
3673,1054,Auto Loan,561698.81,6.0,Active,2025-02-02
3674,3158,Personal Loan,357328.55,8.68,Active,2025-07-16
3675,962,Home Loan,3174323.5,13.62,Active,2022-02-04
3676,5149,Auto Loan,345909.53,11.53,Active,2023-07-13
3677,8079,Home Loan,1862692.07,12.89,Overdue,2025-03-01
3678,1841,Education Loan,715268.05,11.67,Active,2024-02-04
3679,8634,Auto Loan,469685.96,16.68,Active,2025-08-30
3680,2337,Home Loan,3400287.54,6.73,Active,2022-01-12
3681,553,Personal Loan,356156.65,9.02,Active,2025-07-27
3682,7155,Education Loan,447213.04,12.58,Active,2022-05-06
3683,7405,Education Loan,564770.98,10.75,Active,2023-04-30
3684,44,Auto Loan,472615.1,8.29,Overdue,2025-03-26
3685,3964,Auto Loan,793991.42,10.32,Overdue,2022-03-08
3686,9091,Auto Loan,1256650.99,9.92,Active,2025-06-06
3687,5449,Personal Loan,323652.17,7.71,Overdue,2023-10-29
3688,2830,Home Loan,2720713.96,9.6,Active,2023-01-01
3689,9542,Education Loan,103079.66,8.85,Closed,2022-04-03
3690,280,Personal Loan,50000.0,12.47,Overdue,2022-05-30
3691,2659,Home Loan,2056282.83,10.53,Overdue,2022-05-28
3692,581,Personal Loan,261093.45,10.05,Active,2022-11-17
3693,9600,Education Loan,272537.45,9.95,Active,2022-06-12
3694,9563,Auto Loan,542646.76,12.74,Active,2023-03-29
3695,2132,Education Loan,515244.43,9.91,Closed,2025-06-11
3696,1646,Education Loan,379636.14,9.65,Active,2022-08-04
3697,9842,Auto Loan,791393.01,10.68,Active,2025-08-24
3698,3874,Auto Loan,526981.67,7.97,Overdue,2024-05-01
3699,1050,Education Loan,409865.73,10.21,Active,2025-02-23
3700,7941,Education Loan,459145.9,9.49,Active,2024-12-30
3701,1215,Home Loan,2824440.16,12.6,Closed,2024-05-08
3702,7426,Home Loan,2541554.92,15.11,Active,2024-11-12
3703,6323,Home Loan,2103674.73,16.41,Overdue,2022-11-21
3704,1432,Personal Loan,237157.98,12.63,Active,2022-10-15
3705,151,Personal Loan,478038.36,10.06,Active,2022-01-20
3706,8295,Auto Loan,808371.83,11.22,Active,2025-08-03
3707,214,Home Loan,2143610.04,11.41,Active,2022-06-02
3708,2086,Education Loan,559874.29,14.73,Overdue,2025-07-13
3709,4994,Personal Loan,435523.19,13.21,Active,2022-01-26
3710,3833,Personal Loan,289392.54,11.01,Active,2024-01-20
3711,8417,Personal Loan,227839.79,9.99,Active,2024-07-05
3712,5964,Home Loan,1890163.7,8.01,Overdue,2025-04-19
3713,7563,Auto Loan,938269.86,9.78,Overdue,2022-03-18
3714,6280,Auto Loan,778582.21,8.95,Active,2023-05-03
3715,3068,Home Loan,4251970.26,14.39,Overdue,2025-05-13
3716,5883,Home Loan,2500495.15,9.88,Active,2022-07-01
3717,4524,Personal Loan,329205.92,13.19,Active,2025-03-28
3718,4618,Home Loan,3464303.16,8.34,Closed,2023-03-09
3719,8368,Education Loan,526498.8,12.67,Closed,2024-12-17
3720,5322,Home Loan,2080636.94,15.43,Active,2025-07-15
3721,1522,Education Loan,491447.44,8.7,Closed,2022-11-15
3722,640,Home Loan,2533054.17,9.93,Active,2022-08-01
3723,5331,Auto Loan,50000.0,10.64,Overdue,2025-03-26
3724,8448,Auto Loan,317506.09,11.22,Active,2024-06-02
3725,4352,Education Loan,458651.5,11.02,Overdue,2025-01-10
3726,13,Education Loan,565760.83,10.53,Overdue,2025-12-29
3727,5405,Home Loan,3066323.49,9.76,Active,2024-01-30
3728,3542,Auto Loan,321275.41,11.77,Active,2023-10-08
3729,1251,Auto Loan,340287.53,7.09,Active,2022-09-13
3730,9914,Auto Loan,489638.2,11.01,Closed,2025-07-11
3731,9394,Education Loan,531245.13,7.92,Active,2022-08-05
3732,221,Home Loan,2050959.0,9.78,Closed,2024-11-02
3733,8895,Auto Loan,888830.19,14.19,Closed,2024-07-31
3734,1737,Auto Loan,623897.04,7.02,Overdue,2022-05-15
3735,4105,Home Loan,2415042.53,9.52,Closed,2022-10-26
3736,3355,Education Loan,748154.15,9.07,Active,2025-08-14
3737,4958,Auto Loan,911427.16,8.69,Closed,2024-07-13
3738,2189,Auto Loan,836296.83,10.61,Active,2023-07-01
3739,1275,Auto Loan,582220.87,10.23,Overdue,2022-09-26
3740,3755,Personal Loan,196561.94,8.57,Overdue,2024-05-11
3741,8718,Home Loan,2692458.23,13.97,Closed,2023-10-24
3742,5737,Home Loan,2349278.32,11.04,Closed,2024-07-02
3743,4966,Home Loan,4560683.9,8.64,Overdue,2022-07-08
3744,4415,Auto Loan,1005269.21,10.62,Active,2022-10-24
3745,5830,Auto Loan,457426.37,8.33,Active,2022-07-08
3746,5431,Personal Loan,188156.26,12.6,Closed,2023-06-03
3747,2136,Personal Loan,283511.58,12.37,Active,2024-08-01
3748,5886,Home Loan,2178061.66,14.54,Active,2025-01-23
3749,256,Personal Loan,251857.19,11.77,Active,2023-04-04
3750,3101,Auto Loan,634655.15,7.88,Active,2022-03-24
3751,39,Education Loan,555586.57,11.1,Overdue,2022-02-13
3752,5198,Home Loan,2915772.17,12.91,Active,2025-01-07
3753,6686,Home Loan,3969772.56,10.18,Overdue,2023-01-05
3754,1678,Personal Loan,261298.34,11.46,Overdue,2023-02-21
3755,9491,Personal Loan,248652.5,10.56,Active,2022-01-04
3756,8923,Personal Loan,280915.72,11.14,Active,2024-12-09
3757,2856,Auto Loan,448878.28,8.85,Closed,2023-09-11
3758,6863,Home Loan,1636818.07,6.71,Active,2025-01-04
3759,8211,Auto Loan,502388.11,12.02,Overdue,2024-07-10
3760,6201,Education Loan,616871.89,9.5,Active,2022-08-21
3761,6746,Personal Loan,149842.48,10.94,Closed,2022-01-20
3762,6620,Auto Loan,1020487.28,9.4,Active,2024-10-08
3763,4092,Auto Loan,948567.91,11.79,Active,2025-10-14
3764,7787,Personal Loan,157639.27,11.09,Active,2025-10-31
3765,1272,Education Loan,293254.44,12.77,Active,2022-04-04
3766,1255,Home Loan,1613423.21,9.69,Active,2025-04-25
3767,2637,Personal Loan,133722.59,9.18,Overdue,2025-01-29
3768,9939,Auto Loan,315319.78,8.47,Active,2025-05-07
3769,1780,Home Loan,1973709.67,11.41,Active,2025-04-02
3770,5397,Personal Loan,391137.1,12.83,Active,2023-11-30
3771,588,Personal Loan,216891.94,6.0,Active,2024-03-17
3772,1274,Home Loan,2368365.42,10.63,Active,2022-05-18
3773,8913,Education Loan,783097.53,9.65,Active,2023-04-03
3774,4777,Auto Loan,1069654.32,10.85,Overdue,2022-03-23
3775,1100,Home Loan,3977342.34,7.58,Active,2022-02-23
3776,9222,Personal Loan,84427.83,8.81,Active,2023-07-28
3777,3383,Auto Loan,994088.77,10.41,Active,2024-04-23
3778,1722,Personal Loan,214751.81,10.02,Overdue,2024-04-11
3779,5928,Education Loan,671171.13,12.25,Active,2025-12-22
3780,1427,Education Loan,596951.71,9.16,Overdue,2023-10-16
3781,5868,Home Loan,3275083.37,10.87,Active,2022-08-08
3782,8085,Auto Loan,1096868.76,6.76,Active,2022-10-10
3783,5037,Education Loan,251737.5,11.48,Closed,2023-02-15
3784,6886,Home Loan,1779017.71,11.0,Closed,2023-08-31
3785,1407,Personal Loan,244972.06,11.28,Active,2025-08-29
3786,8560,Education Loan,207828.49,12.02,Overdue,2025-12-22
3787,6186,Auto Loan,652438.01,10.52,Closed,2022-06-02
3788,3225,Home Loan,2548154.76,10.53,Active,2023-09-15
3789,466,Education Loan,742669.2,9.12,Active,2022-09-27
3790,6083,Home Loan,2117312.65,10.39,Active,2023-03-31
3791,3712,Education Loan,461375.59,9.13,Active,2023-10-23
3792,2097,Home Loan,2830394.8,11.03,Closed,2022-01-05
3793,914,Education Loan,567276.31,8.89,Closed,2025-07-20
3794,7753,Personal Loan,302857.81,12.98,Overdue,2024-12-17
3795,8839,Home Loan,2986659.2,7.95,Active,2024-01-26
3796,72,Auto Loan,693317.87,12.02,Active,2023-11-20
3797,274,Education Loan,220516.89,8.81,Active,2025-01-15
3798,5137,Home Loan,1519431.97,13.45,Active,2024-12-25
3799,1662,Personal Loan,320924.92,9.15,Active,2022-08-25
3800,7664,Home Loan,1510832.47,11.79,Active,2024-09-13
3801,4479,Education Loan,570317.06,11.97,Active,2024-10-11
3802,6201,Home Loan,1820439.72,10.0,Active,2025-04-13
3803,4749,Education Loan,669682.03,12.07,Active,2022-03-11
3804,2334,Personal Loan,285964.27,10.91,Active,2022-08-08
3805,4014,Personal Loan,479314.87,9.03,Active,2022-02-13
3806,7670,Personal Loan,347850.94,12.01,Closed,2023-03-30
3807,6252,Home Loan,2937605.07,13.23,Overdue,2023-04-15
3808,6634,Home Loan,1787277.29,7.97,Active,2023-01-01
3809,6027,Personal Loan,296373.16,11.28,Closed,2025-03-25
3810,4907,Auto Loan,642673.46,6.53,Active,2024-04-28
3811,3420,Personal Loan,171146.76,8.58,Closed,2022-07-22
3812,6804,Education Loan,595371.25,10.35,Closed,2022-06-08
3813,8520,Auto Loan,613536.96,7.35,Active,2023-04-10
3814,6131,Auto Loan,336733.39,11.34,Active,2023-05-15
3815,9998,Home Loan,2199908.94,14.18,Active,2025-07-01
3816,1636,Personal Loan,283843.36,10.7,Active,2022-09-15
3817,1711,Home Loan,1642235.49,10.38,Closed,2024-06-14
3818,4703,Education Loan,466747.33,10.84,Overdue,2022-03-13
3819,2534,Education Loan,604496.95,10.76,Overdue,2024-11-07
3820,7140,Personal Loan,50000.0,6.71,Overdue,2024-03-26
3821,4094,Home Loan,2437829.37,11.12,Active,2023-02-24
3822,5957,Home Loan,1989996.81,11.04,Active,2025-02-02
3823,4436,Auto Loan,635478.68,8.38,Overdue,2025-11-17
3824,8695,Auto Loan,642416.81,13.07,Active,2022-06-03
3825,9716,Auto Loan,609811.52,6.93,Active,2022-02-13
3826,6747,Auto Loan,1049468.24,16.34,Active,2022-11-11
3827,5202,Education Loan,547182.07,9.54,Active,2023-05-31
3828,4590,Education Loan,326514.42,12.69,Overdue,2025-06-14
3829,4305,Home Loan,3809261.44,11.72,Active,2025-10-12
3830,973,Personal Loan,277237.19,9.22,Active,2023-12-16
3831,9827,Education Loan,282529.65,13.63,Overdue,2025-03-12
3832,7041,Auto Loan,790743.71,8.9,Overdue,2023-12-25
3833,5322,Auto Loan,720163.36,12.61,Active,2025-02-11
3834,1435,Auto Loan,1022272.68,9.11,Active,2024-11-21
3835,1566,Home Loan,3940026.65,12.65,Active,2022-05-24
3836,7116,Home Loan,4539768.65,8.37,Active,2024-01-05
3837,4485,Education Loan,628284.53,12.4,Overdue,2022-07-31
3838,474,Personal Loan,316929.99,9.46,Closed,2025-12-06
3839,2999,Auto Loan,663831.7,10.35,Active,2025-06-30
3840,7441,Auto Loan,552675.61,12.37,Active,2023-01-28
3841,4301,Education Loan,364264.73,8.41,Closed,2023-05-14
3842,6520,Personal Loan,271066.55,6.0,Closed,2023-10-04
3843,9298,Education Loan,508412.38,9.7,Closed,2025-11-21
3844,9192,Education Loan,670366.76,11.22,Closed,2022-12-03
3845,9040,Auto Loan,623264.35,9.47,Overdue,2024-02-20
3846,4407,Education Loan,446471.09,13.62,Closed,2024-01-03
3847,9440,Personal Loan,315324.51,11.18,Overdue,2025-06-10
3848,7955,Home Loan,4264374.55,10.22,Overdue,2022-04-21
3849,5948,Home Loan,810148.03,6.41,Overdue,2024-08-13
3850,7415,Personal Loan,235482.43,9.53,Overdue,2025-11-20
3851,1025,Personal Loan,199414.32,8.05,Active,2023-01-29
3852,9177,Education Loan,515371.48,10.66,Active,2025-11-01
3853,2959,Home Loan,3388733.88,10.88,Active,2025-03-29
3854,3938,Education Loan,664709.74,12.73,Closed,2023-06-18
3855,3342,Education Loan,466950.56,11.88,Active,2022-04-17
3856,229,Home Loan,3078771.28,14.53,Overdue,2025-01-02
3857,2026,Auto Loan,755489.94,11.54,Active,2025-04-16
3858,8451,Home Loan,2109060.46,12.25,Active,2022-07-24
3859,3419,Personal Loan,114857.29,13.98,Overdue,2023-05-16
3860,2949,Personal Loan,283206.72,10.1,Closed,2025-04-28
3861,5158,Home Loan,3984941.92,12.4,Closed,2023-08-11
3862,3065,Home Loan,2474467.75,10.09,Active,2025-12-25
3863,2749,Auto Loan,440562.02,6.97,Active,2024-03-07
3864,8619,Education Loan,287011.39,13.91,Overdue,2022-02-26
3865,3477,Auto Loan,286490.42,10.21,Overdue,2025-08-04
3866,3832,Personal Loan,191298.66,7.01,Closed,2024-05-29
3867,7881,Education Loan,435169.86,10.96,Overdue,2025-07-03
3868,5406,Home Loan,1647647.77,9.47,Active,2024-12-08
3869,5463,Auto Loan,364711.18,12.6,Active,2024-09-03
3870,2871,Home Loan,1164397.79,12.04,Active,2022-06-18
3871,7985,Education Loan,541710.63,7.14,Active,2023-04-16
3872,4310,Home Loan,2627989.99,11.36,Active,2023-12-20
3873,1089,Personal Loan,141405.58,8.57,Closed,2025-05-04
3874,8163,Home Loan,2349210.13,12.62,Active,2023-01-05
3875,9059,Auto Loan,569404.5,10.4,Active,2022-11-06
3876,448,Auto Loan,902079.62,7.47,Active,2023-06-26
3877,2637,Personal Loan,94865.87,7.44,Active,2024-02-11
3878,5499,Home Loan,2989719.69,10.36,Closed,2022-07-03
3879,988,Home Loan,1429329.43,10.96,Closed,2023-07-19
3880,2631,Auto Loan,846553.34,13.51,Active,2022-12-29
3881,3309,Home Loan,1504114.55,9.84,Active,2023-11-16
3882,7218,Auto Loan,667814.47,10.89,Active,2024-07-05
3883,6200,Home Loan,3356069.76,7.49,Overdue,2025-04-09
3884,4721,Personal Loan,185230.78,11.19,Active,2024-03-06
3885,9698,Auto Loan,557632.02,9.53,Active,2025-07-11
3886,3694,Personal Loan,187798.12,11.64,Overdue,2024-10-17
3887,7735,Personal Loan,121083.01,10.18,Active,2024-01-27
3888,8619,Auto Loan,525694.89,7.83,Closed,2024-10-25
3889,8819,Personal Loan,191359.51,10.97,Active,2023-03-05
3890,7953,Auto Loan,747587.72,13.46,Active,2025-01-11
3891,6366,Education Loan,325501.93,6.4,Overdue,2022-03-26
3892,5280,Personal Loan,309950.46,10.45,Active,2023-06-08
3893,6898,Auto Loan,903772.65,7.16,Active,2023-07-27
3894,4182,Home Loan,2187577.32,9.27,Active,2024-04-16
3895,4516,Home Loan,2710833.27,13.52,Active,2022-12-20
3896,7176,Personal Loan,406397.72,8.7,Active,2022-03-29
3897,2128,Education Loan,485577.96,9.68,Active,2024-10-08
3898,8896,Auto Loan,924543.58,10.93,Closed,2024-12-08
3899,9235,Home Loan,3042086.56,10.13,Overdue,2025-07-23
3900,9746,Personal Loan,221492.3,7.79,Active,2024-03-13
3901,5237,Personal Loan,415757.07,8.03,Closed,2024-10-13
3902,5788,Auto Loan,483202.45,11.18,Closed,2024-01-01
3903,6416,Personal Loan,256758.6,8.64,Active,2025-10-18
3904,4529,Home Loan,2627718.14,10.12,Closed,2024-02-01
3905,1058,Personal Loan,212422.24,8.07,Active,2024-04-02
3906,1007,Auto Loan,462943.08,12.24,Overdue,2024-07-21
3907,6800,Home Loan,2220581.15,8.95,Closed,2024-03-06
3908,45,Home Loan,3369075.69,10.15,Overdue,2024-02-02
3909,2252,Personal Loan,139928.08,10.32,Active,2024-11-04
3910,7684,Personal Loan,331075.58,13.21,Active,2022-05-13
3911,1894,Auto Loan,1249072.48,12.32,Closed,2023-10-30
3912,6188,Personal Loan,87081.91,9.75,Closed,2025-12-22
3913,6759,Auto Loan,922693.01,11.18,Active,2023-06-06
3914,6632,Home Loan,2196635.43,11.62,Active,2024-08-29
3915,6118,Home Loan,3129571.97,10.65,Active,2025-12-12
3916,3107,Personal Loan,465512.18,13.02,Active,2023-08-14
3917,3758,Personal Loan,326337.4,11.99,Closed,2022-05-08
3918,4950,Auto Loan,1026695.87,9.57,Active,2024-06-21
3919,7704,Auto Loan,737315.6,9.95,Active,2023-12-16
3920,5643,Auto Loan,574928.21,11.32,Overdue,2025-05-15
3921,4551,Personal Loan,260521.97,10.03,Active,2023-07-24
3922,4260,Auto Loan,646838.37,11.9,Overdue,2022-01-09
3923,3533,Home Loan,4023036.54,8.26,Closed,2024-01-29
3924,9562,Auto Loan,124343.21,7.53,Active,2022-09-05
3925,4579,Auto Loan,401823.99,8.99,Closed,2025-04-18
3926,1671,Personal Loan,436197.21,8.75,Active,2022-11-07
3927,8799,Personal Loan,395193.21,12.32,Active,2023-06-29
3928,5625,Home Loan,3165031.41,6.0,Active,2025-05-04
3929,6618,Education Loan,523103.72,13.7,Closed,2023-10-28
3930,4818,Home Loan,2232625.01,12.61,Closed,2024-09-03
3931,2660,Auto Loan,605507.77,11.97,Active,2023-12-13
3932,2026,Home Loan,2367041.02,12.43,Overdue,2025-02-11
3933,2230,Personal Loan,231444.03,11.53,Overdue,2024-06-25
3934,8738,Home Loan,2410311.43,14.41,Active,2025-03-19
3935,6257,Home Loan,2123146.53,13.16,Closed,2024-09-15
3936,8859,Home Loan,2373505.7,12.32,Overdue,2022-06-16
3937,6084,Auto Loan,1109909.88,13.27,Active,2025-06-01
3938,7875,Education Loan,905762.11,12.59,Active,2023-03-23
3939,6438,Auto Loan,526101.05,13.54,Closed,2025-01-22
3940,1162,Education Loan,332727.58,12.51,Active,2022-11-25
3941,4103,Home Loan,2636298.48,12.96,Active,2025-06-13
3942,7214,Home Loan,2681258.32,12.54,Overdue,2023-03-26
3943,1877,Home Loan,3142101.29,10.78,Active,2022-04-28
3944,554,Home Loan,1452010.31,12.25,Closed,2023-08-27
3945,34,Auto Loan,850159.54,10.93,Overdue,2023-04-02
3946,2015,Auto Loan,401049.73,11.54,Closed,2024-04-22
3947,455,Education Loan,844679.95,12.02,Active,2025-07-02
3948,304,Education Loan,856377.66,13.78,Active,2023-05-27
3949,3509,Home Loan,2215345.6,11.5,Closed,2025-08-02
3950,6209,Auto Loan,862557.11,10.21,Active,2025-12-04
3951,6054,Auto Loan,822392.13,11.02,Active,2025-12-25
3952,5858,Education Loan,465385.45,11.2,Active,2022-07-22
3953,7966,Home Loan,696115.02,11.9,Active,2025-06-23
3954,8666,Auto Loan,766971.01,7.52,Active,2022-06-20
3955,9800,Education Loan,285208.05,11.03,Active,2024-02-27
3956,4265,Auto Loan,295659.7,9.96,Overdue,2024-03-22
3957,8986,Home Loan,2545315.9,12.63,Overdue,2022-10-17
3958,5941,Education Loan,292251.92,7.47,Active,2022-04-19
3959,6342,Personal Loan,273545.38,12.81,Closed,2023-05-15
3960,1079,Auto Loan,663398.5,10.28,Active,2022-09-29
3961,5155,Home Loan,1696068.46,10.78,Active,2025-08-09
3962,206,Auto Loan,724836.45,9.01,Active,2023-04-01
3963,6397,Personal Loan,176497.82,10.27,Overdue,2022-09-12
3964,8521,Auto Loan,850226.85,13.62,Active,2022-03-31
3965,2082,Personal Loan,133210.95,10.55,Active,2023-08-19
3966,6899,Home Loan,1948503.0,11.3,Closed,2022-08-08
3967,4502,Auto Loan,168903.52,9.47,Active,2022-03-30
3968,3916,Auto Loan,635606.72,8.87,Active,2023-08-13
3969,8859,Auto Loan,168854.18,7.55,Active,2022-05-08
3970,502,Education Loan,390682.34,14.35,Closed,2024-04-06
3971,9362,Home Loan,2014550.1,12.41,Closed,2023-03-27
3972,2224,Auto Loan,943196.12,10.34,Closed,2022-02-16
3973,2063,Education Loan,552856.53,7.86,Active,2025-12-23
3974,2823,Education Loan,407506.57,10.72,Closed,2023-11-20
3975,9543,Auto Loan,741964.07,8.72,Active,2023-02-06
3976,9403,Personal Loan,379020.76,9.99,Active,2023-12-22
3977,1913,Home Loan,1860331.8,11.85,Closed,2023-06-17
3978,721,Auto Loan,830910.02,9.52,Closed,2022-06-30
3979,7784,Education Loan,571478.18,9.13,Active,2025-03-06
3980,7812,Education Loan,377336.15,10.26,Overdue,2024-10-14
3981,3304,Home Loan,4251521.77,13.02,Active,2025-01-02
3982,4498,Home Loan,1486201.56,9.14,Closed,2025-03-21
3983,7944,Auto Loan,557276.01,10.62,Overdue,2022-04-22
3984,7624,Auto Loan,436685.5,10.76,Active,2024-03-08
3985,1082,Personal Loan,229748.75,14.1,Active,2025-06-30
3986,7997,Auto Loan,529193.12,8.75,Active,2024-10-23
3987,6757,Auto Loan,667145.74,11.63,Active,2024-07-27
3988,1381,Education Loan,607527.3,12.64,Active,2024-01-01
3989,756,Home Loan,5070326.09,14.13,Overdue,2023-09-21
3990,3705,Education Loan,434098.23,9.56,Active,2022-09-15
3991,6661,Auto Loan,456514.79,9.17,Active,2022-05-10
3992,4420,Personal Loan,525324.94,8.46,Active,2023-11-18
3993,8317,Personal Loan,299372.34,11.65,Active,2024-05-25
3994,8297,Education Loan,685209.95,7.98,Active,2023-12-08
3995,56,Education Loan,592057.34,12.98,Active,2024-01-06
3996,6458,Education Loan,428810.44,8.51,Active,2023-07-07
3997,4957,Auto Loan,699221.28,10.81,Active,2025-08-02
3998,1196,Education Loan,217789.47,12.79,Active,2025-01-02
3999,3014,Education Loan,607105.6,11.25,Overdue,2022-07-14
4000,7628,Education Loan,854071.94,7.03,Overdue,2023-12-11
4001,6956,Personal Loan,219293.55,9.52,Active,2025-10-21
4002,682,Education Loan,614677.84,8.69,Active,2023-11-05
4003,3628,Home Loan,2896733.65,7.65,Active,2023-10-02
4004,7144,Home Loan,1526622.14,11.98,Active,2023-12-27
4005,6997,Personal Loan,216919.0,9.54,Active,2022-12-20
4006,8682,Home Loan,1264082.26,8.24,Overdue,2024-02-28
4007,6585,Personal Loan,161576.89,11.9,Overdue,2024-08-04
4008,1246,Home Loan,1047650.25,8.43,Active,2025-11-11
4009,9182,Education Loan,526799.99,8.65,Active,2022-08-17
4010,5936,Education Loan,183500.64,9.21,Closed,2025-04-21
4011,742,Personal Loan,280106.28,13.43,Active,2024-08-09
4012,4797,Auto Loan,1091676.38,8.66,Active,2024-03-13
4013,2484,Home Loan,2594011.67,10.25,Overdue,2022-04-04
4014,6240,Personal Loan,345800.09,9.3,Overdue,2023-05-09
4015,1660,Education Loan,571932.05,12.89,Active,2023-08-12
4016,5828,Education Loan,716753.83,9.06,Active,2025-11-12
4017,5529,Education Loan,471981.77,9.7,Active,2024-07-30
4018,1293,Auto Loan,906096.16,12.94,Overdue,2025-10-24
4019,7275,Education Loan,75841.77,10.17,Closed,2022-02-23
4020,2227,Personal Loan,147688.83,10.81,Active,2025-04-17
4021,2441,Home Loan,2177351.56,10.43,Active,2022-10-15
4022,6975,Education Loan,227026.24,10.45,Active,2022-05-07
4023,9989,Education Loan,439314.71,8.79,Active,2025-04-22
4024,2488,Auto Loan,987054.35,9.27,Closed,2025-11-18
4025,5567,Personal Loan,205615.4,12.01,Overdue,2025-04-21
4026,8341,Education Loan,376316.41,8.84,Overdue,2024-04-15
4027,8627,Auto Loan,784457.65,10.72,Closed,2025-06-14
4028,9087,Home Loan,2069998.13,9.13,Overdue,2023-07-19
4029,1379,Auto Loan,978395.86,9.82,Closed,2024-01-10
4030,2412,Education Loan,582784.86,10.31,Active,2024-04-08
4031,9880,Personal Loan,258396.36,11.87,Closed,2025-09-14
4032,4392,Auto Loan,452953.93,10.76,Overdue,2025-04-28
4033,7648,Home Loan,3342272.23,11.38,Active,2025-11-06
4034,5376,Auto Loan,706732.24,8.15,Closed,2022-05-06
4035,4223,Auto Loan,669739.89,7.52,Active,2025-08-09
4036,4678,Education Loan,699016.31,9.0,Closed,2023-12-29
4037,1574,Home Loan,2152092.61,6.46,Overdue,2023-01-06
4038,1740,Home Loan,1315338.88,11.1,Overdue,2025-12-03
4039,3924,Auto Loan,624611.89,10.01,Active,2023-07-06
4040,9621,Auto Loan,733268.12,8.08,Active,2025-07-10
4041,5827,Personal Loan,168380.61,13.94,Active,2025-11-06
4042,1562,Auto Loan,758465.34,7.39,Active,2025-11-11
4043,3530,Auto Loan,508080.36,9.98,Overdue,2025-06-16
4044,5708,Education Loan,709794.66,9.96,Closed,2024-11-29
4045,7678,Home Loan,4240277.82,10.04,Active,2024-08-02
4046,8905,Education Loan,650502.3,9.18,Closed,2025-09-08
4047,2047,Home Loan,2926923.92,11.31,Overdue,2023-02-05
4048,4305,Home Loan,3323730.07,15.84,Closed,2024-05-04
4049,101,Home Loan,2931651.33,8.78,Active,2023-03-17
4050,6915,Personal Loan,308595.37,10.8,Active,2023-02-15
4051,1795,Education Loan,436175.87,10.62,Active,2024-02-03
4052,9614,Education Loan,636273.12,13.01,Active,2025-01-27
4053,5175,Personal Loan,362421.88,11.72,Closed,2022-05-07
4054,2942,Education Loan,490244.08,13.29,Closed,2022-02-03
4055,7420,Auto Loan,948316.48,11.0,Closed,2023-02-25
4056,887,Education Loan,599003.76,12.03,Overdue,2023-02-04
4057,8332,Auto Loan,429038.09,11.7,Active,2024-09-19
4058,7664,Home Loan,2177719.14,11.93,Closed,2024-01-19
4059,9041,Education Loan,296103.21,6.23,Overdue,2023-11-12
4060,6891,Home Loan,3829561.85,11.16,Active,2022-01-01
4061,5523,Auto Loan,622373.64,11.03,Overdue,2024-01-24
4062,5602,Education Loan,412974.57,8.78,Active,2024-03-19
4063,6766,Auto Loan,298989.24,9.99,Active,2024-03-31
4064,1720,Personal Loan,288142.85,10.56,Closed,2022-12-12
4065,883,Auto Loan,708181.69,8.23,Overdue,2023-09-04
4066,6598,Home Loan,2024723.25,13.49,Overdue,2023-04-26
4067,2919,Home Loan,3858785.88,12.19,Active,2023-12-15
4068,6256,Auto Loan,579799.49,12.22,Active,2022-05-31
4069,6926,Home Loan,2102756.1,13.13,Active,2024-05-15
4070,6230,Education Loan,596877.7,11.51,Overdue,2022-04-25
4071,7193,Education Loan,710884.05,7.65,Closed,2023-03-06
4072,6300,Auto Loan,559884.72,11.46,Active,2022-06-29
4073,2626,Education Loan,644317.57,9.86,Active,2025-05-14
4074,7253,Education Loan,464928.82,10.74,Overdue,2023-11-14
4075,2426,Auto Loan,226889.01,13.75,Active,2024-04-21
4076,4069,Home Loan,1685723.57,8.95,Active,2022-08-13
4077,3026,Auto Loan,616102.81,9.75,Overdue,2023-02-25
4078,7669,Personal Loan,304648.44,10.34,Active,2023-05-03
4079,4125,Home Loan,3054955.59,9.46,Overdue,2022-10-13
4080,2851,Education Loan,359999.49,6.0,Closed,2025-07-17
4081,8052,Education Loan,291713.68,12.41,Active,2024-04-23
4082,5178,Home Loan,3818677.75,10.84,Closed,2025-02-06
4083,1145,Home Loan,3083643.42,8.55,Active,2025-02-28
4084,477,Auto Loan,326578.93,10.24,Overdue,2022-10-26
4085,6532,Personal Loan,157735.44,10.48,Active,2022-06-15
4086,8484,Education Loan,605795.28,12.28,Active,2024-04-09
4087,5292,Auto Loan,516583.63,11.58,Active,2024-08-27
4088,1549,Home Loan,2077631.51,8.87,Overdue,2025-06-23
4089,7669,Personal Loan,221402.48,11.77,Closed,2024-10-07
4090,2516,Home Loan,1861090.54,9.96,Active,2024-09-23
4091,9179,Home Loan,3634764.1,10.0,Active,2025-02-06
4092,9351,Home Loan,3291918.86,9.88,Active,2022-04-05
4093,8158,Personal Loan,145797.28,12.42,Active,2025-07-31
4094,2596,Auto Loan,982877.49,12.05,Active,2025-12-06
4095,7078,Personal Loan,176767.8,7.33,Overdue,2022-07-28
4096,7747,Auto Loan,870404.81,8.93,Active,2022-05-21
4097,4701,Auto Loan,845084.6,9.97,Active,2023-11-22
4098,139,Auto Loan,462962.27,9.94,Overdue,2024-10-06
4099,5469,Education Loan,363988.99,13.83,Overdue,2025-05-30
4100,81,Education Loan,671408.15,8.28,Active,2022-02-24
4101,5223,Auto Loan,554901.88,8.17,Active,2022-08-16
4102,6662,Personal Loan,380248.81,11.85,Closed,2022-07-26
4103,8930,Education Loan,477337.94,12.61,Active,2025-06-16
4104,653,Home Loan,2315887.37,10.73,Active,2023-10-26
4105,6615,Education Loan,127891.03,10.36,Active,2024-10-23
4106,8702,Education Loan,482354.4,9.9,Closed,2023-05-04
4107,7096,Education Loan,623460.07,8.36,Closed,2025-02-18
4108,6446,Personal Loan,327788.19,9.71,Active,2024-06-24
4109,9040,Auto Loan,562459.34,10.32,Active,2025-05-01
4110,741,Auto Loan,285076.25,11.32,Active,2023-08-12
4111,6817,Home Loan,4127913.72,8.76,Closed,2023-11-08
4112,7690,Home Loan,2890245.44,12.45,Active,2022-02-14
4113,2773,Home Loan,2677773.56,12.04,Active,2022-05-27
4114,3840,Personal Loan,390054.36,9.15,Active,2025-04-28
4115,2540,Auto Loan,849308.62,10.84,Overdue,2024-11-15
4116,1815,Home Loan,2720915.38,12.19,Overdue,2024-04-22
4117,4140,Auto Loan,820159.27,7.98,Closed,2024-03-31
4118,4477,Education Loan,376651.47,8.98,Closed,2023-08-26
4119,7027,Auto Loan,726076.7,6.0,Active,2025-07-08
4120,4729,Personal Loan,419548.93,9.99,Overdue,2024-08-26
4121,8749,Home Loan,3146349.23,14.29,Active,2022-04-26
4122,3293,Education Loan,526752.58,12.14,Closed,2024-01-12
4123,9948,Education Loan,593335.27,14.01,Active,2023-07-13
4124,7538,Education Loan,236367.87,7.27,Active,2023-11-01
4125,5864,Education Loan,573215.95,11.41,Closed,2023-10-06
4126,318,Personal Loan,119037.43,13.02,Closed,2024-06-19
4127,5367,Personal Loan,337440.55,11.3,Closed,2024-04-14
4128,6947,Education Loan,290228.33,9.85,Overdue,2025-08-06
4129,3202,Home Loan,3512362.87,8.1,Active,2022-03-09
4130,3497,Auto Loan,649509.74,8.88,Active,2024-03-31
4131,6222,Education Loan,502265.85,12.04,Active,2022-04-09
4132,6082,Personal Loan,342029.61,8.12,Active,2025-12-16
4133,217,Education Loan,647469.98,9.24,Active,2025-10-23
4134,933,Education Loan,753492.8,13.93,Active,2024-01-06
4135,4488,Personal Loan,378871.82,14.29,Active,2022-08-27
4136,9195,Home Loan,2123791.95,12.0,Active,2023-04-22
4137,2248,Personal Loan,160171.43,10.57,Active,2022-07-27
4138,8793,Education Loan,861651.83,9.8,Active,2023-07-16
4139,3591,Personal Loan,177557.94,12.47,Closed,2023-07-12
4140,4286,Auto Loan,553008.16,8.49,Active,2024-03-06
4141,5435,Home Loan,3947339.24,6.26,Active,2024-01-02
4142,4465,Auto Loan,480664.59,9.86,Active,2023-06-02
4143,1938,Personal Loan,198074.31,12.39,Overdue,2024-05-21
4144,3628,Personal Loan,114917.58,10.11,Active,2025-11-28
4145,5988,Home Loan,3247401.37,9.82,Overdue,2022-10-19
4146,9182,Home Loan,3528396.95,12.02,Active,2023-11-20
4147,2207,Auto Loan,764097.23,14.08,Overdue,2022-10-20
4148,5020,Home Loan,2806214.43,13.05,Overdue,2022-02-15
4149,5890,Auto Loan,1023930.77,8.5,Active,2022-10-29
4150,5959,Auto Loan,709517.87,9.43,Overdue,2023-05-30
4151,1351,Personal Loan,249069.01,12.26,Overdue,2023-03-31
4152,812,Auto Loan,268143.85,9.79,Active,2025-06-19
4153,1582,Personal Loan,202076.28,9.71,Overdue,2022-11-18
4154,7712,Home Loan,2436438.03,12.15,Active,2024-11-10
4155,1880,Home Loan,2005136.88,9.68,Overdue,2024-04-30
4156,1377,Home Loan,2827569.32,9.86,Active,2024-08-07
4157,5706,Personal Loan,380064.46,12.72,Active,2022-01-18
4158,5802,Education Loan,274559.43,6.0,Active,2022-05-18
4159,837,Home Loan,2266695.24,9.43,Active,2022-11-13
4160,7876,Personal Loan,148490.22,9.04,Active,2024-06-08
4161,4251,Personal Loan,219077.2,9.03,Closed,2022-01-28
4162,3733,Personal Loan,313151.21,8.17,Active,2022-06-06
4163,832,Personal Loan,394654.68,11.87,Active,2022-05-03
4164,2512,Education Loan,554564.77,9.27,Overdue,2025-06-07
4165,8479,Personal Loan,387429.82,10.14,Active,2023-08-06
4166,9387,Personal Loan,177316.88,12.93,Active,2025-09-18
4167,8708,Education Loan,512880.2,10.4,Active,2022-10-21
4168,8792,Personal Loan,214285.5,10.07,Overdue,2025-08-17
4169,1195,Education Loan,798272.96,8.35,Active,2023-09-22
4170,6334,Personal Loan,212935.76,11.6,Active,2024-07-18
4171,6325,Auto Loan,433640.76,7.92,Active,2022-06-15
4172,7517,Personal Loan,371665.24,8.89,Overdue,2023-01-30
4173,6275,Home Loan,1387008.42,13.24,Active,2023-11-29
4174,3076,Personal Loan,149544.15,9.77,Active,2022-10-15
4175,6412,Auto Loan,438794.54,11.01,Closed,2022-10-10
4176,6457,Personal Loan,347915.92,13.27,Overdue,2025-09-11
4177,2916,Personal Loan,159131.99,13.26,Active,2022-06-24
4178,3220,Home Loan,1631302.59,11.74,Active,2025-01-19
4179,4072,Education Loan,812645.52,12.73,Active,2024-11-14
4180,1684,Auto Loan,1015677.66,6.92,Active,2022-01-22
4181,3384,Home Loan,2719266.12,10.99,Overdue,2022-10-01
4182,5677,Auto Loan,844549.34,14.42,Active,2022-12-01
4183,786,Personal Loan,217511.51,9.23,Closed,2024-11-07
4184,5405,Personal Loan,369050.55,10.18,Active,2025-02-15
4185,46,Personal Loan,226682.18,9.15,Active,2022-05-10
4186,9075,Auto Loan,633147.41,10.13,Active,2023-12-07
4187,6800,Home Loan,1952312.02,10.36,Active,2022-04-16
4188,3026,Auto Loan,710454.54,8.34,Overdue,2022-03-04
4189,6290,Education Loan,692372.83,9.52,Active,2022-10-24
4190,3373,Home Loan,2523481.89,6.3,Active,2023-03-16
4191,2115,Auto Loan,383706.3,9.75,Active,2024-06-03
4192,4630,Personal Loan,104008.07,11.03,Overdue,2023-10-10
4193,2161,Personal Loan,330033.13,13.29,Active,2024-11-21
4194,4168,Home Loan,1593976.93,11.37,Active,2024-09-10
4195,385,Education Loan,548999.48,11.44,Active,2025-09-08
4196,6790,Home Loan,2716590.34,11.12,Closed,2023-03-12
4197,7601,Home Loan,2968909.8,9.34,Closed,2022-08-10
4198,2035,Home Loan,2919481.61,7.78,Active,2023-07-17
4199,1446,Education Loan,508714.82,7.97,Closed,2025-07-16
4200,1515,Personal Loan,313278.4,8.87,Overdue,2025-03-29
4201,3421,Education Loan,372928.02,10.1,Active,2025-11-23
4202,8833,Home Loan,2522294.37,6.08,Closed,2023-12-03
4203,5819,Home Loan,1127911.6,11.66,Active,2023-08-20
4204,8158,Education Loan,130319.05,9.29,Overdue,2024-04-04
4205,2927,Personal Loan,181498.76,7.76,Active,2023-01-31
4206,841,Personal Loan,204828.98,9.49,Active,2024-06-25
4207,1283,Home Loan,2814298.68,12.35,Active,2024-04-12
4208,4364,Home Loan,2199553.38,11.93,Active,2023-11-26
4209,5124,Education Loan,433468.16,11.19,Closed,2022-11-16
4210,1281,Home Loan,2867152.33,11.76,Closed,2025-10-07
4211,4680,Personal Loan,269204.1,12.38,Active,2023-05-15
4212,9662,Auto Loan,769541.98,14.15,Active,2025-09-01
4213,8729,Home Loan,2519452.58,8.41,Overdue,2024-01-21
4214,1255,Auto Loan,505058.7,13.86,Closed,2024-03-07
4215,7473,Personal Loan,274636.8,11.46,Closed,2023-08-05
4216,7830,Education Loan,424633.26,8.28,Active,2023-04-09
4217,7875,Education Loan,646148.76,10.45,Active,2024-03-31
4218,8983,Auto Loan,1096226.86,14.39,Overdue,2024-01-17
4219,8932,Personal Loan,316999.3,9.28,Closed,2024-10-02
4220,84,Personal Loan,216233.18,12.12,Closed,2025-02-22
4221,8853,Auto Loan,698431.5,15.81,Closed,2024-06-18
4222,7091,Personal Loan,308556.8,9.02,Active,2024-12-06
4223,5923,Auto Loan,763578.87,6.03,Active,2024-05-22
4224,2578,Personal Loan,313819.57,13.22,Active,2022-01-07
4225,452,Home Loan,2107665.02,10.8,Overdue,2022-01-12
4226,9132,Auto Loan,520539.72,8.71,Active,2024-07-07
4227,4548,Education Loan,554491.15,6.0,Active,2024-03-13
4228,9429,Education Loan,737990.26,9.24,Overdue,2025-01-02
4229,9450,Auto Loan,933880.84,10.27,Overdue,2023-02-13
4230,66,Home Loan,2312527.6,14.55,Overdue,2025-02-15
4231,8529,Auto Loan,680476.55,8.49,Active,2025-09-25
4232,1038,Personal Loan,218234.55,10.05,Active,2024-05-26
4233,9586,Education Loan,664825.18,12.31,Overdue,2022-06-12
4234,3646,Personal Loan,240483.55,11.42,Overdue,2025-04-10
4235,9564,Personal Loan,340283.75,11.24,Overdue,2025-12-15
4236,7303,Personal Loan,373297.29,10.69,Active,2023-08-21
4237,1431,Education Loan,371161.16,11.32,Active,2024-12-13
4238,9454,Personal Loan,228519.57,10.67,Active,2022-07-06
4239,3192,Home Loan,2410745.39,10.03,Closed,2022-08-18
4240,3231,Education Loan,421834.1,10.18,Overdue,2024-09-28
4241,9301,Personal Loan,343887.32,11.0,Active,2024-09-22
4242,1224,Auto Loan,339669.36,9.43,Active,2023-02-24
4243,4986,Home Loan,3289248.59,10.94,Active,2023-04-22
4244,3495,Personal Loan,142490.97,13.36,Active,2025-09-12
4245,939,Education Loan,409598.66,12.55,Active,2024-10-20
4246,2604,Personal Loan,377078.06,10.01,Active,2022-12-05
4247,8102,Personal Loan,197866.0,8.93,Active,2023-11-17
4248,9322,Education Loan,490573.38,9.41,Active,2024-09-06
4249,785,Auto Loan,836765.84,11.53,Closed,2025-06-01
4250,8498,Personal Loan,124655.04,11.54,Closed,2023-05-01
4251,118,Home Loan,3536173.7,13.12,Closed,2025-07-27
4252,2413,Education Loan,409427.76,9.02,Closed,2022-12-10
4253,7469,Personal Loan,287976.86,12.16,Active,2023-12-23
4254,9628,Education Loan,441551.96,11.93,Overdue,2023-12-23
4255,1113,Home Loan,1837919.11,9.47,Active,2022-10-07
4256,954,Home Loan,3270885.21,10.57,Active,2022-09-11
4257,4020,Auto Loan,320164.45,11.21,Closed,2025-08-20
4258,7732,Auto Loan,498882.07,7.93,Overdue,2023-03-08
4259,249,Education Loan,693369.16,12.2,Active,2024-09-24
4260,125,Home Loan,2126099.67,10.9,Closed,2023-07-08
4261,2365,Personal Loan,273040.94,8.49,Overdue,2022-03-30
4262,5292,Home Loan,1753033.46,6.67,Active,2022-01-29
4263,2802,Personal Loan,269886.21,7.86,Active,2023-07-18
4264,6006,Education Loan,268182.49,11.7,Overdue,2025-12-29
4265,9294,Home Loan,2272743.1,13.39,Active,2022-03-31
4266,8298,Auto Loan,709823.03,11.02,Active,2025-10-20
4267,2320,Education Loan,405294.26,9.47,Active,2025-12-04
4268,9613,Education Loan,683763.39,9.24,Overdue,2022-01-25
4269,5423,Home Loan,3376124.85,15.56,Overdue,2023-08-28
4270,1619,Auto Loan,507118.17,10.39,Overdue,2024-10-25
4271,953,Education Loan,348043.58,13.58,Active,2023-01-18
4272,6651,Education Loan,324812.1,11.26,Closed,2023-10-05
4273,4040,Home Loan,2002691.3,8.7,Active,2025-07-31
4274,9171,Education Loan,784448.51,8.28,Closed,2025-10-04
4275,5281,Auto Loan,599948.03,6.11,Closed,2024-03-02
4276,7503,Personal Loan,239664.57,9.04,Closed,2025-08-14
4277,385,Education Loan,207629.11,10.61,Overdue,2025-10-07
4278,9190,Home Loan,200831.9,8.03,Active,2024-11-20
4279,8996,Home Loan,2552939.42,7.68,Active,2024-10-14
4280,4904,Home Loan,2757963.22,12.05,Closed,2025-06-26
4281,1643,Auto Loan,327881.02,12.85,Active,2022-03-09
4282,9305,Education Loan,111095.6,10.01,Closed,2022-08-03
4283,7248,Home Loan,2303689.84,12.01,Active,2025-06-12
4284,5084,Personal Loan,103549.64,10.87,Active,2022-01-04
4285,2438,Personal Loan,318612.47,12.72,Overdue,2024-05-04
4286,8535,Auto Loan,1108855.31,10.72,Active,2024-10-17
4287,3323,Personal Loan,132090.42,8.37,Overdue,2025-04-11
4288,4317,Education Loan,360246.48,12.19,Closed,2022-08-17
4289,7501,Home Loan,2566929.43,10.71,Active,2025-01-12
4290,6118,Personal Loan,274552.5,7.91,Overdue,2023-04-27
4291,8452,Auto Loan,951304.1,10.34,Overdue,2025-12-16
4292,3635,Auto Loan,482609.24,12.37,Active,2024-02-14
4293,8427,Education Loan,378923.57,11.38,Overdue,2023-12-02
4294,6409,Auto Loan,932998.28,8.02,Active,2022-10-31
4295,1034,Education Loan,490216.31,10.7,Active,2024-03-11
4296,7170,Home Loan,2671451.2,9.65,Active,2025-01-06
4297,8720,Home Loan,3496848.67,10.85,Active,2022-10-13
4298,8105,Personal Loan,391053.54,9.8,Active,2022-01-21
4299,3912,Personal Loan,316899.48,12.62,Closed,2023-04-14
4300,1214,Auto Loan,625760.02,15.07,Overdue,2023-12-07
4301,9723,Auto Loan,1223643.39,9.17,Active,2025-11-25
4302,6475,Home Loan,3205838.27,12.56,Active,2025-09-04
4303,7880,Personal Loan,324092.39,8.25,Active,2025-11-09
4304,9019,Personal Loan,193783.1,8.51,Overdue,2022-07-04
4305,9936,Home Loan,4003957.6,10.0,Overdue,2022-01-22
4306,6565,Auto Loan,720337.73,11.2,Overdue,2022-12-24
4307,1846,Education Loan,375466.09,12.19,Active,2023-08-21
4308,1189,Home Loan,2972387.52,7.04,Closed,2023-09-10
4309,974,Personal Loan,406582.32,10.25,Active,2025-11-02
4310,3193,Education Loan,665800.43,11.0,Active,2024-01-19
4311,9355,Auto Loan,562700.07,6.85,Active,2022-01-17
4312,3387,Education Loan,954928.86,9.21,Active,2023-11-18
4313,4830,Home Loan,2052214.59,13.55,Closed,2022-05-23
4314,108,Home Loan,2594778.16,11.42,Closed,2023-12-09
4315,7585,Home Loan,3030003.23,8.06,Overdue,2023-08-15
4316,313,Education Loan,351968.62,11.98,Active,2024-01-17
4317,7460,Education Loan,233468.99,11.54,Active,2023-10-14
4318,2789,Home Loan,2456218.08,8.58,Active,2022-11-24
4319,5072,Auto Loan,700423.49,11.23,Active,2025-06-19
4320,4257,Home Loan,3438383.06,10.59,Overdue,2023-07-04
4321,2596,Personal Loan,50000.0,12.79,Active,2023-10-26
4322,8032,Education Loan,530676.43,10.27,Closed,2023-01-04
4323,2338,Personal Loan,322644.13,8.86,Closed,2024-12-24
4324,8118,Auto Loan,456048.98,10.93,Overdue,2025-10-09
4325,1597,Auto Loan,841858.22,9.87,Closed,2022-01-22
4326,5343,Education Loan,601047.01,9.45,Overdue,2024-10-28
4327,9786,Auto Loan,894866.13,10.25,Active,2022-10-04
4328,396,Personal Loan,279035.84,14.59,Closed,2023-10-01
4329,3251,Education Loan,471154.96,12.61,Overdue,2023-08-23
4330,4697,Auto Loan,714595.31,8.51,Active,2025-01-09
4331,323,Auto Loan,521490.18,8.35,Active,2025-01-15
4332,6566,Auto Loan,265401.99,12.03,Overdue,2023-04-12
4333,6598,Personal Loan,125954.43,9.8,Active,2025-11-21
4334,4407,Personal Loan,236039.1,9.59,Active,2024-10-30
4335,5437,Home Loan,2765833.46,8.58,Active,2022-01-23
4336,9763,Personal Loan,209131.81,12.4,Active,2024-12-31
4337,9264,Auto Loan,731873.76,11.24,Closed,2025-08-11
4338,1431,Personal Loan,274240.3,10.39,Active,2025-03-21
4339,7933,Home Loan,2371297.21,13.12,Overdue,2025-08-19
4340,5891,Personal Loan,357579.31,12.15,Active,2025-02-11
4341,5976,Home Loan,2377798.1,10.34,Overdue,2022-07-08
4342,2782,Education Loan,653606.32,11.96,Active,2025-11-24
4343,2642,Personal Loan,194813.76,10.56,Active,2024-07-15
4344,4384,Auto Loan,526108.37,11.1,Active,2023-03-24
4345,4526,Auto Loan,534760.68,12.82,Active,2022-07-19
4346,8401,Education Loan,389449.57,9.83,Active,2023-06-07
4347,9575,Home Loan,1752379.07,7.66,Active,2022-02-15
4348,9082,Personal Loan,258877.45,10.18,Closed,2022-09-10
4349,171,Personal Loan,194603.86,11.58,Active,2024-01-27
4350,2487,Education Loan,50000.0,9.07,Active,2022-11-17
4351,858,Personal Loan,63725.77,11.31,Closed,2024-07-22
4352,1878,Education Loan,573853.87,9.93,Overdue,2023-09-06
4353,3070,Auto Loan,772359.29,9.91,Active,2025-11-08
4354,3036,Personal Loan,137623.73,10.97,Active,2022-03-08
4355,9651,Auto Loan,674641.73,11.49,Active,2023-04-24
4356,8047,Auto Loan,552935.83,11.0,Active,2025-07-31
4357,1036,Home Loan,5692908.72,10.34,Active,2022-11-01
4358,3063,Education Loan,828752.13,7.56,Active,2023-05-21
4359,3603,Home Loan,1256200.09,11.76,Active,2024-12-21
4360,2170,Education Loan,685765.83,10.8,Active,2025-02-27
4361,5844,Home Loan,3274779.92,13.71,Overdue,2024-02-17
4362,8720,Auto Loan,559754.18,6.68,Active,2024-02-24
4363,5233,Auto Loan,750700.75,7.97,Overdue,2023-05-07
4364,1948,Education Loan,372709.17,7.78,Active,2023-12-13
4365,9324,Personal Loan,244337.61,11.81,Closed,2022-05-16
4366,2022,Auto Loan,1053517.2,8.65,Active,2025-10-15
4367,2847,Personal Loan,220389.72,9.47,Overdue,2024-07-28
4368,7129,Education Loan,586584.31,12.37,Active,2022-02-08
4369,7974,Education Loan,135388.64,8.7,Closed,2025-01-11
4370,6309,Home Loan,3101952.46,12.25,Closed,2022-02-04
4371,1461,Home Loan,3062857.43,10.9,Overdue,2022-07-03
4372,2180,Personal Loan,313448.2,8.85,Overdue,2023-02-28
4373,2666,Education Loan,335051.32,13.02,Active,2024-02-12
4374,1693,Education Loan,545956.9,7.97,Active,2025-12-06
4375,6075,Personal Loan,202860.78,7.18,Active,2024-07-27
4376,5669,Personal Loan,234844.04,12.66,Active,2024-10-24
4377,9556,Personal Loan,307123.47,10.23,Active,2023-06-07
4378,3278,Auto Loan,781576.66,12.19,Overdue,2022-10-06
4379,4207,Education Loan,789088.54,8.12,Active,2022-08-25
4380,6798,Home Loan,1654212.18,8.14,Active,2023-08-16
4381,4446,Personal Loan,244845.52,9.62,Active,2022-03-08
4382,5243,Personal Loan,141992.62,10.92,Closed,2023-03-26
4383,4672,Personal Loan,201990.92,11.85,Closed,2022-12-11
4384,6877,Auto Loan,823115.14,9.19,Closed,2025-03-03
4385,1842,Auto Loan,648305.84,8.77,Overdue,2024-04-29
4386,4251,Personal Loan,113423.88,11.95,Active,2022-09-14
4387,6345,Home Loan,1517627.79,10.96,Active,2023-06-10
4388,9837,Education Loan,742975.01,12.49,Active,2022-04-06
4389,6240,Education Loan,278264.95,6.26,Overdue,2024-06-07
4390,2500,Education Loan,644778.84,6.25,Closed,2025-02-02
4391,9282,Auto Loan,739299.25,13.13,Active,2024-12-08
4392,5584,Home Loan,3963413.59,11.08,Closed,2024-03-08
4393,6767,Personal Loan,247185.62,16.95,Active,2025-12-07
4394,5170,Personal Loan,357075.8,12.79,Active,2024-02-18
4395,2266,Home Loan,3052019.42,11.66,Overdue,2025-09-24
4396,5752,Education Loan,571495.18,6.46,Overdue,2025-01-17
4397,6168,Auto Loan,815447.64,11.8,Active,2024-11-06
4398,3205,Auto Loan,628838.73,13.6,Active,2022-01-28
4399,6986,Auto Loan,217327.77,11.33,Overdue,2024-06-26
4400,3360,Auto Loan,205940.3,14.49,Active,2023-07-25
4401,7515,Home Loan,2508110.52,11.2,Active,2022-12-28
4402,9434,Education Loan,588026.98,9.91,Active,2025-03-12
4403,9235,Home Loan,3477663.9,8.79,Closed,2024-11-28
4404,5857,Home Loan,1948977.14,8.48,Active,2024-06-07
4405,8134,Home Loan,3617380.7,9.69,Closed,2024-01-04
4406,8416,Personal Loan,241700.52,8.52,Closed,2024-07-09
4407,2875,Personal Loan,293107.75,11.3,Active,2024-02-07
4408,9795,Auto Loan,826659.99,10.68,Overdue,2022-06-30
4409,244,Personal Loan,190935.0,7.64,Closed,2023-08-19
4410,2341,Personal Loan,254637.65,12.44,Active,2025-06-07
4411,3919,Home Loan,1969819.75,13.45,Overdue,2025-02-03
4412,1065,Home Loan,3157781.53,10.95,Active,2023-10-02
4413,2556,Personal Loan,238346.92,9.54,Closed,2023-09-28
4414,4233,Education Loan,494635.49,11.11,Active,2022-07-18
4415,4920,Home Loan,2577266.63,11.2,Overdue,2024-09-23
4416,1592,Education Loan,344492.8,11.56,Active,2025-11-21
4417,4405,Home Loan,2572680.67,9.52,Active,2022-09-03
4418,1424,Auto Loan,900908.67,6.0,Closed,2024-06-01
4419,8161,Education Loan,175549.13,13.23,Active,2022-12-13
4420,4218,Auto Loan,1202451.52,7.78,Active,2022-01-26
4421,6884,Personal Loan,436295.17,10.35,Closed,2024-04-05
4422,2840,Auto Loan,467627.37,8.87,Active,2022-04-06
4423,4299,Auto Loan,904308.64,9.91,Closed,2025-01-24
4424,4546,Home Loan,2006945.19,12.42,Active,2025-04-18
4425,5097,Education Loan,435004.63,9.34,Active,2023-05-18
4426,3195,Home Loan,2457681.1,10.79,Overdue,2023-08-12
4427,2521,Education Loan,227935.19,9.04,Active,2025-09-27
4428,9048,Education Loan,243199.37,7.63,Closed,2023-08-29
4429,4015,Home Loan,2547030.14,11.04,Overdue,2024-01-17
4430,1703,Personal Loan,89129.01,8.98,Closed,2023-11-19
4431,3924,Auto Loan,934901.79,9.69,Active,2025-11-01
4432,8009,Education Loan,475477.67,8.06,Active,2023-09-20
4433,643,Education Loan,582293.88,13.74,Active,2022-06-05
4434,1100,Personal Loan,244767.97,13.35,Active,2024-01-31
4435,1366,Personal Loan,195197.2,13.27,Active,2025-05-20
4436,4494,Home Loan,2471055.75,10.73,Active,2022-08-21
4437,5731,Home Loan,4584194.09,9.95,Active,2023-06-07
4438,8384,Education Loan,527369.51,10.72,Closed,2022-09-13
4439,5672,Education Loan,448885.02,8.92,Active,2023-12-07
4440,7412,Home Loan,2377637.53,9.32,Active,2024-10-01
4441,5861,Auto Loan,721235.16,11.79,Active,2023-04-30
4442,2516,Education Loan,349319.64,13.45,Active,2024-01-09
4443,1199,Auto Loan,624108.34,10.91,Active,2022-12-02
4444,4895,Auto Loan,348216.19,10.8,Overdue,2025-01-14
4445,4952,Personal Loan,215786.03,6.0,Active,2025-07-30
4446,4376,Education Loan,424086.64,11.14,Active,2025-05-23
4447,8293,Auto Loan,1006733.98,9.88,Closed,2022-06-30
4448,5132,Auto Loan,638572.24,11.95,Active,2024-02-13
4449,8529,Personal Loan,331739.64,10.74,Closed,2023-02-23
4450,6402,Auto Loan,272963.53,8.38,Closed,2025-01-28
4451,1606,Education Loan,683746.2,10.53,Closed,2024-09-10
4452,7542,Education Loan,653445.85,8.89,Overdue,2023-12-06
4453,121,Auto Loan,914158.31,7.47,Active,2023-03-07
4454,6826,Education Loan,292891.63,7.3,Overdue,2023-11-10
4455,6473,Personal Loan,353913.92,9.82,Active,2023-12-10
4456,4186,Personal Loan,301051.49,11.09,Active,2024-08-03
4457,9111,Education Loan,817858.55,12.05,Active,2023-10-04
4458,9266,Auto Loan,717001.21,11.24,Active,2025-01-25
4459,1231,Education Loan,494836.28,10.15,Active,2022-05-10
4460,686,Auto Loan,743696.3,10.68,Overdue,2025-01-14
4461,6902,Home Loan,2738885.64,7.39,Active,2025-07-14
4462,6166,Education Loan,418581.69,10.8,Active,2024-04-18
4463,9059,Auto Loan,325909.69,8.12,Active,2024-07-02
4464,3133,Home Loan,2611888.13,8.49,Closed,2023-07-31
4465,5368,Education Loan,676988.17,10.41,Active,2022-09-25
4466,3475,Home Loan,2388542.32,10.76,Overdue,2024-10-16
4467,6837,Home Loan,3423853.75,9.51,Active,2023-08-08
4468,6951,Auto Loan,966250.42,12.12,Active,2024-02-18
4469,9538,Auto Loan,867763.95,9.56,Active,2025-05-04
4470,2529,Education Loan,537167.34,8.02,Closed,2025-12-01
4471,2120,Education Loan,552132.47,8.84,Active,2022-09-30
4472,530,Auto Loan,772596.55,14.35,Active,2023-03-01
4473,6780,Home Loan,3334869.27,7.0,Active,2023-01-09
4474,2019,Home Loan,3635936.24,7.85,Closed,2024-11-03
4475,8700,Education Loan,323740.02,11.58,Active,2022-04-06
4476,8829,Home Loan,2362669.62,12.76,Closed,2022-10-22
4477,6669,Auto Loan,1322395.14,11.13,Closed,2022-02-05
4478,5652,Education Loan,724751.31,10.16,Active,2022-04-21
4479,9900,Home Loan,3692713.17,13.64,Active,2023-10-13
4480,2336,Personal Loan,222479.01,13.4,Closed,2024-05-19
4481,453,Personal Loan,235784.6,9.01,Active,2023-03-23
4482,1604,Home Loan,2687615.27,11.83,Active,2022-05-02
4483,6551,Personal Loan,169663.73,10.16,Active,2023-03-06
4484,6583,Personal Loan,233471.24,9.5,Active,2024-09-12
4485,619,Education Loan,525155.09,6.52,Closed,2023-01-04
4486,8898,Personal Loan,260682.25,11.27,Active,2022-03-02
4487,3969,Personal Loan,176246.33,10.91,Closed,2023-07-20
4488,5759,Education Loan,554431.32,9.53,Overdue,2022-05-28
4489,6197,Personal Loan,305513.74,9.54,Active,2022-07-18
4490,9276,Personal Loan,347490.07,8.75,Active,2022-07-18
4491,843,Personal Loan,179512.78,7.44,Active,2023-07-22
4492,8635,Education Loan,679416.96,11.69,Active,2024-08-19
4493,509,Personal Loan,321970.39,11.06,Active,2025-07-15
4494,9388,Education Loan,363392.06,6.06,Active,2025-10-22
4495,6554,Home Loan,3391188.7,11.48,Active,2025-06-19
4496,1892,Personal Loan,252526.2,12.53,Closed,2023-05-10
4497,2439,Personal Loan,348864.52,8.68,Overdue,2025-12-16
4498,2762,Education Loan,383229.31,12.71,Overdue,2025-07-13
4499,3641,Personal Loan,163271.76,10.22,Active,2025-11-23
4500,2453,Personal Loan,257895.06,10.86,Active,2024-02-26
4501,8141,Auto Loan,656669.45,9.98,Active,2023-10-23
4502,7523,Auto Loan,677439.11,10.3,Active,2024-01-25
4503,257,Personal Loan,364810.06,10.42,Active,2024-05-30
4504,1416,Home Loan,1612225.15,8.51,Overdue,2023-07-12
4505,6965,Home Loan,2025282.7,12.79,Active,2024-03-15
4506,7115,Home Loan,3611390.54,12.09,Active,2025-05-24
4507,1483,Home Loan,2998382.52,9.92,Active,2022-11-18
4508,9841,Home Loan,2499396.01,11.34,Closed,2025-07-25
4509,3707,Education Loan,214881.34,10.45,Active,2024-01-25
4510,3756,Education Loan,463937.1,12.7,Active,2022-04-06
4511,5706,Education Loan,316565.68,10.19,Active,2022-01-03
4512,3098,Education Loan,655530.96,11.92,Overdue,2025-07-23
4513,5473,Education Loan,514778.58,11.08,Overdue,2024-03-28
4514,8192,Education Loan,370806.31,11.01,Active,2023-10-04
4515,1101,Home Loan,1770323.62,10.19,Closed,2022-11-27
4516,142,Personal Loan,326780.02,14.47,Active,2022-08-09
4517,1834,Personal Loan,50000.0,17.03,Active,2022-06-10
4518,3806,Auto Loan,474213.19,9.21,Active,2023-06-16
4519,8901,Auto Loan,845852.44,10.79,Overdue,2023-12-16
4520,1453,Auto Loan,610305.35,8.17,Closed,2024-02-12
4521,2934,Auto Loan,739518.21,12.5,Active,2025-05-23
4522,770,Auto Loan,576664.49,12.72,Active,2023-03-17
4523,4802,Personal Loan,335401.46,12.8,Active,2022-05-17
4524,8287,Auto Loan,451176.53,10.86,Overdue,2023-08-26
4525,9537,Personal Loan,245211.58,8.96,Overdue,2022-01-14
4526,2536,Personal Loan,292269.89,10.67,Closed,2023-10-03
4527,3913,Personal Loan,132593.35,12.21,Active,2023-11-25
4528,8096,Personal Loan,316884.74,8.3,Active,2025-06-19
4529,1455,Personal Loan,264313.71,8.49,Closed,2024-10-23
4530,7426,Home Loan,1087609.2,11.17,Closed,2022-05-13
4531,1370,Personal Loan,235614.91,8.55,Active,2024-07-17
4532,8093,Home Loan,1216455.36,13.36,Active,2022-09-15
4533,100,Personal Loan,211146.09,7.55,Active,2024-06-24
4534,6354,Auto Loan,915811.81,10.2,Overdue,2023-06-24
4535,7216,Auto Loan,409988.17,9.59,Closed,2024-05-13
4536,9324,Education Loan,580593.58,6.99,Overdue,2025-08-04
4537,2263,Home Loan,2444758.56,9.73,Active,2024-11-17
4538,7355,Education Loan,589759.16,11.37,Overdue,2022-06-02
4539,4135,Education Loan,747328.14,9.41,Active,2025-06-09
4540,7387,Personal Loan,234613.79,10.16,Closed,2022-03-03
4541,9192,Personal Loan,185309.57,10.82,Active,2024-07-18
4542,255,Personal Loan,317749.51,10.31,Active,2022-12-17
4543,2827,Auto Loan,1018417.39,8.67,Active,2022-03-09
4544,3780,Personal Loan,247266.13,7.36,Closed,2025-11-21
4545,8807,Personal Loan,207110.49,14.18,Active,2025-01-25
4546,4096,Personal Loan,325243.93,13.2,Active,2024-02-17
4547,8824,Home Loan,3507209.03,9.21,Closed,2023-08-31
4548,9502,Auto Loan,491772.63,9.62,Closed,2022-11-21
4549,6594,Auto Loan,1025829.4,11.23,Overdue,2024-12-03
4550,9488,Education Loan,409717.25,10.11,Closed,2024-12-26
4551,5495,Auto Loan,443826.04,13.93,Closed,2025-04-11
4552,3285,Auto Loan,796158.05,11.1,Closed,2022-06-20
4553,2173,Home Loan,3507097.27,17.17,Overdue,2023-10-31
4554,8189,Home Loan,3100606.8,9.18,Closed,2022-01-18
4555,7670,Auto Loan,395033.51,9.19,Active,2025-04-16
4556,7578,Education Loan,461587.84,11.04,Active,2025-03-02
4557,7360,Education Loan,218044.74,9.55,Active,2023-09-19
4558,6856,Education Loan,542183.28,10.31,Closed,2022-06-18
4559,7338,Auto Loan,550801.61,8.56,Active,2023-01-20
4560,9717,Personal Loan,165276.92,8.29,Active,2025-04-09
4561,7637,Personal Loan,327166.57,14.18,Active,2022-05-29
4562,7296,Auto Loan,764882.03,10.16,Active,2025-08-20
4563,5418,Auto Loan,794888.6,11.42,Active,2025-01-06
4564,2903,Auto Loan,864480.74,10.52,Active,2025-07-22
4565,6944,Education Loan,653608.11,11.69,Overdue,2023-03-04
4566,7000,Education Loan,673316.75,11.57,Overdue,2023-10-17
4567,2304,Home Loan,3127686.13,12.33,Overdue,2022-06-02
4568,7572,Education Loan,501282.86,6.79,Active,2023-11-29
4569,9163,Education Loan,552628.68,13.04,Active,2022-08-10
4570,577,Auto Loan,292883.35,9.75,Active,2025-06-09
4571,3953,Auto Loan,539094.62,11.74,Active,2022-12-07
4572,867,Education Loan,253575.84,10.67,Active,2023-12-22
4573,5160,Home Loan,3696765.09,8.83,Closed,2023-05-01
4574,5281,Home Loan,2181278.19,10.45,Active,2022-11-01
4575,9939,Personal Loan,299489.99,12.92,Overdue,2024-05-16
4576,5785,Education Loan,644312.51,11.98,Active,2022-09-14
4577,1535,Auto Loan,791602.96,15.01,Closed,2022-05-07
4578,7839,Education Loan,364571.32,10.72,Active,2022-05-23
4579,2938,Home Loan,2447913.8,13.29,Active,2022-01-10
4580,2679,Education Loan,380503.04,7.94,Active,2022-02-11
4581,2895,Auto Loan,694285.45,10.3,Active,2024-03-08
4582,6636,Home Loan,2334811.1,8.04,Closed,2025-09-04
4583,889,Home Loan,1179908.01,6.0,Active,2023-04-23
4584,4135,Home Loan,3495484.39,7.84,Active,2024-02-07
4585,5017,Education Loan,599791.58,11.61,Active,2023-10-13
4586,9528,Auto Loan,414244.55,6.0,Active,2022-09-06
4587,9255,Education Loan,262762.11,6.84,Overdue,2022-12-06
4588,7247,Home Loan,2130422.6,12.13,Active,2023-02-27
4589,1552,Home Loan,2269146.41,12.76,Overdue,2024-10-03
4590,9230,Auto Loan,984991.76,7.35,Active,2022-09-22
4591,7106,Personal Loan,369181.92,10.9,Active,2024-04-27
4592,4640,Auto Loan,601848.05,12.21,Closed,2022-04-28
4593,9419,Personal Loan,185761.67,10.06,Active,2024-11-03
4594,7313,Education Loan,491124.0,11.45,Active,2024-09-29
4595,5361,Education Loan,321521.29,11.51,Active,2022-06-11
4596,2962,Personal Loan,277524.34,10.01,Active,2024-02-01
4597,1575,Education Loan,601181.64,10.47,Active,2025-03-19
4598,6317,Education Loan,532118.12,14.52,Closed,2025-12-13
4599,6525,Auto Loan,181575.95,9.89,Active,2024-02-10
4600,6029,Personal Loan,194174.69,11.56,Overdue,2023-12-02
4601,9049,Education Loan,176806.06,9.33,Closed,2022-05-03
4602,6340,Auto Loan,857362.18,9.55,Closed,2023-10-27
4603,5848,Education Loan,598789.47,10.24,Active,2024-04-26
4604,5264,Personal Loan,308579.11,8.41,Closed,2023-05-11
4605,3335,Home Loan,2348186.89,8.37,Overdue,2025-08-26
4606,6300,Personal Loan,113768.59,10.94,Overdue,2023-02-23
4607,5479,Education Loan,461557.12,7.2,Closed,2023-01-08
4608,4718,Personal Loan,425144.79,9.12,Active,2024-12-09
4609,276,Auto Loan,1048568.78,14.39,Active,2022-07-11
4610,8235,Home Loan,3105963.01,10.43,Active,2022-03-20
4611,4016,Home Loan,3788533.2,12.88,Overdue,2023-01-31
4612,3187,Auto Loan,528207.44,10.48,Active,2023-06-07
4613,8952,Education Loan,622128.46,8.17,Active,2022-06-04
4614,4250,Auto Loan,806948.22,10.35,Closed,2022-11-18
4615,2833,Personal Loan,294530.83,10.79,Closed,2025-08-03
4616,8218,Home Loan,2821435.91,11.17,Active,2023-03-03
4617,4618,Auto Loan,1057751.19,11.69,Closed,2024-11-20
4618,8761,Home Loan,2634078.7,11.47,Active,2023-04-20
4619,9969,Auto Loan,697408.42,9.47,Closed,2025-07-25
4620,7547,Auto Loan,964873.03,7.49,Active,2022-07-15
4621,126,Education Loan,740261.4,10.55,Closed,2025-09-03
4622,1449,Personal Loan,200849.1,11.3,Active,2023-07-16
4623,177,Auto Loan,953007.18,8.45,Overdue,2022-05-29
4624,4803,Auto Loan,861019.07,8.89,Active,2024-03-11
4625,4562,Auto Loan,571156.02,12.41,Active,2023-04-16
4626,1042,Home Loan,3082222.28,9.26,Overdue,2024-01-27
4627,2893,Home Loan,3215676.82,12.67,Overdue,2023-12-17
4628,5348,Auto Loan,989150.51,11.18,Active,2025-02-11
4629,6221,Home Loan,2647865.07,9.06,Active,2025-11-23
4630,3461,Personal Loan,50000.0,14.14,Active,2022-05-01
4631,6604,Auto Loan,906490.9,11.14,Active,2024-01-25
4632,7376,Auto Loan,880061.13,10.2,Active,2023-01-01
4633,3757,Education Loan,707701.21,11.77,Active,2022-03-27
4634,502,Home Loan,2923722.71,13.03,Active,2023-08-18
4635,6730,Home Loan,3024900.84,9.7,Active,2022-07-05
4636,3847,Education Loan,512749.12,9.5,Closed,2024-10-02
4637,545,Personal Loan,202270.28,12.42,Overdue,2024-06-26
4638,9764,Home Loan,2691190.31,9.27,Closed,2025-06-10
4639,7995,Home Loan,3326283.23,7.81,Active,2022-08-27
4640,4803,Home Loan,3499098.19,14.04,Active,2024-11-02
4641,8364,Personal Loan,115626.47,11.12,Active,2022-09-27
4642,694,Auto Loan,788783.51,9.72,Overdue,2022-03-29
4643,7845,Home Loan,3832103.76,7.75,Active,2023-12-10
4644,8004,Education Loan,607813.16,10.32,Active,2025-03-02
4645,2034,Personal Loan,302662.94,7.16,Closed,2023-11-16
4646,1359,Home Loan,2226253.64,6.41,Active,2022-09-12
4647,2098,Education Loan,517989.04,12.86,Closed,2022-01-19
4648,5980,Education Loan,316893.96,9.75,Active,2023-09-29
4649,1268,Personal Loan,258142.14,9.95,Closed,2022-07-09
4650,3670,Auto Loan,236336.19,12.87,Active,2025-10-01
4651,781,Home Loan,1732184.38,10.0,Overdue,2022-02-10
4652,5509,Auto Loan,881551.55,13.3,Closed,2025-01-30
4653,4578,Home Loan,1942660.19,11.14,Overdue,2025-10-06
4654,3183,Education Loan,398936.57,11.6,Closed,2023-08-25
4655,6696,Home Loan,1784412.46,11.68,Overdue,2024-01-07
4656,1388,Personal Loan,237864.01,12.14,Active,2024-03-17
4657,8360,Auto Loan,731695.82,10.04,Active,2022-03-04
4658,5013,Home Loan,3083574.88,12.24,Active,2025-03-31
4659,1896,Education Loan,50000.0,9.21,Active,2024-10-13
4660,5560,Home Loan,2860130.71,9.55,Active,2024-02-23
4661,6042,Home Loan,2579718.47,7.58,Closed,2025-11-07
4662,4872,Education Loan,751836.04,10.45,Active,2025-07-01
4663,2436,Auto Loan,937054.15,10.03,Active,2024-06-13
4664,8485,Auto Loan,513923.19,8.81,Closed,2025-11-04
4665,4855,Education Loan,562488.16,12.13,Active,2022-10-29
4666,3894,Education Loan,607117.85,6.0,Active,2023-06-29
4667,8139,Home Loan,2455188.8,13.12,Active,2023-10-13
4668,7347,Auto Loan,824233.0,9.99,Active,2024-05-14
4669,4615,Home Loan,2175865.46,10.14,Closed,2023-08-06
4670,2507,Home Loan,4066453.78,10.34,Overdue,2022-04-02
4671,2013,Education Loan,974572.79,7.69,Active,2024-03-12
4672,6498,Auto Loan,1106036.58,12.22,Active,2024-05-09
4673,2809,Home Loan,2607436.04,10.57,Overdue,2024-07-30
4674,3821,Home Loan,1190725.27,8.94,Active,2023-06-17
4675,1191,Education Loan,602984.22,9.49,Overdue,2024-02-25
4676,1091,Auto Loan,669325.84,6.77,Active,2022-08-23
4677,8399,Personal Loan,349590.21,12.34,Active,2023-10-04
4678,7070,Home Loan,2352158.52,9.1,Active,2024-12-21
4679,9608,Home Loan,1484890.23,10.5,Closed,2022-09-30
4680,1385,Personal Loan,134067.58,7.36,Overdue,2025-03-05
4681,8291,Auto Loan,1046364.6,8.95,Active,2022-07-16
4682,7091,Home Loan,3128013.67,12.64,Active,2025-02-13
4683,1924,Auto Loan,814590.31,11.79,Active,2022-12-04
4684,8640,Auto Loan,85949.0,10.92,Active,2024-04-16
4685,1599,Home Loan,1504115.18,11.11,Closed,2025-06-08
4686,2061,Education Loan,858632.63,9.65,Active,2023-08-12
4687,1131,Education Loan,637833.59,6.41,Closed,2022-04-17
4688,5018,Education Loan,671589.11,11.48,Active,2023-12-27
4689,3298,Personal Loan,453778.14,11.08,Active,2024-02-14
4690,5123,Education Loan,445463.89,10.75,Active,2025-07-06
4691,7342,Home Loan,2279095.9,14.17,Active,2024-01-08
4692,1582,Education Loan,588991.13,11.04,Overdue,2022-06-06
4693,7094,Auto Loan,733814.18,9.79,Closed,2024-09-15
4694,3430,Auto Loan,1039581.07,11.58,Closed,2022-08-01
4695,5029,Home Loan,430880.84,10.37,Active,2024-04-02
4696,8770,Personal Loan,215409.5,12.13,Overdue,2023-01-27
4697,5138,Home Loan,3717293.15,9.88,Active,2024-07-07
4698,9643,Personal Loan,224061.7,8.87,Active,2025-11-25
4699,579,Education Loan,589863.97,11.03,Active,2025-05-11
4700,2084,Education Loan,312514.4,9.76,Active,2025-02-27
4701,7196,Education Loan,696099.47,11.86,Active,2024-01-24
4702,4524,Personal Loan,222119.15,7.81,Closed,2024-05-19
4703,1189,Auto Loan,975263.93,11.62,Active,2022-05-17
4704,8604,Personal Loan,419957.06,16.16,Overdue,2022-06-29
4705,480,Auto Loan,353958.51,6.0,Closed,2023-07-08
4706,5418,Education Loan,469166.54,11.16,Active,2022-01-22
4707,4868,Home Loan,1062261.55,12.91,Active,2023-01-11
4708,746,Education Loan,538786.02,7.43,Active,2024-01-01
4709,6980,Personal Loan,222270.81,13.88,Active,2022-07-11
4710,1515,Home Loan,1417279.03,13.12,Closed,2022-09-10
4711,8115,Home Loan,3504676.7,7.25,Active,2024-10-09
4712,5752,Home Loan,2969422.33,12.5,Active,2025-10-03
4713,5925,Home Loan,568743.6,9.12,Overdue,2022-08-24
4714,5726,Personal Loan,273155.95,7.33,Overdue,2023-01-01
4715,1297,Home Loan,2801307.26,8.54,Closed,2024-04-10
4716,3434,Personal Loan,176197.61,8.34,Active,2023-04-01
4717,4863,Education Loan,50000.0,11.99,Closed,2022-11-02
4718,6063,Auto Loan,551195.67,12.57,Closed,2022-04-23
4719,6389,Personal Loan,256870.59,13.28,Overdue,2023-02-01
4720,4401,Auto Loan,648727.34,14.5,Overdue,2024-11-14
4721,567,Auto Loan,957657.25,9.36,Overdue,2023-04-15
4722,8956,Home Loan,2591522.58,12.65,Active,2023-12-16
4723,5921,Home Loan,2845064.01,8.79,Active,2023-05-31
4724,3016,Education Loan,661071.26,12.91,Active,2025-11-26
4725,6605,Education Loan,679092.29,9.24,Active,2025-06-06
4726,2862,Home Loan,3132358.15,11.76,Active,2024-12-08
4727,7315,Home Loan,4462278.85,6.84,Active,2023-01-11
4728,2783,Personal Loan,252639.91,9.42,Overdue,2023-09-06
4729,7100,Personal Loan,142183.71,11.72,Active,2025-08-17
4730,8521,Auto Loan,765808.49,9.12,Active,2023-12-02
4731,9911,Education Loan,356608.07,8.84,Active,2022-03-03
4732,9709,Personal Loan,222955.06,8.65,Overdue,2025-08-07
4733,2819,Personal Loan,332554.4,12.91,Active,2022-05-16
4734,8937,Home Loan,2872860.0,10.55,Active,2023-03-10
4735,6471,Auto Loan,651169.41,9.3,Overdue,2023-09-20
4736,9466,Education Loan,421273.85,10.52,Active,2022-09-02
4737,4519,Home Loan,2311386.08,13.46,Closed,2022-07-30
4738,9942,Home Loan,2205364.36,8.7,Active,2025-03-14
4739,4806,Auto Loan,735830.64,13.46,Active,2024-02-07
4740,7619,Personal Loan,252702.67,7.83,Overdue,2025-07-05
4741,6550,Education Loan,394791.53,9.54,Active,2022-09-01
4742,7391,Home Loan,3057884.95,10.47,Active,2025-08-22
4743,6416,Home Loan,3152710.04,8.76,Closed,2023-06-28
4744,6448,Home Loan,1781750.95,12.31,Closed,2025-09-12
4745,7639,Education Loan,908598.19,11.01,Closed,2022-11-04
4746,4114,Personal Loan,219082.07,6.0,Overdue,2024-10-23
4747,5435,Personal Loan,261770.3,13.83,Active,2025-12-12
4748,7799,Auto Loan,784096.93,11.71,Active,2025-04-16
4749,2727,Home Loan,2729014.31,12.5,Active,2025-11-25
4750,913,Home Loan,2821362.91,10.55,Overdue,2022-05-07
4751,8541,Personal Loan,265749.81,8.49,Overdue,2024-12-16
4752,4191,Home Loan,2694995.77,10.75,Active,2023-11-30
4753,9652,Education Loan,453048.13,9.7,Active,2024-03-07
4754,5851,Personal Loan,230778.25,12.61,Active,2023-04-29
4755,3854,Home Loan,3523575.01,10.4,Active,2022-12-11
4756,9929,Personal Loan,179657.47,9.65,Overdue,2024-05-07
4757,9832,Personal Loan,281928.64,10.78,Closed,2023-02-07
4758,8895,Home Loan,2953036.12,10.19,Overdue,2025-04-08
4759,5464,Personal Loan,237315.62,11.17,Active,2024-02-13
4760,2485,Personal Loan,281365.15,10.81,Active,2024-01-04
4761,3450,Home Loan,2369910.87,7.99,Active,2025-05-12
4762,8794,Education Loan,653132.48,14.83,Active,2024-04-19
4763,1196,Personal Loan,286105.37,11.18,Active,2024-09-13
4764,7092,Personal Loan,176799.48,11.57,Active,2023-09-29
4765,5585,Personal Loan,271676.98,8.61,Active,2025-09-15
4766,6559,Home Loan,2488789.13,10.21,Overdue,2023-09-02
4767,2454,Auto Loan,891609.34,13.03,Overdue,2024-12-28
4768,4809,Home Loan,2536456.02,9.27,Closed,2025-11-26
4769,2768,Auto Loan,757297.87,9.25,Active,2022-09-21
4770,7110,Home Loan,2233556.81,14.52,Active,2025-05-06
4771,1703,Education Loan,581846.87,9.68,Closed,2025-08-24
4772,7656,Education Loan,364750.85,8.78,Overdue,2025-11-13
4773,214,Personal Loan,172872.91,8.59,Closed,2025-10-09
4774,4855,Education Loan,691079.03,8.84,Active,2022-02-01
4775,3947,Education Loan,435213.47,10.38,Active,2024-01-20
4776,6607,Home Loan,833310.1,10.33,Active,2024-01-19
4777,3255,Auto Loan,862438.53,7.25,Overdue,2023-01-15
4778,8280,Home Loan,3690133.12,12.44,Closed,2024-11-29
4779,4592,Personal Loan,148864.81,9.53,Active,2023-10-31
4780,3116,Education Loan,379738.03,11.2,Overdue,2024-01-21
4781,6286,Education Loan,273874.64,10.88,Active,2025-11-15
4782,9515,Home Loan,2292145.87,11.04,Active,2024-03-16
4783,5376,Personal Loan,315566.51,12.36,Active,2022-12-24
4784,2882,Personal Loan,170254.39,11.82,Overdue,2022-09-21
4785,3211,Personal Loan,255978.71,11.99,Active,2022-06-03
4786,8438,Auto Loan,427809.0,9.55,Active,2024-09-16
4787,7298,Personal Loan,196809.91,10.0,Active,2024-06-08
4788,8130,Auto Loan,874587.34,10.9,Active,2023-09-22
4789,1109,Home Loan,3245984.85,9.88,Closed,2022-02-14
4790,7556,Personal Loan,188341.25,10.0,Closed,2025-02-24
4791,9540,Education Loan,456238.3,11.79,Closed,2023-05-03
4792,5188,Home Loan,1157530.14,11.17,Active,2024-11-30
4793,1913,Auto Loan,743988.32,11.99,Closed,2023-06-02
4794,1737,Home Loan,4372947.93,8.75,Active,2023-08-04
4795,318,Personal Loan,277110.48,8.79,Active,2022-09-06
4796,8140,Education Loan,391842.82,12.09,Active,2022-12-12
4797,9987,Education Loan,519152.07,8.46,Active,2025-03-02
4798,80,Personal Loan,370766.67,12.14,Active,2025-11-05
4799,7247,Home Loan,3450226.1,10.46,Closed,2024-10-08
4800,872,Home Loan,2532845.26,11.44,Active,2022-11-17
4801,6116,Personal Loan,253093.52,8.82,Active,2024-12-21
4802,5572,Auto Loan,710241.53,8.18,Active,2022-07-12
4803,5391,Home Loan,2663862.79,8.12,Active,2025-08-24
4804,6691,Personal Loan,238377.63,10.27,Active,2025-10-26
4805,6042,Personal Loan,107547.16,11.34,Closed,2024-04-22
4806,5064,Home Loan,736170.99,10.52,Active,2022-05-08
4807,3858,Home Loan,2934423.59,6.01,Closed,2025-07-13
4808,3318,Education Loan,718344.86,7.98,Active,2025-12-02
4809,9001,Personal Loan,312069.02,11.05,Overdue,2024-11-28
4810,3191,Auto Loan,473181.44,10.11,Active,2024-10-25
4811,8163,Education Loan,291348.16,12.23,Active,2023-11-09
4812,762,Personal Loan,420801.03,11.28,Active,2025-12-13
4813,8419,Auto Loan,544996.85,10.51,Active,2022-05-13
4814,3218,Auto Loan,599809.08,9.56,Active,2022-08-24
4815,8288,Personal Loan,259082.26,10.55,Closed,2025-09-10
4816,4257,Auto Loan,622722.49,11.41,Active,2022-04-03
4817,3515,Personal Loan,212418.66,8.5,Active,2024-03-01
4818,2716,Education Loan,505171.08,10.24,Active,2023-05-30
4819,5198,Home Loan,542572.48,10.94,Active,2023-01-12
4820,8536,Personal Loan,376243.18,10.49,Active,2022-10-06
4821,3002,Home Loan,3337793.72,12.78,Active,2025-05-27
4822,6719,Home Loan,2187595.62,9.6,Active,2024-11-09
4823,5628,Education Loan,722520.86,8.93,Closed,2025-11-18
4824,9486,Personal Loan,358404.39,8.54,Closed,2022-02-09
4825,8689,Personal Loan,276802.8,9.16,Active,2025-08-26
4826,6149,Personal Loan,363395.29,8.09,Overdue,2025-06-05
4827,1931,Auto Loan,943817.57,8.34,Active,2023-10-08
4828,7529,Auto Loan,964977.73,13.7,Active,2025-06-18
4829,7075,Education Loan,656220.72,11.45,Overdue,2025-07-22
4830,5733,Education Loan,110965.45,10.52,Closed,2023-04-03
4831,4244,Home Loan,4591667.88,8.19,Closed,2024-11-26
4832,8144,Education Loan,617266.55,12.14,Active,2023-10-17
4833,9664,Auto Loan,1246780.08,13.87,Overdue,2023-12-25
4834,905,Personal Loan,256999.11,10.57,Active,2025-02-04
4835,7722,Auto Loan,318568.54,10.11,Closed,2023-05-22
4836,3546,Auto Loan,1099894.7,8.73,Active,2024-05-15
4837,2124,Personal Loan,119100.0,10.11,Active,2023-12-30
4838,8088,Education Loan,558226.91,7.32,Overdue,2022-09-14
4839,857,Education Loan,745864.02,12.27,Active,2025-09-29
4840,9280,Personal Loan,248043.14,12.99,Closed,2023-10-19
4841,1793,Auto Loan,601307.22,9.36,Active,2022-05-22
4842,8795,Home Loan,1570122.41,10.4,Active,2022-09-20
4843,4682,Home Loan,3818652.47,9.92,Active,2023-09-02
4844,3122,Home Loan,3824304.96,9.45,Closed,2023-01-17
4845,5592,Education Loan,272041.51,8.18,Active,2023-01-25
4846,9747,Education Loan,455135.03,6.41,Active,2022-08-16
4847,8921,Home Loan,2575901.51,9.38,Active,2025-12-11
4848,8470,Education Loan,547201.46,13.79,Active,2025-01-19
4849,8146,Auto Loan,542122.23,6.86,Active,2025-07-11
4850,3576,Home Loan,475275.68,9.81,Active,2023-03-14
4851,6677,Home Loan,3000477.6,8.74,Active,2023-08-09
4852,2257,Education Loan,471516.58,9.92,Active,2022-08-02
4853,9427,Auto Loan,1091102.73,10.6,Active,2022-06-22
4854,4635,Education Loan,150427.25,8.65,Active,2024-03-27
4855,452,Education Loan,336653.76,8.06,Closed,2024-11-22
4856,6339,Personal Loan,163513.55,10.92,Active,2023-09-11
4857,4433,Personal Loan,159858.53,8.95,Closed,2024-08-12
4858,780,Home Loan,1341353.06,12.21,Overdue,2024-02-27
4859,2847,Personal Loan,302338.99,14.04,Active,2023-01-17
4860,4733,Auto Loan,491807.71,11.85,Overdue,2024-05-11
4861,5788,Education Loan,378192.61,9.75,Active,2022-04-09
4862,9048,Education Loan,898832.59,11.31,Active,2023-08-16
4863,8576,Auto Loan,226236.06,13.4,Overdue,2025-03-02
4864,786,Education Loan,481906.89,10.87,Active,2025-05-08
4865,2740,Personal Loan,288238.76,10.9,Active,2024-01-07
4866,8498,Home Loan,1003883.89,14.63,Active,2023-11-28
4867,2623,Home Loan,2674192.57,10.4,Active,2024-04-12
4868,7791,Personal Loan,271034.57,10.09,Active,2025-08-08
4869,3956,Auto Loan,859288.46,12.99,Overdue,2023-07-18
4870,4408,Auto Loan,685802.5,10.23,Active,2025-05-02
4871,5971,Personal Loan,155163.49,6.94,Active,2025-10-15
4872,6890,Auto Loan,873436.78,13.32,Overdue,2022-05-27
4873,9464,Education Loan,656353.62,10.47,Active,2024-09-02
4874,2403,Education Loan,513141.54,6.1,Active,2024-05-10
4875,9536,Home Loan,2876858.17,13.38,Overdue,2023-01-15
4876,1312,Home Loan,2715321.54,12.24,Active,2022-04-06
4877,8087,Home Loan,4001072.14,10.98,Closed,2023-01-07
4878,8450,Home Loan,1411020.55,7.49,Overdue,2022-09-09
4879,4354,Education Loan,541508.46,11.64,Active,2025-12-18
4880,6282,Auto Loan,895462.34,10.6,Active,2022-03-30
4881,3481,Personal Loan,236572.14,7.78,Active,2025-03-22
4882,9367,Auto Loan,1344862.88,8.92,Overdue,2022-06-20
4883,9409,Personal Loan,399132.32,10.76,Closed,2023-06-21
4884,2409,Home Loan,952542.48,10.55,Active,2024-11-07
4885,2052,Auto Loan,1022553.98,10.78,Active,2025-06-03
4886,2472,Personal Loan,289575.85,10.32,Overdue,2024-08-24
4887,731,Education Loan,145324.74,10.71,Closed,2022-04-22
4888,2734,Home Loan,2564744.41,9.22,Overdue,2023-05-15
4889,1681,Home Loan,2810349.48,13.71,Active,2024-12-05
4890,5322,Auto Loan,857277.27,9.19,Active,2023-11-13
4891,8254,Auto Loan,702666.81,10.92,Active,2022-08-30
4892,2894,Personal Loan,272381.43,9.74,Active,2023-01-03
4893,1992,Home Loan,2061253.37,11.42,Overdue,2024-08-06
4894,9615,Auto Loan,707566.19,13.27,Active,2022-12-17
4895,6415,Personal Loan,248344.6,12.04,Active,2023-08-22
4896,9362,Education Loan,593979.77,8.07,Active,2023-03-11
4897,330,Education Loan,563506.62,11.68,Active,2022-08-09
4898,3816,Auto Loan,935547.55,13.25,Closed,2022-05-06
4899,7882,Personal Loan,327928.19,11.02,Active,2024-06-11
4900,8620,Home Loan,2605803.76,13.64,Overdue,2022-05-25
4901,2807,Auto Loan,741069.47,14.11,Closed,2023-08-15
4902,6582,Personal Loan,136398.96,11.83,Overdue,2023-05-20
4903,2526,Auto Loan,967124.39,10.0,Active,2022-05-14
4904,8325,Auto Loan,833926.52,9.5,Active,2024-01-29
4905,1697,Education Loan,546693.6,10.68,Overdue,2024-07-15
4906,8798,Personal Loan,160476.31,13.82,Active,2025-06-04
4907,5940,Education Loan,451883.23,10.5,Closed,2022-08-22
4908,3874,Education Loan,434941.78,10.21,Closed,2025-04-30
4909,2604,Auto Loan,769249.05,11.38,Overdue,2023-09-25
4910,7575,Home Loan,1353477.87,10.47,Closed,2022-01-26
4911,8667,Personal Loan,124404.66,10.43,Active,2022-01-11
4912,2359,Home Loan,3139319.68,11.54,Active,2023-05-07
4913,9268,Personal Loan,234126.81,13.13,Active,2024-05-18
4914,2476,Auto Loan,1334366.34,9.57,Active,2024-08-05
4915,9388,Personal Loan,238265.36,6.76,Active,2023-10-26
4916,5492,Personal Loan,203591.47,14.83,Active,2025-01-31
4917,8443,Personal Loan,173768.94,8.84,Overdue,2023-07-10
4918,9961,Home Loan,3280424.32,9.77,Overdue,2024-10-09
4919,1197,Home Loan,1015956.55,13.93,Closed,2023-08-23
4920,4721,Home Loan,2894941.36,11.99,Overdue,2022-03-16
4921,7754,Auto Loan,439497.51,8.55,Closed,2022-11-09
4922,3538,Home Loan,3919698.97,6.88,Active,2025-08-08
4923,4314,Home Loan,2415499.03,6.0,Active,2023-12-12
4924,3764,Education Loan,730239.75,10.98,Active,2025-05-19
4925,2157,Education Loan,627146.55,12.67,Closed,2023-02-23
4926,5394,Home Loan,1680917.16,9.57,Active,2022-01-18
4927,8071,Personal Loan,411211.01,8.71,Active,2025-04-12
4928,1053,Auto Loan,690042.55,11.91,Closed,2024-09-02
4929,8760,Personal Loan,344368.91,13.84,Active,2024-11-05
4930,223,Personal Loan,383614.02,13.25,Active,2025-01-12
4931,3003,Education Loan,456928.16,11.17,Closed,2022-06-23
4932,6737,Auto Loan,754670.31,10.92,Active,2025-04-09
4933,3244,Auto Loan,800301.3,10.25,Overdue,2024-06-15
4934,9546,Education Loan,432012.06,9.27,Closed,2023-12-04
4935,4617,Personal Loan,254385.43,10.37,Closed,2025-01-02
4936,9550,Auto Loan,797323.96,8.53,Active,2025-12-04
4937,8846,Auto Loan,1014023.98,7.6,Closed,2024-11-11
4938,2302,Home Loan,3080655.86,12.21,Active,2023-05-19
4939,2326,Auto Loan,858186.84,10.65,Active,2022-05-28
4940,9665,Education Loan,426368.74,11.24,Active,2023-08-25
4941,5032,Home Loan,2591413.66,9.02,Overdue,2022-07-16
4942,477,Home Loan,2206279.2,11.73,Active,2023-04-18
4943,8621,Auto Loan,666217.01,12.25,Active,2023-04-07
4944,905,Personal Loan,342680.64,11.45,Overdue,2024-06-22
4945,2857,Home Loan,2371922.8,8.5,Overdue,2025-07-03
4946,3944,Home Loan,3704785.34,7.37,Overdue,2022-05-09
4947,7802,Home Loan,2402925.13,10.82,Closed,2022-03-30
4948,6597,Education Loan,552177.45,12.31,Overdue,2023-08-20
4949,8865,Personal Loan,145814.73,6.79,Active,2023-05-18
4950,635,Auto Loan,795775.0,10.08,Active,2023-01-03
4951,5851,Home Loan,2033928.2,9.89,Active,2023-08-02
4952,5370,Home Loan,3306807.27,7.56,Active,2025-09-08
4953,8191,Personal Loan,119366.87,11.91,Closed,2024-09-10
4954,261,Auto Loan,801329.15,9.2,Overdue,2024-02-23
4955,8172,Auto Loan,834770.25,10.03,Active,2023-02-14
4956,4146,Personal Loan,218703.54,8.18,Active,2023-10-05
4957,4521,Home Loan,2715406.86,14.06,Active,2024-06-14
4958,8513,Education Loan,792515.31,12.73,Active,2024-05-21
4959,2021,Auto Loan,810004.7,9.64,Closed,2023-04-27
4960,813,Education Loan,847812.33,10.65,Active,2025-12-07
4961,5966,Personal Loan,268816.83,12.42,Active,2023-07-28
4962,8585,Personal Loan,354710.74,10.12,Active,2025-05-31
4963,9507,Education Loan,391594.48,8.79,Active,2023-09-30
4964,8029,Personal Loan,208147.06,9.92,Active,2025-01-12
4965,6454,Home Loan,2029965.81,9.28,Active,2023-08-28
4966,3533,Personal Loan,243707.45,9.98,Closed,2024-04-10
4967,5049,Home Loan,2771736.98,8.76,Active,2025-12-15
4968,6712,Home Loan,1164056.41,9.54,Closed,2022-11-01
4969,3988,Auto Loan,966010.63,12.86,Active,2022-03-14
4970,8909,Personal Loan,412064.75,9.8,Active,2025-06-14
4971,576,Home Loan,2042775.25,8.41,Active,2023-01-18
4972,8103,Personal Loan,361194.22,12.68,Closed,2024-10-25
4973,9782,Auto Loan,1198776.85,13.28,Active,2024-05-20
4974,6092,Education Loan,434366.03,10.96,Closed,2023-11-14
4975,6931,Auto Loan,437727.18,10.14,Closed,2022-02-20
4976,1341,Auto Loan,704409.62,11.08,Active,2023-07-15
4977,4126,Personal Loan,347914.04,13.2,Active,2025-05-17
4978,590,Personal Loan,316534.12,7.13,Active,2022-12-22
4979,2687,Home Loan,3149531.22,10.36,Overdue,2025-06-27
4980,3798,Home Loan,3140230.36,6.43,Active,2024-10-14
4981,9372,Home Loan,2893104.62,14.13,Overdue,2024-12-17
4982,56,Education Loan,431608.33,6.0,Overdue,2025-09-10
4983,7587,Auto Loan,896509.88,8.36,Active,2024-09-18
4984,3510,Education Loan,596870.97,10.62,Active,2022-02-14
4985,7265,Auto Loan,1019827.19,10.64,Closed,2025-08-17
4986,3716,Home Loan,1942419.7,12.45,Active,2024-06-12
4987,8575,Home Loan,2783962.01,10.52,Active,2024-10-16
4988,8974,Auto Loan,707201.13,11.83,Active,2024-05-16
4989,5075,Education Loan,532808.77,10.33,Closed,2023-02-25
4990,9599,Home Loan,2840642.95,10.93,Overdue,2025-07-18
4991,9611,Personal Loan,293688.47,7.36,Active,2022-06-23
4992,679,Home Loan,2190866.15,7.96,Active,2023-12-28
4993,7925,Auto Loan,367084.44,9.79,Active,2025-02-15
4994,1298,Education Loan,399664.67,14.27,Overdue,2024-02-23
4995,9080,Education Loan,639109.05,11.16,Active,2023-10-31
4996,9258,Home Loan,3271380.73,8.28,Active,2022-05-05
4997,5719,Personal Loan,76743.6,8.22,Closed,2023-11-13
4998,6591,Home Loan,2502770.39,12.78,Overdue,2022-08-23
4999,4475,Home Loan,1959440.24,9.34,Overdue,2024-02-16
5000,9180,Education Loan,529260.94,12.75,Active,2023-06-14
5001,7131,Auto Loan,467961.47,14.52,Active,2024-08-25
5002,7894,Home Loan,787815.47,13.51,Active,2025-11-15
5003,7555,Auto Loan,276116.86,11.06,Overdue,2022-09-25
5004,7532,Education Loan,421198.63,9.41,Closed,2024-12-11
5005,7312,Personal Loan,275353.65,12.77,Active,2024-07-27
5006,3124,Personal Loan,202585.05,13.83,Closed,2024-04-02
5007,7116,Education Loan,362670.99,9.59,Active,2023-11-21
5008,3394,Auto Loan,1183396.16,13.87,Active,2024-06-07
5009,9619,Home Loan,2777811.92,9.32,Active,2025-10-17
5010,7525,Personal Loan,303923.07,13.35,Overdue,2025-07-06
5011,3041,Home Loan,3739990.52,9.65,Active,2025-11-10
5012,2974,Auto Loan,864302.07,11.23,Overdue,2022-12-25
5013,6725,Home Loan,2642700.39,11.07,Closed,2022-01-27
5014,9410,Personal Loan,279067.54,12.77,Active,2023-02-11
5015,5355,Personal Loan,177326.49,14.7,Active,2023-05-21
5016,499,Education Loan,491563.68,10.85,Active,2022-10-05
5017,9692,Auto Loan,662697.02,6.5,Active,2025-05-16
5018,7812,Auto Loan,884728.19,10.2,Closed,2022-08-24
5019,7269,Auto Loan,368791.86,8.99,Active,2024-08-27
5020,2206,Personal Loan,347053.16,8.89,Active,2024-06-14
5021,288,Home Loan,2495290.13,6.22,Active,2025-04-17
5022,1504,Personal Loan,357073.55,9.11,Overdue,2024-02-11
5023,8597,Education Loan,344503.14,10.17,Active,2024-12-06
5024,2684,Personal Loan,183892.6,13.02,Closed,2024-11-07
5025,5115,Home Loan,3596550.85,11.75,Active,2022-12-07
5026,3543,Personal Loan,271688.76,11.81,Active,2023-01-01
5027,8342,Personal Loan,196513.73,9.63,Active,2023-07-24
5028,755,Personal Loan,209274.05,12.91,Active,2022-02-02
5029,8902,Education Loan,640616.85,13.23,Active,2025-05-03
5030,9614,Personal Loan,390239.79,8.91,Active,2023-12-11
5031,3481,Personal Loan,328780.05,9.99,Overdue,2023-06-12
5032,7463,Home Loan,4023071.88,7.33,Active,2024-05-08
5033,5326,Personal Loan,294290.53,8.52,Closed,2023-06-12
5034,8696,Education Loan,618123.89,7.56,Overdue,2025-12-30
5035,8754,Education Loan,682271.7,8.21,Overdue,2023-09-09
5036,5415,Education Loan,379479.93,8.61,Active,2022-03-24
5037,4336,Auto Loan,758262.6,11.96,Closed,2025-02-08
5038,9009,Auto Loan,173862.04,12.47,Active,2023-03-05
5039,3965,Home Loan,1682522.98,9.35,Active,2023-07-04
5040,3087,Personal Loan,286937.52,10.74,Active,2025-05-15
5041,5425,Auto Loan,744304.64,9.81,Active,2025-02-23
5042,2388,Personal Loan,172280.31,6.0,Active,2025-03-11
5043,618,Home Loan,3074409.81,8.55,Active,2022-04-04
5044,9550,Personal Loan,375018.28,7.43,Closed,2022-03-08
5045,5509,Auto Loan,1014660.46,8.53,Active,2024-08-18
5046,1260,Home Loan,1053440.53,10.84,Active,2024-07-08
5047,1152,Personal Loan,259637.87,8.74,Closed,2025-05-11
5048,6286,Education Loan,597480.98,6.26,Closed,2022-10-02
5049,7357,Auto Loan,85056.28,8.56,Closed,2024-01-24
5050,5720,Personal Loan,226934.95,9.26,Active,2024-08-04
5051,3827,Education Loan,246014.02,9.35,Active,2025-08-09
5052,197,Auto Loan,407980.08,11.84,Closed,2024-04-07
5053,9475,Home Loan,2513721.36,11.14,Active,2022-04-15
5054,5513,Home Loan,2254149.98,13.71,Active,2023-02-21
5055,3914,Personal Loan,363066.31,8.75,Active,2025-06-30
5056,3206,Personal Loan,157344.41,12.18,Overdue,2025-08-21
5057,3580,Personal Loan,355898.22,9.29,Overdue,2022-10-14
5058,5711,Auto Loan,462993.03,12.68,Active,2023-04-11
5059,3755,Education Loan,635525.56,9.85,Closed,2023-04-24
5060,4591,Education Loan,804360.21,9.14,Active,2023-11-24
5061,1865,Personal Loan,314741.21,13.75,Overdue,2023-09-14
5062,6390,Personal Loan,158992.44,7.8,Overdue,2024-07-03
5063,8933,Education Loan,657088.82,6.97,Closed,2025-03-26
5064,1235,Education Loan,476361.49,10.79,Active,2022-07-19
5065,6169,Education Loan,428062.17,8.31,Active,2025-01-12
5066,2030,Education Loan,579703.76,10.37,Active,2022-06-08
5067,6964,Education Loan,647325.88,7.82,Active,2022-02-08
5068,2366,Education Loan,295532.61,10.21,Active,2023-12-28
5069,6291,Personal Loan,303272.25,11.44,Active,2024-01-05
5070,7220,Personal Loan,200580.55,14.15,Active,2022-04-20
5071,2891,Auto Loan,934810.72,14.39,Active,2023-08-16
5072,1557,Personal Loan,252556.62,8.04,Overdue,2022-06-18
5073,2212,Auto Loan,914426.45,10.54,Active,2023-07-29
5074,4116,Personal Loan,260118.18,12.69,Active,2023-10-31
5075,4753,Auto Loan,381814.49,11.72,Closed,2025-06-02
5076,585,Home Loan,2795520.93,11.83,Overdue,2022-03-21
5077,8943,Auto Loan,823133.29,10.96,Active,2023-06-18
5078,7595,Education Loan,461456.25,11.15,Active,2025-05-16
5079,5747,Personal Loan,204911.94,7.61,Overdue,2023-03-27
5080,5502,Home Loan,3631901.25,9.49,Closed,2023-12-03
5081,6643,Auto Loan,594853.34,12.69,Closed,2022-07-12
5082,1711,Personal Loan,50000.0,6.91,Active,2023-03-19
5083,3829,Home Loan,3586080.12,10.26,Overdue,2025-02-17
5084,7924,Personal Loan,314615.18,13.42,Active,2024-06-16
5085,9370,Auto Loan,433076.9,10.59,Active,2023-06-03
5086,8179,Home Loan,884227.57,11.69,Closed,2024-02-08
5087,5026,Education Loan,604709.87,13.23,Overdue,2025-01-19
5088,8305,Auto Loan,886811.28,12.26,Closed,2022-07-13
5089,3888,Home Loan,2753341.11,15.56,Active,2022-09-27
5090,7727,Personal Loan,268546.99,9.96,Active,2025-12-04
5091,3452,Education Loan,804731.99,11.82,Active,2022-09-24
5092,2925,Auto Loan,674145.48,7.45,Active,2022-07-26
5093,1944,Personal Loan,97203.44,9.2,Active,2025-01-12
5094,6039,Personal Loan,220629.6,7.0,Overdue,2023-05-10
5095,9298,Personal Loan,184407.02,15.14,Active,2023-09-02
5096,3516,Auto Loan,273582.85,8.84,Active,2024-07-04
5097,3757,Auto Loan,516425.13,10.46,Active,2022-06-11
5098,2840,Education Loan,551920.48,10.6,Active,2025-11-01
5099,8141,Education Loan,337148.91,10.12,Closed,2025-07-19
5100,9812,Education Loan,584017.72,6.31,Active,2024-08-20
5101,7011,Auto Loan,965620.16,9.02,Active,2023-04-26
5102,3531,Personal Loan,337786.28,10.81,Overdue,2022-11-22
5103,5657,Personal Loan,196031.45,9.7,Closed,2025-08-01
5104,51,Education Loan,724639.82,9.51,Overdue,2023-02-06
5105,3251,Personal Loan,253746.31,9.5,Active,2024-10-26
5106,3503,Personal Loan,230766.33,9.04,Active,2024-06-11
5107,7145,Education Loan,629186.31,11.6,Overdue,2024-10-16
5108,1184,Education Loan,347905.26,10.24,Closed,2023-03-06
5109,3468,Education Loan,607800.36,9.48,Active,2022-11-26
5110,6864,Personal Loan,287870.8,12.79,Active,2023-03-17
5111,6621,Home Loan,4197929.37,9.35,Closed,2022-03-29
5112,8120,Home Loan,2323894.88,10.37,Active,2022-04-20
5113,5428,Auto Loan,532592.1,12.34,Closed,2023-10-11
5114,3193,Home Loan,1215978.43,9.79,Active,2025-11-19
5115,215,Home Loan,1219057.02,10.51,Active,2023-02-21
5116,4829,Auto Loan,351508.37,14.04,Closed,2023-12-25
5117,7452,Personal Loan,302635.62,7.74,Active,2023-10-25
5118,7833,Home Loan,3676975.99,12.53,Active,2024-07-02
5119,4400,Personal Loan,182143.91,11.3,Active,2023-04-30
5120,5262,Education Loan,205530.86,9.59,Active,2025-05-09
5121,9682,Education Loan,277553.36,8.85,Active,2022-01-18
5122,7628,Personal Loan,331234.47,9.41,Active,2024-02-21
5123,4319,Personal Loan,378869.95,9.01,Active,2022-06-18
5124,5503,Education Loan,634321.23,9.51,Active,2022-03-01
5125,7548,Home Loan,1824668.62,9.37,Active,2025-08-09
5126,6765,Home Loan,2303024.87,6.46,Active,2023-04-26
5127,9871,Education Loan,483243.85,12.39,Active,2023-03-16
5128,6106,Education Loan,379622.52,10.69,Active,2023-06-28
5129,3322,Personal Loan,242629.05,8.44,Overdue,2025-04-08
5130,2720,Auto Loan,758950.59,10.0,Active,2022-09-06
5131,701,Home Loan,3887541.86,11.86,Active,2025-01-17
5132,5813,Auto Loan,942110.74,13.06,Overdue,2023-04-17
5133,6149,Home Loan,2102548.25,12.09,Overdue,2024-01-16
5134,6778,Education Loan,294883.7,12.73,Overdue,2024-06-08
5135,1299,Home Loan,3213342.79,9.16,Active,2023-01-02
5136,6620,Education Loan,770005.58,10.28,Active,2023-07-06
5137,4618,Auto Loan,972109.76,12.01,Closed,2023-12-04
5138,5649,Home Loan,2448473.34,12.31,Closed,2022-09-04
5139,8671,Education Loan,796726.72,11.2,Closed,2023-05-21
5140,5985,Education Loan,538811.8,11.07,Overdue,2023-03-26
5141,7234,Education Loan,489601.36,11.68,Active,2023-03-05
5142,8973,Education Loan,558280.51,9.47,Overdue,2023-08-08
5143,8765,Home Loan,2510761.69,10.15,Closed,2023-11-05
5144,1850,Auto Loan,410500.79,14.83,Active,2023-04-10
5145,818,Auto Loan,761550.36,11.35,Active,2025-02-16
5146,3579,Home Loan,1885832.99,9.71,Overdue,2022-11-25
5147,4791,Education Loan,288106.85,7.65,Active,2022-08-26
5148,9792,Home Loan,2619124.36,12.11,Active,2023-11-14
5149,307,Personal Loan,357919.09,8.87,Active,2023-09-09
5150,6282,Education Loan,674584.43,11.21,Active,2022-03-07
5151,1904,Auto Loan,631892.05,6.94,Active,2024-12-04
5152,4417,Home Loan,2863154.4,9.82,Active,2024-09-16
5153,7340,Home Loan,1653410.54,9.39,Closed,2025-12-10
5154,5813,Home Loan,1347147.04,15.12,Active,2024-06-03
5155,1383,Education Loan,207833.21,9.0,Active,2023-04-26
5156,6781,Personal Loan,247276.05,11.99,Closed,2023-04-09
5157,2167,Education Loan,624869.03,12.27,Active,2022-06-22
5158,9873,Auto Loan,991442.62,10.02,Closed,2024-11-05
5159,4811,Personal Loan,315163.04,9.14,Active,2022-05-02
5160,7986,Education Loan,453683.42,13.13,Overdue,2022-04-26
5161,7487,Personal Loan,323745.39,10.98,Active,2023-05-22
5162,1801,Home Loan,3390737.35,9.03,Active,2025-03-12
5163,448,Home Loan,779812.48,13.59,Closed,2025-08-31
5164,8488,Personal Loan,299767.03,11.64,Overdue,2023-04-30
5165,7634,Home Loan,3425008.43,10.93,Overdue,2022-11-05
5166,1611,Personal Loan,489377.77,11.16,Active,2024-08-31
5167,9522,Auto Loan,463246.01,10.23,Active,2022-02-13
5168,3530,Personal Loan,275067.69,8.01,Active,2022-06-14
5169,3508,Education Loan,498486.61,7.7,Active,2025-03-24
5170,2952,Home Loan,3252652.55,10.0,Active,2024-11-07
5171,3078,Home Loan,2749686.74,14.86,Active,2024-02-13
5172,3706,Personal Loan,204702.73,6.7,Overdue,2022-08-11
5173,6696,Personal Loan,124883.23,8.72,Overdue,2022-12-09
5174,7689,Auto Loan,603988.43,10.48,Closed,2023-09-07
5175,2317,Education Loan,505085.7,12.64,Active,2023-11-17
5176,8244,Education Loan,360848.42,13.9,Active,2022-10-05
5177,479,Education Loan,304217.61,11.96,Overdue,2025-12-15
5178,4871,Personal Loan,201062.44,11.44,Overdue,2025-01-11
5179,2467,Auto Loan,1202500.77,11.06,Overdue,2025-04-09
5180,488,Home Loan,2774471.1,8.36,Active,2024-12-10
5181,5023,Home Loan,3756030.06,9.08,Overdue,2024-03-03
5182,5407,Education Loan,791669.77,11.82,Active,2025-06-02
5183,2612,Auto Loan,714446.47,12.28,Active,2025-12-02
5184,2038,Home Loan,4116996.79,6.0,Active,2023-11-06
5185,6660,Home Loan,2143164.53,13.33,Active,2024-08-27
5186,7573,Auto Loan,708703.67,10.29,Active,2022-03-22
5187,423,Personal Loan,176560.12,10.23,Active,2023-09-04
5188,7271,Personal Loan,411056.65,12.42,Closed,2022-06-03
5189,740,Home Loan,2503809.51,10.6,Active,2025-01-24
5190,1871,Education Loan,460388.41,9.19,Closed,2025-07-02
5191,3532,Home Loan,2403216.24,11.9,Closed,2022-09-19
5192,1647,Personal Loan,344348.18,6.68,Active,2022-06-26
5193,945,Education Loan,540192.52,9.27,Active,2023-04-20
5194,2265,Personal Loan,201460.44,8.96,Active,2022-11-08
5195,9001,Personal Loan,273742.07,13.26,Overdue,2022-05-21
5196,9108,Auto Loan,615035.92,10.24,Active,2025-06-30
5197,6686,Education Loan,379360.14,7.43,Active,2022-11-13
5198,454,Education Loan,653477.19,12.05,Closed,2023-05-26
5199,1021,Auto Loan,586687.95,10.09,Active,2025-07-14
5200,4609,Home Loan,2910845.01,9.89,Closed,2024-12-08
5201,5358,Education Loan,260774.05,7.58,Active,2024-08-20
5202,1453,Auto Loan,807982.87,9.14,Active,2024-07-25
5203,9664,Auto Loan,904852.72,14.06,Active,2025-04-27
5204,2369,Education Loan,408104.77,12.8,Active,2024-10-12
5205,7853,Personal Loan,237664.93,7.67,Active,2022-05-06
5206,5452,Personal Loan,191292.81,9.63,Closed,2024-07-05
5207,1389,Personal Loan,323770.96,11.02,Overdue,2022-12-23
5208,5898,Personal Loan,327230.94,6.28,Overdue,2025-03-06
5209,7937,Personal Loan,301751.34,13.36,Active,2022-04-04
5210,2539,Education Loan,575582.88,12.33,Active,2024-08-05
5211,1599,Auto Loan,709239.77,10.89,Active,2023-01-27
5212,4294,Home Loan,1505707.25,8.58,Active,2022-02-24
5213,7797,Auto Loan,726934.65,9.15,Closed,2024-05-24
5214,8831,Home Loan,2949357.11,11.01,Active,2022-02-14
5215,3731,Education Loan,754332.82,12.32,Active,2023-11-05
5216,132,Auto Loan,407014.11,9.9,Closed,2023-09-17
5217,1098,Auto Loan,805329.18,8.63,Closed,2024-08-27
5218,7738,Education Loan,390917.34,11.36,Active,2024-04-04
5219,3234,Auto Loan,352981.23,12.14,Closed,2025-06-28
5220,67,Auto Loan,556335.79,8.72,Active,2025-01-14
5221,8564,Personal Loan,436342.44,6.3,Overdue,2023-03-17
5222,439,Education Loan,473048.81,10.29,Active,2024-07-15
5223,9592,Home Loan,2036733.92,10.42,Active,2022-05-01
5224,6060,Auto Loan,178968.7,12.67,Active,2023-10-22
5225,9153,Education Loan,481966.1,6.82,Active,2023-03-04
5226,9883,Personal Loan,225692.95,8.94,Active,2025-10-19
5227,5806,Home Loan,1199516.87,8.49,Active,2023-05-11
5228,7988,Personal Loan,311552.4,7.95,Active,2024-05-20
5229,2936,Personal Loan,319458.03,12.97,Closed,2022-01-31
5230,8162,Auto Loan,798197.65,9.86,Active,2023-08-06
5231,9092,Personal Loan,50000.0,9.1,Active,2022-11-17
5232,264,Education Loan,328288.67,9.66,Closed,2024-10-06
5233,7894,Auto Loan,755241.44,12.49,Active,2023-10-29
5234,6821,Personal Loan,247193.03,8.81,Overdue,2024-03-05
5235,3883,Auto Loan,402900.17,7.61,Active,2023-02-03
5236,3392,Auto Loan,711295.79,8.76,Active,2023-08-18
5237,1478,Education Loan,346499.45,10.35,Active,2025-07-17
5238,6091,Auto Loan,914734.08,13.96,Active,2022-04-07
5239,2926,Education Loan,600394.61,11.37,Closed,2022-07-29
5240,7760,Education Loan,724833.58,11.21,Active,2024-03-22
5241,466,Personal Loan,267892.85,8.72,Active,2022-07-24
5242,6961,Home Loan,3564186.09,9.01,Active,2024-07-25
5243,4046,Auto Loan,855148.7,13.25,Active,2022-03-31
5244,7712,Education Loan,603053.03,7.31,Active,2023-05-20
5245,907,Education Loan,606630.88,12.74,Active,2024-06-14
5246,8498,Personal Loan,237759.06,13.92,Closed,2024-08-21
5247,1039,Auto Loan,1211074.65,9.98,Active,2025-02-01
5248,5125,Personal Loan,224026.35,7.8,Overdue,2022-05-21
5249,9219,Education Loan,579712.19,7.91,Active,2022-09-02
5250,29,Home Loan,1597247.29,11.58,Active,2024-05-01
5251,6007,Personal Loan,245834.8,8.27,Overdue,2024-06-25
5252,6405,Home Loan,1472583.25,12.36,Active,2024-12-10
5253,2623,Auto Loan,634975.83,10.43,Closed,2025-10-18
5254,4147,Home Loan,1762499.49,9.76,Active,2022-01-23
5255,6269,Education Loan,437440.08,8.19,Active,2024-09-25
5256,9151,Auto Loan,921612.68,12.37,Active,2025-09-23
5257,9774,Education Loan,637632.48,14.26,Active,2025-07-04
5258,4501,Education Loan,696443.71,10.99,Closed,2022-09-08
5259,6238,Personal Loan,309514.7,11.55,Active,2023-03-26
5260,7298,Education Loan,288402.69,9.07,Active,2025-02-05
5261,2469,Home Loan,2657404.19,10.63,Active,2024-01-13
5262,9952,Auto Loan,860463.91,11.97,Active,2025-07-17
5263,4845,Auto Loan,673744.62,12.07,Active,2022-04-19
5264,3410,Personal Loan,235332.77,11.78,Closed,2023-08-30
5265,8968,Auto Loan,435845.84,11.0,Active,2023-10-10
5266,4,Personal Loan,136547.1,10.15,Closed,2024-11-03
5267,1475,Personal Loan,109293.54,9.84,Closed,2023-03-14
5268,4366,Education Loan,475687.89,8.31,Active,2024-12-15
5269,6242,Home Loan,4278087.0,14.56,Closed,2025-12-01
5270,6128,Education Loan,615971.22,11.81,Active,2024-12-07
5271,4028,Home Loan,2348998.92,11.44,Closed,2023-10-22
5272,5984,Personal Loan,100084.85,11.88,Active,2024-10-27
5273,5696,Home Loan,2774500.27,12.93,Active,2022-07-01
5274,188,Auto Loan,1222176.64,9.96,Active,2025-12-08
5275,9290,Personal Loan,200148.17,12.64,Overdue,2025-12-08
5276,7220,Auto Loan,628243.79,9.81,Active,2024-12-20
5277,1434,Education Loan,574703.51,10.79,Active,2025-06-27
5278,7042,Auto Loan,259737.1,7.01,Active,2022-03-18
5279,1667,Personal Loan,247092.25,10.84,Active,2023-10-28
5280,8084,Education Loan,901515.8,10.65,Overdue,2024-03-09
5281,1272,Home Loan,3105345.02,10.5,Active,2023-03-28
5282,637,Auto Loan,1022975.07,9.46,Closed,2022-09-25
5283,6906,Education Loan,298745.79,10.14,Active,2023-05-07
5284,7868,Personal Loan,258717.19,9.85,Active,2024-07-17
5285,7794,Home Loan,3808667.75,8.63,Closed,2023-02-01
5286,4719,Auto Loan,542768.88,9.18,Overdue,2024-12-23
5287,3033,Home Loan,3332461.32,9.27,Closed,2023-06-27
5288,1735,Auto Loan,742640.97,10.28,Active,2025-07-05
5289,6266,Education Loan,480191.44,11.6,Active,2024-07-15
5290,8039,Auto Loan,758021.05,6.5,Active,2024-10-28
5291,1567,Personal Loan,198366.92,10.02,Active,2022-11-29
5292,8916,Auto Loan,1074237.04,10.29,Closed,2024-08-07
5293,4273,Education Loan,688528.06,14.88,Active,2025-11-04
5294,7202,Auto Loan,927494.94,8.4,Overdue,2025-06-05
5295,3539,Personal Loan,300635.28,12.81,Active,2024-10-30
5296,9763,Home Loan,2990282.79,11.57,Active,2023-11-28
5297,4932,Education Loan,495097.54,13.13,Overdue,2023-04-04
5298,1834,Auto Loan,538952.67,9.94,Active,2024-04-04
5299,1441,Education Loan,404271.84,11.95,Overdue,2024-04-03
5300,469,Auto Loan,739713.7,11.03,Overdue,2023-05-03
5301,7869,Home Loan,1038462.27,8.44,Active,2024-01-08
5302,9845,Home Loan,2424413.75,15.45,Closed,2022-06-15
5303,3635,Education Loan,331484.01,12.54,Overdue,2023-12-26
5304,8022,Personal Loan,349012.6,14.25,Active,2022-08-12
5305,8759,Home Loan,2164396.75,13.05,Overdue,2022-06-18
5306,8902,Education Loan,634368.16,15.07,Active,2025-07-20
5307,6768,Auto Loan,432938.54,11.83,Active,2025-03-25
5308,5969,Home Loan,2488204.81,12.06,Active,2022-07-15
5309,2770,Personal Loan,411789.82,7.62,Closed,2022-05-09
5310,4531,Home Loan,2830757.67,11.16,Closed,2023-07-16
5311,5973,Education Loan,648704.32,13.39,Active,2025-04-04
5312,6684,Auto Loan,719054.76,9.6,Closed,2022-10-14
5313,6375,Education Loan,371672.05,10.57,Closed,2024-10-13
5314,7704,Education Loan,330204.7,10.22,Closed,2025-01-30
5315,5317,Auto Loan,516386.07,11.12,Active,2025-09-02
5316,8286,Auto Loan,304024.51,12.14,Active,2024-07-24
5317,1597,Home Loan,1861758.1,10.66,Active,2024-09-18
5318,8656,Home Loan,1372217.93,8.92,Active,2022-03-06
5319,9848,Home Loan,3324469.84,7.43,Active,2022-01-18
5320,252,Education Loan,303603.69,11.61,Active,2022-07-01
5321,486,Home Loan,1858204.97,9.49,Active,2022-12-16
5322,2680,Education Loan,346587.68,14.01,Active,2024-01-09
5323,735,Personal Loan,189828.08,15.07,Active,2024-06-24
5324,5800,Home Loan,755630.14,10.15,Active,2025-11-24
5325,7261,Home Loan,1997407.88,8.38,Closed,2024-01-23
5326,9072,Auto Loan,705198.36,8.98,Active,2025-01-31
5327,3962,Home Loan,2052250.15,9.02,Overdue,2024-05-15
5328,7433,Home Loan,1683162.55,10.45,Active,2022-08-11
5329,1097,Education Loan,284326.77,9.66,Closed,2024-07-12
5330,8976,Personal Loan,336503.75,10.53,Active,2023-02-01
5331,8700,Personal Loan,207959.3,13.41,Active,2024-02-19
5332,7389,Personal Loan,273439.54,11.36,Active,2024-03-08
5333,8030,Auto Loan,886255.5,9.65,Overdue,2022-01-03
5334,1460,Auto Loan,465732.33,6.72,Active,2025-06-29
5335,1894,Auto Loan,658206.31,10.18,Overdue,2022-06-07
5336,6536,Personal Loan,195335.52,13.49,Overdue,2023-07-20
5337,618,Personal Loan,111189.41,13.94,Active,2024-06-21
5338,3441,Education Loan,404039.26,9.52,Active,2022-07-07
5339,2070,Auto Loan,480589.11,10.71,Closed,2024-01-24
5340,3964,Auto Loan,1238965.14,12.27,Closed,2022-09-25
5341,4257,Home Loan,1402829.33,9.84,Active,2025-08-14
5342,4864,Education Loan,742339.86,9.19,Active,2025-04-21
5343,8013,Auto Loan,951655.53,6.55,Closed,2022-06-06
5344,9390,Auto Loan,130988.01,7.32,Closed,2024-09-14
5345,5083,Personal Loan,245210.93,8.25,Overdue,2024-06-22
5346,7615,Auto Loan,514371.7,12.02,Active,2025-07-29
5347,8775,Personal Loan,133579.63,9.03,Closed,2025-12-13
5348,3347,Auto Loan,252244.23,11.71,Active,2024-03-07
5349,7376,Home Loan,2208454.6,6.92,Closed,2024-07-17
5350,2489,Education Loan,689403.36,10.67,Active,2024-06-21
5351,5285,Home Loan,2266156.21,13.99,Active,2025-11-16
5352,2783,Auto Loan,458307.76,10.33,Active,2025-02-07
5353,8863,Personal Loan,248911.03,8.52,Active,2024-01-22
5354,691,Auto Loan,1020404.89,11.19,Active,2024-08-23
5355,2681,Personal Loan,360413.53,14.49,Active,2024-10-16
5356,7355,Education Loan,480590.2,9.98,Closed,2023-04-10
5357,7230,Home Loan,2161153.69,14.37,Active,2025-10-30
5358,4231,Personal Loan,280112.76,10.34,Active,2023-01-17
5359,2871,Personal Loan,269235.94,11.97,Active,2025-10-19
5360,805,Personal Loan,135319.45,10.75,Active,2024-10-27
5361,9616,Home Loan,1067822.91,10.97,Active,2024-12-08
5362,6017,Personal Loan,134135.45,6.37,Active,2025-11-19
5363,5791,Auto Loan,888997.43,12.05,Active,2022-01-25
5364,9405,Auto Loan,724100.83,9.97,Active,2025-02-21
5365,7229,Home Loan,2273136.47,12.12,Active,2024-09-26
5366,3787,Personal Loan,349909.34,12.88,Active,2024-10-02
5367,3403,Home Loan,3341634.96,10.87,Active,2022-02-21
5368,4718,Education Loan,315529.65,12.56,Active,2024-10-04
5369,7879,Personal Loan,162391.65,10.45,Active,2024-07-26
5370,1962,Auto Loan,435904.69,13.64,Active,2025-10-13
5371,2280,Education Loan,668218.58,8.48,Active,2024-12-13
5372,5015,Auto Loan,529590.35,8.52,Active,2024-11-27
5373,6560,Auto Loan,331001.03,11.78,Overdue,2022-01-05
5374,1364,Education Loan,627990.7,9.95,Closed,2023-03-10
5375,5294,Education Loan,332753.54,11.04,Closed,2023-03-17
5376,3698,Personal Loan,351053.62,12.93,Active,2023-12-07
5377,8542,Auto Loan,449492.36,8.27,Overdue,2022-07-01
5378,8658,Auto Loan,776528.45,13.23,Active,2025-10-11
5379,8044,Home Loan,1215293.79,8.8,Closed,2024-08-24
5380,9605,Personal Loan,273829.26,8.31,Active,2023-01-10
5381,6965,Home Loan,744614.81,7.9,Active,2023-08-29
5382,104,Home Loan,3480398.96,10.53,Active,2023-12-19
5383,8710,Auto Loan,734599.8,11.78,Overdue,2022-02-27
5384,5297,Personal Loan,106717.86,14.82,Active,2022-01-22
5385,12,Education Loan,475427.79,9.11,Closed,2024-09-17
5386,1447,Home Loan,3986144.91,12.9,Active,2022-07-11
5387,2009,Home Loan,3829659.51,10.18,Overdue,2023-09-25
5388,8107,Auto Loan,704670.09,6.65,Active,2023-05-28
5389,917,Auto Loan,566764.78,12.72,Active,2025-12-29
5390,5930,Auto Loan,682947.62,12.25,Active,2025-06-11
5391,2672,Education Loan,385945.61,9.87,Overdue,2025-09-11
5392,3176,Personal Loan,391367.14,12.16,Overdue,2023-02-05
5393,4986,Auto Loan,679179.07,11.89,Active,2022-11-14
5394,4274,Education Loan,217080.52,13.02,Active,2024-03-24
5395,7848,Education Loan,505710.24,11.52,Active,2024-11-18
5396,9481,Personal Loan,430207.19,7.58,Active,2023-09-03
5397,6958,Auto Loan,734766.54,8.17,Active,2025-12-21
5398,3263,Auto Loan,1064042.49,12.62,Active,2022-02-21
5399,5153,Education Loan,455676.68,11.06,Active,2022-10-11
5400,9887,Education Loan,423084.01,8.86,Overdue,2024-11-24
5401,6432,Personal Loan,204243.96,10.39,Active,2024-10-16
5402,5605,Personal Loan,406349.51,10.75,Overdue,2023-07-09
5403,6110,Auto Loan,911902.45,8.1,Active,2025-09-30
5404,8619,Education Loan,50000.0,9.54,Active,2022-03-09
5405,8799,Home Loan,1983162.83,11.91,Active,2023-02-21
5406,9004,Education Loan,434984.1,9.12,Active,2024-02-19
5407,9358,Education Loan,719016.55,10.36,Closed,2025-11-29
5408,2101,Education Loan,173353.46,7.54,Overdue,2022-01-11
5409,7352,Personal Loan,284958.45,9.34,Active,2023-08-15
5410,224,Personal Loan,177121.19,15.1,Closed,2025-12-04
5411,727,Personal Loan,241618.26,12.4,Active,2025-12-24
5412,2352,Personal Loan,279255.87,6.0,Closed,2025-08-09
5413,1152,Education Loan,451903.16,11.74,Active,2023-02-06
5414,7561,Home Loan,1267076.66,11.61,Active,2024-09-14
5415,2958,Education Loan,428374.3,10.72,Active,2022-05-22
5416,566,Education Loan,527709.44,8.94,Closed,2025-02-09
5417,9485,Home Loan,2834062.72,12.0,Active,2023-10-09
5418,7744,Home Loan,2565190.56,13.37,Closed,2024-08-15
5419,9013,Home Loan,2660526.54,7.42,Overdue,2022-09-08
5420,2138,Personal Loan,217604.44,7.2,Active,2023-03-02
5421,411,Auto Loan,652616.76,14.42,Active,2022-03-06
5422,1962,Education Loan,491911.34,8.29,Overdue,2025-10-11
5423,4000,Auto Loan,1079021.11,13.2,Active,2024-02-17
5424,9304,Auto Loan,573295.7,10.99,Active,2023-06-15
5425,297,Personal Loan,337797.62,7.96,Active,2025-08-13
5426,2409,Education Loan,519187.9,9.16,Active,2025-03-26
5427,1150,Home Loan,2042022.16,8.27,Active,2024-05-06
5428,9424,Personal Loan,269627.56,12.05,Closed,2025-08-04
5429,9839,Home Loan,3224164.61,6.86,Closed,2025-06-08
5430,8153,Auto Loan,1118135.41,13.06,Active,2023-04-27
5431,353,Home Loan,2792790.49,11.91,Closed,2023-09-15
5432,8909,Education Loan,689039.53,11.61,Closed,2022-05-08
5433,5219,Education Loan,549376.22,13.62,Active,2025-11-10
5434,9664,Home Loan,2966809.01,7.24,Active,2023-02-09
5435,1171,Education Loan,583319.5,10.29,Active,2024-02-24
5436,818,Auto Loan,307361.17,10.14,Active,2024-06-19
5437,812,Personal Loan,246171.61,9.58,Active,2024-02-26
5438,4634,Personal Loan,249618.88,6.0,Overdue,2024-11-13
5439,3247,Auto Loan,741346.17,7.77,Active,2023-12-17
5440,295,Home Loan,2010751.24,11.24,Active,2023-08-12
5441,4779,Personal Loan,272677.27,8.81,Active,2024-09-27
5442,8225,Home Loan,2977688.49,13.65,Active,2023-01-03
5443,9285,Education Loan,363599.33,9.38,Closed,2022-08-13
5444,8256,Auto Loan,578768.05,6.28,Closed,2024-05-03
5445,3388,Home Loan,2295059.63,13.37,Active,2023-04-15
5446,6755,Education Loan,381623.14,9.95,Active,2022-07-31
5447,5974,Home Loan,3189606.1,11.16,Overdue,2022-03-01
5448,6088,Auto Loan,249162.25,14.89,Active,2022-12-30
5449,1253,Personal Loan,222621.95,11.45,Active,2023-03-28
5450,265,Auto Loan,706573.37,13.83,Active,2023-06-04
5451,6781,Personal Loan,262802.84,12.47,Active,2025-01-11
5452,1604,Education Loan,743025.64,8.73,Closed,2024-11-17
5453,4134,Home Loan,2922470.95,9.41,Overdue,2023-10-23
5454,5772,Personal Loan,317307.23,11.57,Active,2024-08-27
5455,444,Home Loan,2251199.98,11.19,Active,2023-06-17
5456,3329,Auto Loan,789548.78,12.12,Active,2025-09-10
5457,6870,Personal Loan,237213.78,10.52,Overdue,2025-12-12
5458,6109,Education Loan,589283.92,9.72,Closed,2025-05-24
5459,9672,Personal Loan,137482.73,9.18,Active,2023-12-31
5460,1759,Personal Loan,288018.04,8.47,Active,2024-10-01
5461,8979,Personal Loan,364611.03,12.58,Closed,2022-06-23
5462,1033,Personal Loan,305493.47,11.87,Active,2025-08-03
5463,4955,Auto Loan,640326.96,11.79,Closed,2023-08-01
5464,5698,Education Loan,634296.03,9.33,Active,2022-10-25
5465,1337,Education Loan,322230.16,7.4,Active,2024-04-23
5466,15,Personal Loan,300744.62,11.96,Active,2024-05-04
5467,2114,Auto Loan,986407.53,10.08,Active,2024-09-21
5468,3247,Education Loan,482553.45,10.81,Closed,2024-04-12
5469,7698,Personal Loan,188309.89,11.4,Active,2022-08-04
5470,9314,Auto Loan,446401.92,11.88,Active,2023-10-21
5471,5631,Auto Loan,600336.05,10.83,Active,2024-04-16
5472,6402,Auto Loan,511614.96,12.79,Active,2025-06-03
5473,2101,Education Loan,306992.94,10.75,Active,2023-11-04
5474,6933,Personal Loan,300905.45,9.59,Active,2023-12-30
5475,9125,Personal Loan,343071.47,13.77,Active,2024-09-27
5476,8161,Education Loan,292218.72,8.51,Closed,2024-08-12
5477,101,Education Loan,546215.03,8.46,Overdue,2023-08-02
5478,5756,Personal Loan,247100.73,12.96,Closed,2022-11-24
5479,8516,Education Loan,411525.09,10.66,Overdue,2023-02-12
5480,5404,Auto Loan,570755.93,11.39,Closed,2024-05-17
5481,5706,Personal Loan,269330.94,9.1,Closed,2025-10-27
5482,1633,Home Loan,3352576.92,11.47,Closed,2024-07-25
5483,5342,Auto Loan,721405.69,10.02,Active,2023-10-14
5484,8137,Education Loan,624107.37,8.87,Active,2025-08-12
5485,3113,Personal Loan,286917.88,11.32,Active,2023-03-10
5486,2509,Education Loan,335269.53,11.35,Active,2022-03-17
5487,7680,Auto Loan,648652.11,8.0,Active,2025-05-25
5488,9307,Personal Loan,133320.9,6.3,Overdue,2024-12-22
5489,7506,Auto Loan,817822.85,11.11,Closed,2025-11-30
5490,4888,Auto Loan,949491.57,8.52,Overdue,2024-02-12
5491,3042,Education Loan,650240.33,8.86,Closed,2024-08-12
5492,4698,Home Loan,2199584.98,9.91,Closed,2025-05-06
5493,441,Home Loan,2814980.73,10.87,Active,2024-03-27
5494,1207,Personal Loan,378200.12,11.23,Overdue,2024-12-21
5495,3636,Education Loan,690977.78,9.95,Active,2025-12-30
5496,7400,Home Loan,1497920.91,9.8,Closed,2024-04-05
5497,273,Auto Loan,683406.99,13.74,Overdue,2024-03-29
5498,612,Personal Loan,240067.28,10.44,Closed,2025-06-06
5499,182,Auto Loan,587911.43,9.89,Overdue,2024-12-13
5500,7887,Personal Loan,181858.87,8.81,Active,2024-02-12
5501,4743,Auto Loan,501268.74,8.66,Active,2024-12-22
5502,6210,Education Loan,89262.68,10.39,Overdue,2024-02-17
5503,2691,Auto Loan,895114.87,7.2,Active,2025-02-20
5504,6993,Auto Loan,502371.02,8.04,Active,2023-01-22
5505,1723,Education Loan,104553.64,11.59,Active,2025-01-30
5506,4974,Home Loan,2406856.12,13.59,Active,2025-04-29
5507,7784,Personal Loan,349836.85,10.2,Overdue,2022-04-02
5508,5301,Personal Loan,162517.09,10.0,Closed,2022-01-08
5509,8015,Auto Loan,901625.06,9.03,Active,2023-05-13
5510,5620,Personal Loan,286550.1,11.5,Active,2022-07-20
5511,7940,Auto Loan,819907.66,10.01,Active,2022-11-13
5512,6439,Education Loan,376481.14,9.77,Active,2023-11-18
5513,5547,Personal Loan,249669.62,15.51,Active,2022-12-23
5514,7574,Home Loan,4346745.22,15.24,Closed,2025-02-10
5515,1106,Home Loan,2906407.11,12.72,Active,2023-01-06
5516,5610,Education Loan,501510.88,10.78,Overdue,2022-09-04
5517,7248,Personal Loan,225214.64,6.0,Active,2023-02-25
5518,9177,Auto Loan,830491.6,11.65,Overdue,2024-08-14
5519,315,Education Loan,719585.98,8.26,Closed,2022-04-21
5520,9558,Home Loan,1404936.14,8.8,Active,2024-09-13
5521,7922,Auto Loan,816013.95,11.71,Overdue,2023-09-15
5522,3067,Auto Loan,850443.57,11.44,Active,2023-06-13
5523,4315,Home Loan,2786102.7,12.33,Overdue,2024-02-23
5524,8510,Personal Loan,336496.36,13.08,Overdue,2025-05-15
5525,257,Auto Loan,860187.47,6.23,Closed,2023-11-08
5526,1227,Education Loan,374298.59,9.27,Overdue,2025-02-08
5527,1451,Personal Loan,262532.9,9.37,Active,2023-06-23
5528,8480,Home Loan,1789634.34,9.49,Active,2024-03-02
5529,7614,Home Loan,3424745.41,11.81,Active,2025-06-15
5530,8398,Home Loan,2562772.36,9.7,Closed,2023-06-19
5531,2703,Auto Loan,1170039.4,10.52,Active,2022-08-12
5532,466,Education Loan,560421.75,7.66,Overdue,2024-01-26
5533,7690,Home Loan,1716306.71,12.88,Closed,2025-05-12
5534,2678,Personal Loan,80494.45,12.09,Closed,2023-12-21
5535,9648,Personal Loan,436481.61,10.45,Active,2025-08-24
5536,6102,Education Loan,363570.55,10.61,Active,2022-10-13
5537,2424,Personal Loan,75578.13,11.52,Overdue,2024-12-16
5538,1477,Home Loan,2086757.97,10.56,Closed,2023-05-27
5539,6457,Education Loan,782241.92,13.75,Active,2023-06-05
5540,7653,Auto Loan,831300.21,13.66,Overdue,2023-07-07
5541,4045,Home Loan,2122891.39,10.08,Active,2022-10-01
5542,6043,Home Loan,2403883.53,7.54,Active,2025-09-28
5543,4354,Home Loan,80833.24,16.29,Closed,2022-09-16
5544,1081,Auto Loan,909708.31,11.52,Overdue,2025-08-19
5545,4208,Home Loan,3868890.62,14.76,Active,2023-08-29
5546,5833,Education Loan,560855.31,8.04,Overdue,2025-08-02
5547,205,Personal Loan,224625.19,11.47,Closed,2023-07-29
5548,4864,Auto Loan,1149284.62,8.43,Overdue,2025-07-12
5549,6467,Auto Loan,1033461.09,9.52,Active,2022-11-13
5550,6364,Personal Loan,91728.57,10.68,Active,2022-11-13
5551,1712,Home Loan,2528385.89,12.2,Active,2022-12-18
5552,4750,Education Loan,377078.63,13.29,Overdue,2023-07-08
5553,9850,Education Loan,488390.72,12.75,Closed,2024-12-21
5554,1617,Home Loan,4151759.12,10.18,Overdue,2024-09-20
5555,1557,Auto Loan,822450.71,12.97,Active,2025-09-01
5556,7218,Home Loan,1071941.06,10.77,Closed,2023-02-19
5557,9492,Auto Loan,828831.08,11.22,Active,2025-07-01
5558,1166,Education Loan,654340.04,12.99,Active,2023-12-12
5559,4848,Home Loan,3020321.61,10.32,Active,2023-05-23
5560,7489,Auto Loan,647311.01,9.09,Closed,2024-09-24
5561,6321,Home Loan,2091211.98,12.89,Overdue,2022-09-25
5562,1095,Home Loan,3107296.93,11.73,Active,2025-02-06
5563,9359,Personal Loan,165275.27,9.89,Active,2024-01-04
5564,77,Home Loan,2479245.54,6.0,Active,2023-02-14
5565,5401,Home Loan,2065422.38,13.88,Closed,2024-10-18
5566,17,Auto Loan,175587.38,13.0,Active,2024-03-26
5567,7254,Education Loan,363737.84,13.65,Closed,2024-03-08
5568,9069,Education Loan,458179.15,10.31,Closed,2025-07-02
5569,9565,Education Loan,627273.88,6.85,Overdue,2025-01-06
5570,8636,Education Loan,361550.87,11.83,Closed,2022-06-26
5571,6156,Home Loan,2696325.62,9.79,Closed,2022-07-31
5572,1185,Auto Loan,740047.71,13.48,Active,2023-05-17
5573,2305,Personal Loan,310186.77,12.99,Closed,2022-01-09
5574,6075,Auto Loan,913184.25,11.4,Active,2025-10-20
5575,6928,Education Loan,594957.38,12.38,Closed,2022-10-17
5576,2935,Auto Loan,691016.55,11.2,Active,2023-12-28
5577,9465,Personal Loan,293983.97,11.23,Active,2023-01-27
5578,9715,Personal Loan,142350.83,8.44,Active,2024-04-14
5579,2893,Home Loan,2119961.64,8.59,Active,2025-10-24
5580,8803,Personal Loan,227067.69,12.48,Active,2022-04-28
5581,4015,Auto Loan,369867.89,11.83,Active,2024-04-27
5582,1109,Home Loan,2822013.15,9.52,Active,2023-05-03
5583,239,Home Loan,2871851.29,9.56,Active,2022-09-30
5584,4314,Auto Loan,882222.64,11.43,Active,2023-12-08
5585,2462,Auto Loan,611436.41,10.76,Active,2024-12-06
5586,6407,Education Loan,663358.69,11.97,Active,2024-07-16
5587,9915,Education Loan,264590.0,9.4,Overdue,2024-11-29
5588,1627,Auto Loan,470643.42,10.27,Active,2023-05-19
5589,5824,Personal Loan,240912.35,13.81,Closed,2023-08-17
5590,3646,Auto Loan,925661.32,10.67,Active,2023-08-31
5591,8222,Personal Loan,400249.36,14.44,Overdue,2024-07-20
5592,2849,Education Loan,298796.43,11.58,Active,2022-10-20
5593,8296,Education Loan,359983.55,10.44,Closed,2024-02-17
5594,9325,Auto Loan,534538.94,9.97,Closed,2025-02-16
5595,7541,Home Loan,2132005.39,12.52,Overdue,2025-04-12
5596,9999,Home Loan,2606648.52,11.21,Active,2025-12-24
5597,9796,Home Loan,2208516.2,13.17,Active,2024-04-13
5598,2291,Auto Loan,773675.38,8.08,Closed,2023-06-19
5599,1059,Home Loan,3419228.89,8.9,Closed,2024-08-24
5600,8653,Personal Loan,157574.12,8.64,Overdue,2024-10-26
5601,1658,Education Loan,663613.45,14.74,Closed,2024-12-26
5602,7284,Home Loan,3550484.22,9.08,Active,2023-02-10
5603,8242,Home Loan,2683863.53,12.19,Active,2022-07-24
5604,6624,Home Loan,2382143.78,13.31,Closed,2024-12-07
5605,3164,Education Loan,317712.44,7.21,Active,2024-04-26
5606,5655,Education Loan,822609.65,11.5,Active,2022-09-02
5607,6671,Education Loan,464138.8,9.8,Overdue,2024-08-04
5608,7857,Auto Loan,540819.17,8.99,Active,2025-09-15
5609,3673,Personal Loan,235379.74,12.48,Active,2022-03-31
5610,9805,Home Loan,1699214.47,10.01,Active,2022-01-01
5611,622,Auto Loan,986161.23,7.06,Active,2022-01-13
5612,4902,Auto Loan,417481.49,13.6,Active,2023-12-24
5613,6311,Auto Loan,621235.52,12.19,Closed,2025-11-17
5614,9917,Personal Loan,157105.2,13.39,Active,2023-12-02
5615,3131,Auto Loan,919040.23,10.57,Closed,2022-04-20
5616,7356,Education Loan,799128.22,8.87,Active,2025-04-21
5617,6511,Auto Loan,694497.04,12.23,Active,2025-08-05
5618,3096,Education Loan,400692.71,9.34,Active,2024-02-17
5619,8693,Home Loan,2831997.48,6.42,Active,2024-05-16
5620,4493,Auto Loan,739697.19,8.73,Active,2023-03-25
5621,4940,Auto Loan,495846.54,10.2,Active,2024-05-15
5622,1673,Auto Loan,622247.2,11.58,Closed,2023-09-12
5623,312,Personal Loan,249368.2,10.13,Active,2022-07-06
5624,6792,Home Loan,1655113.61,10.23,Active,2025-08-12
5625,3320,Education Loan,361966.81,15.06,Closed,2022-10-14
5626,1362,Personal Loan,348978.83,14.74,Closed,2023-12-08
5627,9007,Education Loan,328161.08,12.42,Active,2024-04-06
5628,5185,Personal Loan,238861.63,11.62,Overdue,2024-07-18
5629,7789,Home Loan,2237615.46,10.21,Active,2025-06-02
5630,2409,Education Loan,697880.53,9.74,Active,2023-12-21
5631,8327,Home Loan,3843575.41,8.72,Active,2022-07-14
5632,7422,Education Loan,607507.12,7.93,Overdue,2025-11-30
5633,3891,Auto Loan,763539.17,12.78,Active,2025-10-10
5634,9908,Personal Loan,298004.46,9.54,Active,2025-04-02
5635,9293,Personal Loan,263828.47,9.87,Active,2023-05-14
5636,8014,Home Loan,3619226.79,9.85,Active,2022-05-13
5637,2453,Education Loan,323514.46,12.29,Active,2023-10-24
5638,6882,Personal Loan,150000.51,10.56,Overdue,2024-04-02
5639,7025,Auto Loan,388895.43,11.0,Active,2025-03-03
5640,5071,Auto Loan,476798.49,12.29,Closed,2025-10-29
5641,9355,Home Loan,1595162.46,8.52,Active,2023-01-23
5642,8064,Auto Loan,605062.68,8.9,Active,2025-07-27
5643,8688,Education Loan,584643.62,9.31,Active,2025-03-30
5644,486,Education Loan,486781.57,14.83,Active,2024-07-14
5645,708,Personal Loan,292386.47,10.01,Closed,2024-01-08
5646,8452,Home Loan,2023741.87,13.6,Overdue,2023-08-07
5647,1081,Auto Loan,525505.18,9.73,Active,2023-06-30
5648,558,Personal Loan,258980.22,11.21,Active,2023-05-11
5649,3583,Auto Loan,857220.78,9.93,Active,2022-05-24
5650,5977,Home Loan,1668968.67,7.28,Active,2022-05-15
5651,3665,Home Loan,3170587.63,8.33,Closed,2022-05-26
5652,6042,Home Loan,2525721.66,11.07,Closed,2025-07-02
5653,5644,Personal Loan,288406.95,9.07,Closed,2024-06-26
5654,5546,Home Loan,620943.16,12.14,Active,2024-10-19
5655,6988,Auto Loan,536947.35,9.98,Active,2022-07-01
5656,9412,Auto Loan,652390.89,11.11,Active,2023-04-20
5657,9526,Personal Loan,215660.19,8.94,Active,2024-04-16
5658,3178,Auto Loan,653942.62,11.18,Closed,2025-01-25
5659,3251,Personal Loan,281860.1,10.27,Active,2022-03-26
5660,1436,Auto Loan,1234138.79,13.95,Overdue,2024-02-20
5661,8897,Education Loan,316123.71,9.37,Overdue,2024-04-27
5662,2545,Auto Loan,637272.66,9.21,Overdue,2022-02-22
5663,74,Personal Loan,161986.36,8.26,Active,2024-02-29
5664,3350,Home Loan,2627948.09,9.16,Active,2024-04-02
5665,2030,Education Loan,537680.63,11.41,Active,2024-02-10
5666,1559,Auto Loan,660320.43,11.95,Overdue,2023-01-06
5667,5234,Auto Loan,740909.9,12.58,Overdue,2024-10-01
5668,6038,Home Loan,1525454.64,10.56,Overdue,2023-04-22
5669,3293,Personal Loan,226747.17,10.63,Active,2022-06-02
5670,4987,Auto Loan,255416.64,6.72,Overdue,2023-03-25
5671,9159,Personal Loan,269689.79,9.2,Active,2025-08-06
5672,9556,Auto Loan,568140.53,10.17,Active,2025-02-18
5673,4329,Personal Loan,235857.02,8.93,Active,2024-04-28
5674,5,Home Loan,2198095.46,7.57,Active,2022-04-23
5675,902,Auto Loan,761694.17,12.79,Overdue,2025-04-01
5676,7518,Home Loan,3204616.22,10.13,Closed,2023-04-08
5677,5164,Home Loan,3129663.96,9.96,Active,2022-06-04
5678,5596,Home Loan,1055791.71,8.38,Active,2025-11-19
5679,6750,Education Loan,709852.01,16.94,Active,2023-07-28
5680,737,Home Loan,1856471.85,11.96,Active,2024-12-11
5681,8964,Auto Loan,806863.38,10.14,Active,2022-07-28
5682,913,Home Loan,3319085.35,8.71,Overdue,2024-02-17
5683,4750,Education Loan,529582.62,10.49,Overdue,2024-08-26
5684,7552,Education Loan,614465.59,9.18,Closed,2024-08-08
5685,9160,Auto Loan,516939.43,11.91,Closed,2025-03-24
5686,2993,Education Loan,590635.87,11.59,Active,2023-03-17
5687,8863,Home Loan,1934834.83,9.53,Active,2023-09-02
5688,5473,Auto Loan,592205.51,11.16,Closed,2024-11-10
5689,2439,Home Loan,1459926.89,12.43,Active,2025-09-30
5690,1639,Education Loan,613406.61,9.39,Active,2025-07-06
5691,9074,Personal Loan,201600.5,11.33,Active,2023-02-20
5692,4196,Home Loan,2658721.23,11.47,Overdue,2025-04-25
5693,9702,Personal Loan,219359.73,11.57,Overdue,2025-08-18
5694,2062,Home Loan,2292696.91,10.94,Overdue,2023-04-15
5695,1731,Home Loan,1886919.95,11.86,Closed,2022-11-30
5696,3586,Personal Loan,126449.4,8.05,Closed,2025-05-23
5697,7181,Auto Loan,642082.23,9.91,Overdue,2024-06-24
5698,1418,Education Loan,488827.24,10.68,Active,2024-12-11
5699,4735,Education Loan,549522.45,9.77,Active,2023-05-07
5700,646,Auto Loan,906398.09,8.4,Active,2023-03-25
5701,8927,Personal Loan,171230.23,9.33,Closed,2022-05-23
5702,3928,Home Loan,3731049.19,8.97,Closed,2022-08-08
5703,5648,Auto Loan,850977.48,12.53,Closed,2025-05-20
5704,2880,Personal Loan,314615.6,6.0,Active,2022-08-07
5705,7616,Personal Loan,217064.46,10.27,Overdue,2024-02-25
5706,4098,Education Loan,618684.2,9.33,Overdue,2022-02-21
5707,7414,Education Loan,897355.18,8.45,Active,2025-02-19
5708,2312,Education Loan,190775.95,8.84,Overdue,2022-07-08
5709,7485,Home Loan,3033450.01,8.75,Overdue,2022-05-21
5710,8883,Home Loan,2948610.03,9.95,Active,2023-08-07
5711,3648,Education Loan,152763.27,11.54,Active,2022-01-06
5712,3541,Home Loan,1984688.61,8.82,Active,2025-08-12
5713,5514,Home Loan,2484269.94,9.63,Active,2023-10-10
5714,2957,Auto Loan,545687.34,11.22,Active,2023-09-26
5715,7262,Auto Loan,605003.63,8.19,Active,2023-02-19
5716,6558,Auto Loan,901475.03,12.6,Active,2023-01-05
5717,2267,Education Loan,370576.91,8.72,Overdue,2023-10-12
5718,2582,Auto Loan,500164.05,7.58,Active,2025-12-13
5719,2840,Home Loan,3063915.17,8.7,Closed,2024-01-01
5720,7351,Education Loan,640180.2,9.86,Active,2024-09-25
5721,3522,Home Loan,3280491.45,14.25,Closed,2025-06-04
5722,65,Personal Loan,389953.41,6.73,Active,2022-11-06
5723,5508,Personal Loan,232549.71,10.77,Active,2022-04-30
5724,5790,Home Loan,1852542.24,9.62,Overdue,2022-10-08
5725,7547,Home Loan,2801571.82,13.7,Overdue,2022-07-23
5726,4907,Personal Loan,564941.16,11.35,Overdue,2024-02-23
5727,6919,Personal Loan,294824.76,10.04,Active,2022-05-15
5728,9451,Education Loan,340473.88,9.2,Closed,2025-06-10
5729,4821,Auto Loan,764872.96,10.4,Overdue,2023-02-07
5730,3448,Auto Loan,850220.81,9.36,Active,2022-01-20
5731,6441,Home Loan,2607354.78,9.87,Active,2022-09-27
5732,5692,Education Loan,817015.69,10.26,Closed,2025-02-15
5733,342,Home Loan,2635249.32,6.66,Closed,2022-03-29
5734,968,Education Loan,263166.09,8.04,Overdue,2023-11-17
5735,9258,Home Loan,2438453.41,13.6,Active,2024-05-03
5736,4681,Home Loan,2310037.45,8.65,Active,2024-10-14
5737,228,Home Loan,2540860.12,11.7,Closed,2022-03-08
5738,5633,Personal Loan,368873.79,8.97,Overdue,2025-01-17
5739,4606,Home Loan,2743627.35,12.1,Active,2022-01-28
5740,1613,Auto Loan,634871.28,7.13,Active,2025-07-11
5741,127,Education Loan,502733.65,7.21,Closed,2025-10-12
5742,4283,Personal Loan,79958.8,9.33,Closed,2022-12-20
5743,1318,Personal Loan,365881.3,10.73,Closed,2024-04-29
5744,1643,Auto Loan,884410.3,10.62,Overdue,2023-12-10
5745,9908,Education Loan,500706.7,11.12,Overdue,2025-09-13
5746,4281,Home Loan,2387140.7,10.47,Active,2025-03-29
5747,9940,Home Loan,4063410.57,9.34,Active,2023-12-15
5748,6883,Personal Loan,314050.28,10.04,Active,2024-03-12
5749,1198,Education Loan,50000.0,8.84,Active,2023-10-03
5750,7164,Education Loan,513791.99,13.84,Active,2022-08-05
5751,2397,Home Loan,2438242.43,8.48,Overdue,2022-06-07
5752,8209,Personal Loan,438073.68,10.16,Closed,2022-12-04
5753,5097,Personal Loan,176553.81,8.94,Active,2022-08-19
5754,6741,Home Loan,1844290.49,12.79,Active,2022-12-16
5755,3366,Personal Loan,265695.98,12.49,Active,2022-03-19
5756,5701,Education Loan,300263.62,12.24,Active,2022-02-02
5757,384,Auto Loan,773661.34,10.77,Overdue,2025-10-15
5758,7627,Personal Loan,137055.39,12.03,Active,2025-12-02
5759,5173,Home Loan,3647580.52,14.39,Active,2023-09-24
5760,9654,Auto Loan,963801.5,10.57,Active,2023-08-11
5761,674,Personal Loan,503818.55,10.27,Closed,2024-08-27
5762,1167,Home Loan,3210888.6,8.59,Overdue,2025-03-30
5763,3988,Home Loan,2218772.4,12.27,Closed,2022-06-14
5764,4029,Home Loan,1673103.9,9.2,Active,2023-04-23
5765,4452,Auto Loan,984738.28,10.23,Active,2022-11-28
5766,7929,Education Loan,570680.25,11.45,Active,2022-05-30
5767,9622,Education Loan,540038.09,11.3,Overdue,2022-03-04
5768,4456,Home Loan,2185955.97,9.31,Active,2024-02-01
5769,9222,Education Loan,85220.65,6.68,Closed,2025-03-10
5770,9755,Home Loan,2606212.52,10.17,Closed,2023-11-03
5771,9799,Auto Loan,712698.09,13.06,Active,2024-04-02
5772,1701,Auto Loan,1182640.55,11.41,Active,2024-01-05
5773,7431,Home Loan,2359506.73,11.04,Active,2022-04-03
5774,1370,Home Loan,3342010.43,12.74,Closed,2023-03-13
5775,6896,Education Loan,379992.67,13.62,Closed,2024-05-13
5776,2164,Personal Loan,382901.08,14.68,Active,2025-05-30
5777,1491,Education Loan,432174.19,11.92,Active,2024-07-03
5778,3033,Home Loan,1008269.27,12.11,Closed,2024-10-22
5779,590,Education Loan,351318.44,11.37,Overdue,2024-01-23
5780,5893,Auto Loan,1040890.97,7.77,Closed,2023-08-31
5781,3668,Home Loan,1824176.29,10.78,Overdue,2023-06-07
5782,7600,Auto Loan,557513.39,9.79,Active,2023-07-20
5783,8986,Auto Loan,659716.98,7.3,Closed,2023-02-28
5784,7573,Auto Loan,707906.99,8.95,Closed,2024-03-25
5785,5901,Education Loan,802288.69,10.38,Active,2022-12-30
5786,3351,Home Loan,4951584.94,12.57,Active,2022-07-24
5787,8802,Personal Loan,144116.8,8.39,Active,2022-07-03
5788,5889,Auto Loan,567010.87,8.91,Active,2022-12-21
5789,4866,Education Loan,640291.06,12.61,Overdue,2022-05-07
5790,3578,Personal Loan,377332.93,10.85,Active,2022-07-31
5791,1043,Education Loan,339135.15,9.18,Active,2025-09-27
5792,4871,Auto Loan,320919.69,9.49,Active,2024-02-23
5793,3291,Auto Loan,693272.53,7.14,Active,2025-01-23
5794,2956,Personal Loan,380993.38,13.46,Active,2025-10-16
5795,3819,Personal Loan,246568.33,10.75,Active,2024-02-08
5796,109,Auto Loan,753857.53,8.72,Overdue,2022-06-27
5797,2817,Personal Loan,182967.68,11.23,Active,2025-08-24
5798,4977,Home Loan,1796960.27,14.09,Active,2025-10-09
5799,2267,Education Loan,275592.24,12.5,Active,2022-09-06
5800,8452,Education Loan,766389.14,11.28,Active,2023-01-17
5801,4946,Personal Loan,299161.06,12.44,Active,2024-08-10
5802,6416,Personal Loan,277218.13,10.24,Overdue,2022-10-03
5803,8285,Auto Loan,627911.57,10.55,Active,2025-09-15
5804,8253,Personal Loan,50000.0,11.22,Overdue,2025-03-25
5805,1022,Home Loan,3115099.02,8.97,Active,2024-12-16
5806,7092,Education Loan,507755.94,14.11,Active,2022-01-22
5807,2074,Auto Loan,664536.59,8.05,Active,2025-08-12
5808,3219,Home Loan,2683790.48,10.63,Active,2024-09-04
5809,9099,Auto Loan,461701.93,11.45,Closed,2023-05-11
5810,1888,Auto Loan,513889.38,11.7,Active,2024-08-17
5811,4564,Auto Loan,846282.61,13.3,Overdue,2022-09-25
5812,9662,Personal Loan,281014.35,10.24,Overdue,2025-12-02
5813,2421,Auto Loan,827264.76,12.0,Active,2022-12-25
5814,733,Auto Loan,812384.62,12.51,Active,2022-01-18
5815,159,Personal Loan,393016.47,8.6,Closed,2024-06-17
5816,893,Home Loan,2257529.2,9.43,Active,2023-09-01
5817,2010,Home Loan,2269034.19,14.86,Overdue,2022-04-14
5818,4152,Personal Loan,135639.87,6.91,Active,2023-10-25
5819,149,Education Loan,524801.02,14.3,Closed,2024-03-09
5820,8744,Personal Loan,226263.44,6.07,Active,2024-04-21
5821,2522,Auto Loan,377113.49,6.82,Closed,2025-05-28
5822,1619,Personal Loan,176706.4,10.68,Active,2022-11-08
5823,460,Home Loan,1771953.56,7.22,Active,2025-08-31
5824,8066,Auto Loan,851927.41,10.22,Active,2024-09-12
5825,4208,Personal Loan,237387.48,8.58,Active,2023-09-20
5826,8431,Personal Loan,214108.81,12.02,Active,2023-11-24
5827,368,Education Loan,603083.21,10.51,Active,2022-04-07
5828,3220,Education Loan,349702.68,10.55,Active,2024-07-16
5829,3681,Personal Loan,284269.29,9.46,Active,2024-09-04
5830,8058,Education Loan,686460.03,11.81,Active,2023-11-15
5831,5587,Education Loan,461860.1,10.64,Active,2022-02-16
5832,6496,Auto Loan,839133.37,12.05,Overdue,2025-10-19
5833,8448,Education Loan,722604.83,13.26,Active,2025-10-14
5834,9209,Auto Loan,679138.25,9.17,Active,2022-01-20
5835,2478,Education Loan,662331.74,8.04,Active,2024-09-01
5836,4501,Home Loan,3210964.61,10.22,Active,2025-03-30
5837,1573,Education Loan,557824.54,8.98,Active,2023-03-14
5838,7065,Personal Loan,197809.38,12.15,Active,2024-09-04
5839,2845,Home Loan,1064597.17,11.97,Closed,2022-07-28
5840,3552,Home Loan,627841.35,10.85,Active,2024-01-30
5841,1309,Personal Loan,415704.49,7.69,Overdue,2024-12-19
5842,314,Auto Loan,331718.81,14.16,Closed,2023-08-21
5843,448,Education Loan,365872.96,9.83,Active,2022-08-17
5844,3291,Personal Loan,327581.26,15.45,Active,2024-03-22
5845,7662,Personal Loan,111907.4,13.38,Active,2023-07-19
5846,7292,Personal Loan,194638.56,10.74,Active,2025-10-09
5847,403,Home Loan,2128924.47,11.12,Closed,2023-06-17
5848,6249,Home Loan,3846549.36,9.99,Active,2024-02-03
5849,2358,Auto Loan,834591.12,12.32,Active,2023-09-29
5850,2524,Auto Loan,747880.75,9.87,Active,2025-05-28
5851,4312,Personal Loan,204745.92,11.04,Closed,2024-02-15
5852,8166,Personal Loan,234558.45,9.78,Active,2024-01-26
5853,2045,Education Loan,490483.14,14.75,Closed,2023-12-08
5854,896,Home Loan,2851758.24,8.13,Closed,2024-07-10
5855,7284,Home Loan,3651634.86,7.45,Active,2024-08-14
5856,8484,Home Loan,3254730.24,6.75,Overdue,2025-06-10
5857,4319,Education Loan,624535.01,9.98,Closed,2025-08-11
5858,6593,Auto Loan,1011117.19,10.38,Active,2025-05-01
5859,4165,Auto Loan,891495.89,6.43,Active,2023-08-28
5860,7527,Personal Loan,139209.08,8.93,Active,2025-02-14
5861,5676,Auto Loan,939669.77,6.08,Active,2022-05-09
5862,388,Personal Loan,229984.17,9.49,Active,2023-02-25
5863,9011,Home Loan,3183250.85,9.89,Overdue,2024-08-29
5864,3177,Auto Loan,1197776.59,9.67,Active,2022-12-31
5865,7670,Home Loan,3062338.64,10.88,Closed,2025-02-07
5866,2829,Auto Loan,350851.96,13.34,Active,2024-11-01
5867,7312,Home Loan,3586216.7,13.99,Overdue,2024-09-15
5868,1588,Home Loan,2383428.78,10.98,Overdue,2022-08-06
5869,1748,Auto Loan,511456.89,10.43,Active,2025-04-22
5870,3739,Auto Loan,759505.82,13.17,Active,2025-06-12
5871,604,Auto Loan,377418.84,6.0,Active,2023-10-01
5872,5694,Auto Loan,347505.87,12.44,Closed,2022-10-02
5873,1921,Education Loan,371489.83,10.43,Active,2025-04-29
5874,9104,Home Loan,4189877.93,13.4,Overdue,2022-09-21
5875,3410,Auto Loan,591966.1,12.81,Active,2024-06-09
5876,290,Auto Loan,1298033.85,9.92,Closed,2022-11-06
5877,7198,Education Loan,392160.96,10.18,Closed,2022-08-28
5878,9936,Personal Loan,290189.22,12.58,Overdue,2023-01-31
5879,7545,Personal Loan,257590.51,9.22,Active,2023-04-14
5880,6684,Education Loan,518250.22,9.24,Active,2025-04-23
5881,7476,Auto Loan,456203.43,10.0,Active,2025-12-17
5882,2771,Personal Loan,199142.29,12.77,Active,2024-04-15
5883,663,Auto Loan,315809.45,8.56,Active,2022-05-21
5884,9044,Auto Loan,634747.81,12.64,Active,2022-01-16
5885,826,Auto Loan,429243.51,13.86,Active,2025-08-14
5886,5111,Education Loan,60086.11,12.17,Active,2023-10-11
5887,2729,Personal Loan,58469.0,13.18,Active,2025-01-17
5888,155,Home Loan,2793554.07,13.03,Active,2022-02-14
5889,387,Auto Loan,433184.32,10.08,Active,2023-08-27
5890,3049,Home Loan,3742767.44,10.63,Overdue,2022-04-05
5891,5982,Home Loan,3446213.67,10.93,Active,2025-10-10
5892,4614,Education Loan,518449.75,8.44,Active,2022-12-22
5893,9375,Auto Loan,770663.51,11.56,Closed,2023-02-24
5894,2191,Auto Loan,703461.4,14.68,Closed,2024-12-15
5895,534,Education Loan,813318.63,8.26,Closed,2024-05-05
5896,2297,Education Loan,348866.44,12.54,Overdue,2022-05-16
5897,114,Education Loan,664554.92,11.24,Closed,2024-12-06
5898,2890,Education Loan,381584.87,7.73,Active,2022-01-13
5899,4913,Personal Loan,266820.11,13.48,Active,2024-06-01
5900,945,Education Loan,862170.64,9.12,Active,2023-05-29
5901,2950,Education Loan,639167.43,10.77,Active,2025-06-21
5902,4536,Auto Loan,637725.14,12.55,Overdue,2025-12-21
5903,5382,Personal Loan,330470.44,9.72,Active,2022-01-09
5904,2501,Personal Loan,492238.7,9.4,Active,2023-03-09
5905,7894,Personal Loan,296218.75,11.77,Active,2023-03-18
5906,1229,Auto Loan,750071.06,7.93,Overdue,2024-01-14
5907,3194,Education Loan,611873.15,9.99,Closed,2024-09-10
5908,4631,Home Loan,2136418.41,9.15,Closed,2024-07-30
5909,4273,Education Loan,277400.72,12.83,Active,2025-07-07
5910,3851,Auto Loan,50000.0,9.09,Closed,2023-07-17
5911,1441,Personal Loan,198808.8,12.88,Overdue,2023-08-17
5912,8138,Personal Loan,202633.49,7.15,Active,2025-07-28
5913,442,Auto Loan,796390.18,10.46,Active,2025-04-17
5914,9854,Personal Loan,206678.64,12.81,Active,2025-04-13
5915,8207,Education Loan,780380.79,9.59,Closed,2025-12-03
5916,14,Education Loan,789686.64,13.59,Active,2023-01-08
5917,3487,Auto Loan,636867.35,6.0,Overdue,2025-04-05
5918,4606,Education Loan,356226.37,10.92,Closed,2024-11-21
5919,5295,Auto Loan,619436.21,12.47,Closed,2025-01-14
5920,5642,Auto Loan,894503.45,9.74,Active,2025-09-09
5921,8300,Education Loan,609129.86,11.83,Closed,2022-04-16
5922,4548,Home Loan,1216552.49,9.18,Closed,2024-10-27
5923,5335,Personal Loan,251708.32,10.23,Active,2024-08-29
5924,6152,Education Loan,422527.35,8.83,Active,2023-06-27
5925,8313,Auto Loan,596124.02,13.78,Active,2024-06-26
5926,3039,Auto Loan,970099.87,6.08,Active,2025-02-18
5927,6572,Home Loan,1857346.02,11.07,Active,2025-01-25
5928,3560,Home Loan,1233266.79,10.85,Closed,2022-10-23
5929,8069,Home Loan,1069171.92,11.05,Active,2023-01-29
5930,4605,Home Loan,2885951.18,12.22,Closed,2023-10-29
5931,3960,Education Loan,621163.23,11.41,Overdue,2025-02-28
5932,1434,Home Loan,1812390.86,11.52,Active,2023-02-16
5933,1585,Auto Loan,908066.78,8.07,Overdue,2024-03-29
5934,5443,Personal Loan,324385.08,12.49,Active,2024-02-22
5935,4222,Auto Loan,624923.94,11.33,Active,2023-12-22
5936,8189,Education Loan,443213.49,10.25,Active,2022-01-26
5937,6814,Home Loan,1392685.01,10.48,Active,2023-09-29
5938,9962,Education Loan,255071.71,6.0,Overdue,2024-01-26
5939,4708,Home Loan,2583713.76,11.59,Closed,2023-11-27
5940,4655,Auto Loan,690873.55,12.89,Closed,2025-07-09
5941,5722,Home Loan,2858375.57,10.73,Active,2022-06-06
5942,1287,Education Loan,180463.22,9.87,Active,2022-01-28
5943,5581,Personal Loan,300228.3,12.16,Active,2025-11-26
5944,4617,Personal Loan,374174.4,11.61,Active,2025-05-28
5945,651,Education Loan,452264.86,6.63,Active,2024-08-17
5946,6103,Personal Loan,203228.96,12.82,Active,2022-07-11
5947,974,Personal Loan,197745.89,7.05,Active,2022-12-12
5948,6346,Personal Loan,279557.67,8.29,Active,2022-04-22
5949,1,Home Loan,3515609.64,12.74,Closed,2023-03-28
5950,2231,Home Loan,3249264.87,11.13,Active,2023-07-24
5951,3222,Personal Loan,185282.52,10.61,Active,2022-06-14
5952,9993,Education Loan,394394.23,12.23,Active,2025-07-13
5953,5207,Auto Loan,672564.47,13.9,Active,2022-11-19
5954,1330,Personal Loan,374542.58,10.19,Active,2023-02-04
5955,3013,Personal Loan,275007.82,14.08,Closed,2024-11-25
5956,9068,Auto Loan,715610.56,9.8,Overdue,2024-01-13
5957,1010,Home Loan,1737959.66,11.47,Closed,2025-09-26
5958,2460,Auto Loan,889834.53,8.08,Overdue,2023-02-11
5959,8737,Education Loan,698332.4,7.52,Active,2024-11-21
5960,192,Auto Loan,988219.38,9.89,Active,2023-01-06
5961,6690,Education Loan,523936.35,12.37,Active,2024-05-05
5962,7258,Auto Loan,406484.38,9.39,Closed,2022-01-04
5963,5308,Home Loan,1594827.54,11.79,Closed,2025-12-01
5964,666,Personal Loan,280707.31,11.98,Overdue,2023-12-12
5965,3225,Personal Loan,365132.97,12.09,Active,2022-04-03
5966,258,Personal Loan,205588.87,9.97,Closed,2022-04-07
5967,7780,Auto Loan,991560.28,11.47,Active,2023-05-08
5968,4648,Education Loan,254698.99,9.18,Active,2025-08-24
5969,1427,Home Loan,1700969.03,14.08,Closed,2025-09-07
5970,1778,Home Loan,3293567.24,9.56,Overdue,2025-04-23
5971,8253,Home Loan,3156667.94,12.88,Active,2024-03-07
5972,7573,Home Loan,1756585.12,8.83,Active,2022-06-29
5973,5657,Personal Loan,255000.3,10.1,Active,2022-10-21
5974,4514,Auto Loan,1275450.32,13.75,Active,2023-07-25
5975,3986,Education Loan,355694.18,10.63,Closed,2023-10-01
5976,1812,Education Loan,520191.33,12.58,Overdue,2024-03-28
5977,8421,Personal Loan,308398.18,10.06,Active,2023-06-14
5978,8913,Personal Loan,129852.0,8.92,Closed,2022-12-08
5979,2194,Home Loan,4107787.56,14.31,Active,2024-02-23
5980,3683,Education Loan,825425.53,9.81,Closed,2023-10-06
5981,5827,Home Loan,991179.28,8.39,Active,2022-10-24
5982,8726,Education Loan,340484.39,13.53,Closed,2023-05-06
5983,6022,Education Loan,513994.09,9.52,Overdue,2022-09-18
5984,4935,Home Loan,3097527.01,7.58,Active,2022-08-21
5985,6418,Education Loan,305277.12,13.18,Closed,2024-09-08
5986,1413,Home Loan,2711276.87,10.43,Active,2022-11-02
5987,4220,Auto Loan,970496.67,7.5,Active,2022-03-31
5988,2837,Personal Loan,283153.18,13.34,Active,2024-05-01
5989,5546,Education Loan,440749.82,10.37,Overdue,2022-09-30
5990,5543,Auto Loan,615058.6,12.69,Active,2023-04-05
5991,5598,Home Loan,1709830.11,8.86,Closed,2024-11-10
5992,3748,Education Loan,597530.24,6.97,Active,2025-06-25
5993,2199,Education Loan,563333.51,11.86,Active,2024-03-13
5994,7485,Auto Loan,626467.51,10.44,Active,2024-08-10
5995,9847,Personal Loan,251237.74,9.5,Closed,2024-03-07
5996,9813,Personal Loan,228327.23,13.06,Active,2023-06-27
5997,6137,Personal Loan,193636.4,7.75,Overdue,2025-08-10
5998,6291,Home Loan,3176483.94,8.91,Closed,2025-01-13
5999,9468,Home Loan,3444604.62,11.25,Active,2023-11-20
6000,751,Education Loan,740988.41,9.97,Active,2025-09-06
6001,2879,Home Loan,2689572.73,12.22,Active,2025-05-27
6002,9554,Auto Loan,968972.95,10.57,Overdue,2024-05-15
6003,4132,Home Loan,2145422.75,8.48,Active,2024-08-21
6004,3859,Auto Loan,490893.6,11.23,Active,2023-08-16
6005,1482,Education Loan,366981.98,9.52,Active,2024-02-03
6006,9711,Auto Loan,1085720.03,8.39,Active,2024-09-20
6007,130,Home Loan,1117717.98,8.81,Closed,2025-10-13
6008,9754,Auto Loan,256311.88,13.01,Overdue,2025-01-07
6009,3637,Home Loan,2163676.81,8.0,Active,2025-03-03
6010,6845,Home Loan,1857888.36,6.0,Active,2022-12-20
6011,6762,Auto Loan,673344.93,11.39,Overdue,2025-06-10
6012,4097,Home Loan,2011807.84,8.65,Active,2022-01-26
6013,8092,Auto Loan,598455.81,9.79,Closed,2025-09-02
6014,8631,Home Loan,1396966.32,11.3,Active,2024-07-31
6015,9672,Home Loan,3115058.19,13.25,Closed,2025-05-26
6016,1006,Home Loan,2425690.24,10.31,Active,2024-09-21
6017,1036,Home Loan,2156415.64,8.2,Closed,2023-07-12
6018,3682,Home Loan,2772337.84,8.97,Closed,2023-11-18
6019,8000,Auto Loan,326268.71,11.18,Active,2023-01-18
6020,6234,Home Loan,2287582.52,9.81,Active,2025-11-17
6021,7158,Education Loan,273178.84,11.11,Active,2024-03-09
6022,6253,Education Loan,300477.03,10.64,Closed,2023-09-12
6023,9194,Personal Loan,186877.3,8.51,Active,2023-08-02
6024,763,Auto Loan,556974.6,13.08,Overdue,2025-07-01
6025,2691,Personal Loan,119413.56,12.98,Active,2022-12-22
6026,8238,Education Loan,310019.78,12.13,Overdue,2025-05-02
6027,7975,Auto Loan,750078.36,8.75,Active,2022-07-21
6028,3774,Education Loan,123491.03,10.63,Active,2023-12-06
6029,3331,Education Loan,408418.41,9.49,Closed,2022-01-13
6030,4809,Home Loan,2568650.49,10.72,Overdue,2024-03-25
6031,4007,Home Loan,2264262.78,10.63,Overdue,2024-08-08
6032,272,Education Loan,489534.36,8.43,Active,2024-04-13
6033,5809,Auto Loan,537841.09,10.34,Overdue,2023-10-14
6034,8637,Home Loan,3102513.36,12.33,Active,2024-02-08
6035,7881,Personal Loan,196882.69,10.92,Active,2022-08-29
6036,6727,Home Loan,2845034.25,9.81,Active,2022-03-25
6037,674,Auto Loan,663642.14,9.81,Active,2025-05-17
6038,1658,Education Loan,565943.39,6.48,Overdue,2025-04-30
6039,7464,Education Loan,289590.86,11.62,Overdue,2024-05-31
6040,9306,Home Loan,2221843.94,9.3,Active,2022-11-02
6041,4475,Auto Loan,172114.45,7.81,Closed,2023-05-07
6042,348,Home Loan,1903901.24,11.64,Closed,2023-11-29
6043,6995,Auto Loan,1022246.77,9.28,Overdue,2024-05-20
6044,9507,Home Loan,4012673.66,8.04,Active,2023-10-25
6045,1689,Education Loan,722889.01,7.2,Active,2025-10-08
6046,7997,Auto Loan,704739.33,11.98,Active,2025-04-08
6047,7285,Education Loan,776256.76,9.23,Active,2022-11-11
6048,78,Home Loan,3294045.29,12.95,Active,2024-10-19
6049,8279,Home Loan,2572721.17,11.51,Active,2023-11-03
6050,9929,Auto Loan,612139.07,11.54,Active,2025-07-23
6051,9576,Auto Loan,757271.59,9.55,Overdue,2022-03-12
6052,9213,Auto Loan,660807.26,13.26,Overdue,2025-04-29
6053,7264,Home Loan,3714758.84,8.4,Overdue,2022-05-03
6054,7463,Auto Loan,1097775.84,11.85,Active,2023-12-14
6055,2383,Personal Loan,421750.45,14.6,Closed,2022-03-21
6056,144,Home Loan,2718511.94,13.48,Active,2025-07-02
6057,7943,Education Loan,805179.57,9.7,Active,2023-12-14
6058,833,Education Loan,175277.7,11.09,Active,2025-01-30
6059,1322,Auto Loan,531273.86,9.28,Active,2024-03-06
6060,2944,Education Loan,706914.98,9.91,Active,2025-07-30
6061,4483,Auto Loan,371586.68,13.3,Closed,2025-06-01
6062,1750,Home Loan,1800465.6,8.9,Active,2022-11-04
6063,2936,Auto Loan,1066058.8,11.59,Active,2025-07-17
6064,8132,Home Loan,2060554.77,11.8,Active,2024-09-20
6065,871,Home Loan,1976852.95,11.45,Active,2023-10-06
6066,9674,Auto Loan,585676.32,10.17,Active,2023-12-09
6067,2687,Education Loan,361883.45,9.86,Overdue,2022-11-01
6068,5335,Home Loan,2423902.6,7.75,Overdue,2022-05-22
6069,6588,Education Loan,499841.41,10.26,Active,2023-05-09
6070,1404,Education Loan,494931.05,6.4,Active,2022-06-21
6071,2157,Personal Loan,143039.55,10.71,Overdue,2024-01-12
6072,5740,Personal Loan,172201.64,12.06,Closed,2025-06-12
6073,8814,Personal Loan,258095.94,11.71,Active,2022-04-28
6074,8496,Education Loan,671611.33,10.78,Closed,2023-02-28
6075,6008,Auto Loan,654308.78,11.45,Active,2025-04-06
6076,8647,Personal Loan,320712.61,6.0,Active,2024-07-23
6077,5292,Home Loan,2933913.87,8.95,Active,2025-12-13
6078,8364,Auto Loan,660653.32,9.14,Active,2025-10-31
6079,4847,Education Loan,431031.36,8.05,Overdue,2023-08-21
6080,5165,Auto Loan,713083.94,10.95,Overdue,2025-06-30
6081,95,Auto Loan,598351.39,9.25,Active,2022-11-21
6082,6543,Education Loan,309157.72,8.03,Active,2023-03-09
6083,9612,Education Loan,702113.63,11.78,Closed,2025-09-09
6084,1327,Education Loan,638952.15,8.36,Overdue,2025-02-16
6085,3326,Auto Loan,433573.52,11.92,Active,2022-11-08
6086,617,Home Loan,1742375.72,8.8,Active,2024-03-13
6087,5750,Home Loan,2121410.73,8.75,Closed,2023-09-20
6088,5825,Personal Loan,288083.25,10.44,Active,2024-11-09
6089,2409,Personal Loan,350371.9,9.6,Active,2022-08-31
6090,113,Auto Loan,802818.94,10.02,Overdue,2023-10-28
6091,2981,Home Loan,3195386.2,12.8,Overdue,2023-01-21
6092,6000,Auto Loan,1054605.5,6.0,Active,2023-03-27
6093,2184,Home Loan,3746490.8,11.9,Active,2024-02-17
6094,6448,Education Loan,107882.46,8.78,Active,2024-01-29
6095,3076,Personal Loan,107508.04,11.9,Active,2025-06-21
6096,117,Personal Loan,367128.19,8.5,Overdue,2025-04-29
6097,3485,Home Loan,2209895.05,8.23,Active,2022-11-23
6098,8915,Home Loan,1429091.09,14.54,Closed,2025-11-24
6099,6028,Personal Loan,197989.46,11.54,Overdue,2024-05-28
6100,8235,Personal Loan,230234.3,9.53,Active,2023-02-12
6101,8953,Home Loan,2500162.89,12.95,Overdue,2022-09-17
6102,2938,Education Loan,199362.39,13.45,Overdue,2025-12-26
6103,7047,Education Loan,502717.67,8.11,Overdue,2022-10-23
6104,3169,Auto Loan,802608.48,13.84,Active,2025-06-28
6105,2121,Personal Loan,197804.38,12.93,Active,2025-12-27
6106,1187,Education Loan,707463.25,7.0,Active,2023-07-22
6107,7706,Auto Loan,578518.15,12.14,Overdue,2023-06-11
6108,5997,Auto Loan,827198.71,12.1,Overdue,2023-01-30
6109,3747,Home Loan,966320.13,10.8,Overdue,2025-08-17
6110,1026,Personal Loan,161185.82,11.54,Active,2022-04-19
6111,1858,Auto Loan,176822.97,6.7,Active,2024-08-08
6112,975,Auto Loan,636578.53,14.46,Active,2023-08-20
6113,9596,Auto Loan,880215.85,10.27,Active,2023-08-18
6114,9761,Personal Loan,358347.55,13.65,Overdue,2022-03-29
6115,6362,Education Loan,231428.9,9.1,Active,2022-06-17
6116,4024,Personal Loan,177245.28,13.45,Active,2022-10-21
6117,7031,Education Loan,660028.76,8.58,Overdue,2022-05-20
6118,1485,Home Loan,3140677.97,9.52,Active,2025-12-20
6119,8457,Personal Loan,243598.13,8.6,Active,2025-10-06
6120,8278,Education Loan,551801.49,9.07,Active,2024-04-18
6121,9896,Personal Loan,132076.37,10.21,Active,2025-05-08
6122,2740,Education Loan,233122.39,9.29,Active,2025-03-20
6123,3645,Home Loan,1931385.88,10.14,Closed,2025-11-01
6124,2808,Home Loan,2205113.5,10.33,Active,2024-06-03
6125,1861,Home Loan,3078709.33,8.97,Closed,2024-12-07
6126,577,Home Loan,3478970.89,13.26,Active,2022-10-28
6127,3634,Education Loan,200078.63,10.2,Active,2025-05-31
6128,1682,Home Loan,2765671.66,11.66,Active,2025-09-26
6129,1442,Education Loan,385670.73,7.6,Active,2025-02-02
6130,6399,Home Loan,3077391.89,14.85,Active,2022-01-02
6131,723,Home Loan,3050429.32,9.19,Active,2023-04-04
6132,4105,Auto Loan,630896.42,10.9,Active,2022-10-19
6133,6747,Home Loan,1503788.26,9.01,Closed,2025-12-15
6134,6861,Education Loan,361700.9,9.96,Active,2023-11-07
6135,1347,Auto Loan,814076.33,6.0,Active,2023-11-21
6136,4772,Home Loan,1880719.29,7.01,Closed,2025-07-06
6137,7405,Home Loan,1582641.75,10.24,Overdue,2022-01-07
6138,1425,Home Loan,2695045.55,6.33,Overdue,2025-09-07
6139,6384,Personal Loan,273662.74,10.62,Closed,2025-09-07
6140,6852,Auto Loan,760852.4,7.88,Active,2022-09-06
6141,9437,Auto Loan,806950.5,7.47,Overdue,2022-06-18
6142,1681,Auto Loan,511257.07,13.81,Overdue,2025-10-03
6143,6871,Personal Loan,194135.39,7.81,Active,2022-10-11
6144,758,Education Loan,565826.95,13.65,Overdue,2025-03-29
6145,895,Personal Loan,349874.33,13.96,Closed,2025-10-03
6146,8882,Personal Loan,373996.44,10.82,Closed,2025-06-11
6147,3703,Auto Loan,688131.87,11.39,Active,2022-09-10
6148,2794,Home Loan,1700545.8,15.37,Active,2023-10-15
6149,936,Education Loan,775168.15,7.72,Overdue,2025-12-19
6150,4649,Education Loan,440463.6,9.61,Overdue,2024-04-04
6151,1464,Education Loan,519692.12,9.83,Closed,2025-02-17
6152,7298,Education Loan,627503.3,11.69,Overdue,2025-02-10
6153,7870,Education Loan,580388.83,6.0,Active,2022-03-31
6154,946,Education Loan,852502.72,7.88,Active,2024-01-13
6155,8744,Auto Loan,351262.28,12.02,Closed,2025-01-06
6156,5905,Personal Loan,300594.79,9.18,Active,2025-07-13
6157,4336,Education Loan,552268.31,8.26,Active,2024-12-14
6158,4802,Home Loan,3073773.25,11.22,Active,2025-05-14
6159,2833,Auto Loan,1161213.25,10.01,Closed,2022-10-20
6160,802,Home Loan,2600120.42,13.76,Active,2025-01-22
6161,9319,Personal Loan,99071.68,7.88,Overdue,2025-05-24
6162,7778,Home Loan,3733575.64,12.29,Active,2022-11-10
6163,6600,Personal Loan,189805.28,14.53,Active,2023-09-15
6164,1086,Home Loan,2289952.19,11.63,Active,2023-10-03
6165,1942,Education Loan,283298.07,12.09,Active,2024-02-05
6166,4190,Home Loan,3521820.67,13.01,Active,2024-09-02
6167,9877,Home Loan,985916.61,11.49,Overdue,2023-10-18
6168,1829,Home Loan,2477378.47,9.8,Active,2025-11-22
6169,1561,Home Loan,4172213.79,12.65,Active,2022-08-23
6170,1884,Education Loan,610359.58,10.98,Active,2025-12-29
6171,8802,Education Loan,590939.53,8.26,Active,2025-06-28
6172,4877,Personal Loan,172386.96,8.97,Overdue,2023-05-13
6173,9964,Personal Loan,270992.52,8.42,Active,2025-12-08
6174,93,Education Loan,560029.32,7.88,Closed,2024-05-10
6175,8785,Home Loan,2180281.29,9.3,Active,2022-06-09
6176,9870,Personal Loan,347179.88,8.61,Active,2022-01-14
6177,8060,Home Loan,2967960.24,9.72,Active,2023-08-25
6178,1551,Education Loan,239129.86,8.86,Closed,2025-04-26
6179,8780,Personal Loan,172282.07,11.05,Overdue,2023-06-11
6180,6187,Auto Loan,521618.21,8.7,Active,2022-04-20
6181,3069,Auto Loan,890856.6,8.71,Active,2023-06-30
6182,8080,Personal Loan,188055.97,8.77,Closed,2025-07-10
6183,4799,Auto Loan,416232.19,9.8,Overdue,2025-06-17
6184,6813,Auto Loan,551120.37,9.35,Active,2024-09-17
6185,2517,Home Loan,2348969.24,11.83,Active,2024-10-09
6186,7579,Auto Loan,880687.8,7.91,Active,2024-12-21
6187,6837,Home Loan,2129079.29,11.34,Overdue,2025-06-09
6188,5788,Education Loan,562242.73,11.29,Active,2023-10-20
6189,5593,Personal Loan,264653.19,9.48,Active,2022-11-26
6190,3064,Personal Loan,276978.89,10.32,Active,2024-08-17
6191,658,Education Loan,343977.57,12.07,Active,2024-04-21
6192,3757,Auto Loan,297307.97,12.46,Active,2023-08-27
6193,8730,Auto Loan,919006.91,10.75,Closed,2024-02-11
6194,8219,Personal Loan,209438.61,10.39,Active,2024-08-16
6195,5743,Home Loan,1259177.54,10.49,Active,2025-06-05
6196,2617,Auto Loan,1126650.41,12.0,Active,2024-12-21
6197,5921,Auto Loan,486791.25,14.97,Active,2025-10-31
6198,700,Auto Loan,1165625.94,12.77,Active,2023-06-06
6199,3885,Education Loan,422652.59,11.74,Overdue,2023-10-29
6200,1472,Personal Loan,292410.64,7.42,Overdue,2022-05-31
6201,1111,Auto Loan,693958.58,13.85,Overdue,2023-10-26
6202,1039,Education Loan,439912.65,12.43,Overdue,2023-11-30
6203,2127,Personal Loan,336156.61,10.88,Active,2022-01-05
6204,9545,Home Loan,2045225.12,10.9,Active,2023-08-28
6205,9659,Auto Loan,685965.32,9.77,Active,2022-09-30
6206,526,Auto Loan,575516.38,8.65,Closed,2024-06-21
6207,3700,Home Loan,3257763.49,9.29,Overdue,2022-12-25
6208,1032,Home Loan,2279550.64,9.75,Active,2023-10-03
6209,3003,Personal Loan,246162.87,11.59,Active,2024-04-03
6210,6648,Education Loan,426266.41,13.09,Overdue,2022-12-03
6211,3735,Personal Loan,199846.96,9.35,Active,2025-01-01
6212,1151,Auto Loan,652098.5,8.64,Overdue,2023-05-05
6213,6074,Education Loan,558332.31,10.23,Overdue,2022-12-21
6214,5024,Home Loan,2255906.06,12.18,Overdue,2023-11-16
6215,204,Auto Loan,315711.86,11.1,Active,2022-07-09
6216,8196,Auto Loan,418170.35,9.7,Active,2024-07-05
6217,6764,Auto Loan,792227.1,6.75,Closed,2023-11-17
6218,3665,Auto Loan,606459.78,11.82,Overdue,2022-11-26
6219,6597,Education Loan,357181.84,11.19,Closed,2023-04-23
6220,4320,Education Loan,259517.9,12.32,Active,2023-06-24
6221,4045,Home Loan,1778125.68,10.54,Active,2022-08-07
6222,3136,Home Loan,2274314.09,9.98,Active,2025-11-18
6223,9255,Home Loan,2044686.32,11.48,Active,2022-08-15
6224,221,Education Loan,601450.15,11.03,Active,2024-05-23
6225,5182,Auto Loan,466129.47,11.65,Closed,2023-12-04
6226,7137,Education Loan,424910.61,9.8,Active,2025-10-11
6227,2087,Auto Loan,703805.84,6.0,Active,2025-03-19
6228,3701,Home Loan,3460940.94,9.1,Active,2022-10-06
6229,122,Auto Loan,1129742.83,12.75,Active,2022-03-20
6230,4961,Auto Loan,695604.59,10.68,Active,2022-07-31
6231,6826,Education Loan,437141.73,10.52,Closed,2025-04-20
6232,3431,Auto Loan,583360.85,11.8,Active,2025-09-17
6233,8482,Auto Loan,457187.67,9.68,Active,2023-02-22
6234,1690,Home Loan,2966976.94,6.0,Closed,2023-11-26
6235,5720,Home Loan,850938.2,7.26,Active,2025-12-26
6236,7157,Home Loan,2502731.07,8.18,Overdue,2024-10-17
6237,4781,Education Loan,585921.95,10.35,Overdue,2023-02-21
6238,6565,Home Loan,4260542.18,8.65,Overdue,2022-08-30
6239,4281,Education Loan,640327.2,10.63,Closed,2025-01-11
6240,606,Home Loan,2484548.38,9.94,Active,2023-10-06
6241,6604,Education Loan,251981.84,14.24,Closed,2024-05-30
6242,8670,Education Loan,584031.02,13.44,Active,2022-02-06
6243,2403,Auto Loan,1067828.44,12.59,Active,2025-07-18
6244,6983,Education Loan,534082.06,11.09,Overdue,2025-02-08
6245,438,Auto Loan,602038.71,12.09,Active,2023-08-19
6246,7214,Personal Loan,167407.01,8.86,Active,2022-10-30
6247,5521,Auto Loan,429962.9,9.69,Active,2023-10-01
6248,8613,Auto Loan,408220.32,9.75,Closed,2025-11-09
6249,2628,Auto Loan,498090.35,10.17,Closed,2025-04-07
6250,9059,Home Loan,3533840.48,10.76,Active,2025-01-22
6251,5476,Education Loan,400520.42,7.91,Active,2023-01-25
6252,708,Personal Loan,180225.81,12.44,Active,2023-02-18
6253,4797,Home Loan,2659054.44,14.13,Closed,2024-08-14
6254,2243,Personal Loan,111831.48,10.7,Active,2023-06-22
6255,6262,Home Loan,2509040.23,12.1,Active,2022-12-25
6256,6073,Home Loan,986101.3,9.59,Overdue,2024-09-08
6257,1189,Personal Loan,214698.55,14.79,Closed,2023-05-02
6258,3928,Auto Loan,485273.47,9.4,Active,2024-11-26
6259,2896,Auto Loan,1050753.29,10.62,Active,2022-01-09
6260,3591,Auto Loan,596023.2,10.48,Active,2022-07-14
6261,7843,Personal Loan,324768.4,10.92,Overdue,2024-01-11
6262,3722,Home Loan,2205263.14,9.15,Active,2024-10-18
6263,4001,Education Loan,721412.46,13.25,Active,2022-09-12
6264,6018,Auto Loan,751501.61,11.96,Active,2025-10-09
6265,3414,Home Loan,3965060.69,12.88,Active,2024-09-22
6266,443,Education Loan,746948.76,9.92,Active,2022-10-10
6267,5586,Auto Loan,981162.95,8.72,Active,2024-04-04
6268,4110,Home Loan,1694800.44,12.32,Active,2025-09-16
6269,1030,Home Loan,2147953.67,8.41,Closed,2025-07-11
6270,5336,Education Loan,541691.58,8.24,Active,2025-08-05
6271,1781,Home Loan,3800002.53,8.45,Active,2025-10-14
6272,7994,Auto Loan,1103996.4,11.8,Active,2025-08-28
6273,5013,Personal Loan,378603.79,10.0,Overdue,2025-10-11
6274,2809,Education Loan,644856.52,10.45,Closed,2022-12-07
6275,5443,Home Loan,1347934.7,11.9,Active,2025-02-12
6276,5489,Home Loan,1731059.07,8.58,Closed,2023-11-30
6277,8014,Education Loan,481418.87,14.65,Active,2022-04-16
6278,9779,Education Loan,428893.59,9.88,Active,2022-11-24
6279,3845,Home Loan,2509212.64,8.62,Overdue,2024-08-17
6280,5181,Auto Loan,667858.91,10.39,Active,2022-04-02
6281,8875,Education Loan,467627.9,13.69,Active,2024-10-01
6282,9501,Home Loan,2918793.98,13.87,Active,2024-02-12
6283,1713,Personal Loan,171200.81,12.49,Active,2023-12-15
6284,1405,Personal Loan,383948.69,11.59,Active,2024-01-18
6285,8166,Personal Loan,311426.65,10.34,Closed,2022-09-01
6286,2740,Personal Loan,389187.37,7.56,Active,2022-05-02
6287,8044,Auto Loan,391790.84,10.51,Active,2023-04-01
6288,5395,Personal Loan,177828.09,9.12,Active,2025-11-23
6289,1343,Auto Loan,560338.59,14.49,Active,2024-02-20
6290,5188,Home Loan,1932829.82,8.9,Overdue,2024-07-16
6291,1151,Education Loan,513905.7,11.78,Overdue,2022-01-27
6292,5249,Home Loan,1223468.9,10.46,Active,2025-11-20
6293,7099,Education Loan,668558.6,7.83,Active,2022-09-30
6294,9305,Education Loan,509719.87,11.16,Active,2025-03-22
6295,1344,Education Loan,384978.31,13.33,Active,2023-06-23
6296,5708,Home Loan,3566812.11,8.35,Closed,2023-01-09
6297,4365,Personal Loan,146853.63,10.12,Overdue,2022-10-16
6298,426,Education Loan,521434.4,13.02,Closed,2025-01-21
6299,9489,Education Loan,879522.71,9.66,Overdue,2025-06-10
6300,6689,Personal Loan,258101.91,10.11,Closed,2023-06-23
6301,8468,Home Loan,2081984.99,8.01,Active,2025-05-29
6302,2530,Education Loan,549449.37,9.34,Active,2023-08-14
6303,8548,Education Loan,416703.93,6.15,Active,2023-07-27
6304,9698,Home Loan,2131066.93,7.3,Active,2024-09-24
6305,1248,Auto Loan,655696.75,8.25,Active,2023-09-26
6306,1298,Auto Loan,632321.2,11.71,Active,2022-07-19
6307,8818,Education Loan,807458.59,6.57,Active,2022-12-05
6308,9933,Education Loan,200108.05,6.67,Closed,2023-09-22
6309,9402,Home Loan,2072315.73,9.26,Active,2022-04-03
6310,6928,Auto Loan,829988.86,11.91,Active,2023-09-20
6311,4389,Education Loan,633804.7,11.51,Closed,2025-07-18
6312,4664,Personal Loan,292306.96,12.51,Overdue,2025-04-29
6313,8919,Personal Loan,300146.94,7.87,Closed,2024-05-15
6314,1641,Auto Loan,668019.77,11.77,Overdue,2023-11-02
6315,2815,Education Loan,427751.95,10.7,Active,2022-09-02
6316,7572,Home Loan,1773440.76,9.76,Active,2024-03-16
6317,5214,Personal Loan,361060.39,10.54,Active,2023-12-03
6318,3404,Home Loan,1384247.62,11.87,Overdue,2025-10-31
6319,591,Personal Loan,264173.1,9.0,Active,2024-07-11
6320,7819,Education Loan,487293.02,10.77,Active,2023-08-28
6321,9123,Auto Loan,774792.74,10.45,Active,2022-11-21
6322,2840,Education Loan,520843.65,10.32,Active,2023-11-30
6323,2172,Auto Loan,905230.81,12.98,Active,2024-03-25
6324,6051,Personal Loan,386999.47,13.01,Overdue,2024-07-13
6325,9969,Education Loan,464261.88,10.02,Active,2023-04-27
6326,641,Home Loan,3634002.87,11.77,Active,2022-01-30
6327,1941,Education Loan,499697.93,10.73,Active,2023-04-12
6328,9922,Home Loan,1897548.68,10.49,Active,2023-09-21
6329,6134,Personal Loan,142076.79,11.56,Active,2023-03-02
6330,1130,Auto Loan,674743.68,12.03,Active,2023-05-26
6331,4211,Education Loan,559586.29,12.41,Closed,2025-10-06
6332,7750,Personal Loan,302390.9,12.47,Active,2022-08-21
6333,6661,Auto Loan,616591.76,11.43,Overdue,2025-06-21
6334,8848,Education Loan,427816.14,12.34,Active,2025-09-18
6335,64,Education Loan,579055.88,8.35,Active,2025-09-01
6336,6975,Personal Loan,217247.07,11.9,Closed,2025-04-28
6337,9788,Education Loan,177760.48,11.99,Active,2022-02-09
6338,5133,Personal Loan,257589.05,9.22,Active,2025-12-02
6339,6303,Education Loan,614252.98,8.23,Active,2024-09-23
6340,1136,Personal Loan,149079.81,11.4,Active,2023-04-14
6341,6964,Home Loan,1898022.38,13.55,Active,2023-11-05
6342,2727,Auto Loan,752332.01,12.7,Overdue,2022-10-30
6343,4273,Auto Loan,603445.41,13.32,Closed,2023-06-16
6344,7652,Home Loan,2441199.71,11.24,Active,2025-12-24
6345,8564,Auto Loan,362318.75,8.16,Active,2023-08-17
6346,3195,Home Loan,4377344.6,10.59,Active,2025-02-26
6347,5177,Home Loan,2991448.95,7.45,Closed,2023-04-06
6348,9440,Personal Loan,371915.09,8.18,Active,2023-12-22
6349,2343,Home Loan,2458544.26,11.56,Active,2022-01-24
6350,3753,Personal Loan,242606.68,8.74,Active,2023-06-21
6351,5008,Education Loan,512239.83,11.85,Closed,2023-11-07
6352,6841,Auto Loan,783636.29,9.95,Active,2025-05-28
6353,5747,Education Loan,384662.64,12.77,Active,2025-02-17
6354,8506,Personal Loan,321356.31,9.43,Closed,2024-12-12
6355,7071,Education Loan,414834.65,9.43,Active,2025-12-20
6356,4052,Personal Loan,142195.79,10.1,Active,2025-05-11
6357,748,Personal Loan,230827.15,11.62,Overdue,2023-02-18
6358,2862,Education Loan,557958.3,10.42,Active,2022-09-19
6359,784,Personal Loan,309286.3,12.73,Active,2024-05-11
6360,5652,Education Loan,280134.25,7.18,Active,2025-05-16
6361,2276,Education Loan,415341.89,11.41,Closed,2022-03-27
6362,5411,Education Loan,283688.52,7.85,Active,2022-02-20
6363,4010,Education Loan,407665.64,13.02,Active,2024-07-10
6364,4198,Education Loan,673222.99,11.27,Active,2024-12-25
6365,3559,Auto Loan,743849.95,12.09,Closed,2025-08-17
6366,8610,Auto Loan,873659.22,6.02,Active,2025-05-24
6367,4329,Personal Loan,298325.07,10.05,Active,2023-07-10
6368,8748,Education Loan,501573.72,11.9,Active,2022-06-26
6369,3397,Auto Loan,939372.14,11.64,Closed,2024-06-14
6370,6525,Education Loan,727070.3,8.95,Closed,2023-11-30
6371,4289,Education Loan,431913.65,9.26,Active,2025-05-27
6372,2937,Home Loan,3589929.57,10.24,Active,2024-10-07
6373,6522,Personal Loan,369192.9,7.41,Active,2024-10-19
6374,2883,Personal Loan,312689.95,10.22,Active,2022-09-16
6375,9349,Education Loan,447465.84,10.63,Closed,2024-05-15
6376,6678,Education Loan,531362.02,9.81,Active,2022-09-15
6377,244,Auto Loan,292505.93,8.8,Closed,2023-07-23
6378,3316,Education Loan,431362.55,11.83,Active,2024-08-21
6379,5294,Auto Loan,772594.72,11.31,Active,2024-05-13
6380,1073,Personal Loan,367322.57,12.58,Closed,2023-02-12
6381,7211,Auto Loan,1099007.21,10.36,Active,2022-11-12
6382,5291,Auto Loan,574243.75,8.27,Active,2023-08-07
6383,1598,Home Loan,2501285.17,10.42,Active,2025-12-01
6384,8705,Personal Loan,337720.19,13.01,Active,2025-09-11
6385,4113,Auto Loan,1078437.19,9.43,Active,2024-02-22
6386,7325,Home Loan,1930340.38,11.07,Active,2022-12-25
6387,3461,Personal Loan,294552.0,10.17,Active,2022-11-29
6388,9325,Home Loan,3182144.71,9.84,Active,2023-01-23
6389,5635,Auto Loan,430264.08,11.97,Closed,2022-06-15
6390,36,Personal Loan,209909.31,7.77,Overdue,2025-08-17
6391,2080,Home Loan,2892696.1,10.5,Active,2023-11-29
6392,8150,Auto Loan,605443.54,9.05,Active,2022-11-25
6393,9761,Education Loan,437153.5,7.46,Active,2022-03-02
6394,6346,Auto Loan,545839.67,7.62,Closed,2024-12-17
6395,6324,Education Loan,669990.99,8.73,Active,2024-01-26
6396,3327,Home Loan,3870302.56,10.68,Active,2022-08-19
6397,7270,Home Loan,2147249.41,7.41,Overdue,2022-08-20
6398,648,Home Loan,2164360.15,10.62,Active,2023-09-28
6399,2926,Education Loan,344420.48,9.08,Closed,2024-09-02
6400,2816,Home Loan,2948346.33,10.25,Active,2023-03-06
6401,5662,Home Loan,2959064.88,12.59,Closed,2022-07-19
6402,8877,Education Loan,756426.56,6.87,Active,2022-12-27
6403,947,Personal Loan,194583.9,10.52,Overdue,2022-08-22
6404,7927,Home Loan,2595397.14,11.66,Closed,2022-01-04
6405,8540,Home Loan,2506704.92,10.7,Active,2023-09-04
6406,6012,Auto Loan,485885.86,15.2,Closed,2024-08-06
6407,3277,Home Loan,1471620.28,11.77,Active,2024-01-07
6408,5292,Auto Loan,714580.52,10.01,Overdue,2023-07-18
6409,3079,Auto Loan,841405.26,12.96,Active,2023-12-25
6410,4643,Home Loan,1729553.92,9.19,Closed,2023-06-17
6411,2797,Education Loan,670060.84,11.43,Closed,2022-10-17
6412,8250,Home Loan,1830967.6,8.6,Overdue,2024-01-30
6413,8109,Education Loan,538391.42,9.57,Overdue,2022-07-27
6414,5616,Auto Loan,456189.23,9.09,Active,2023-11-30
6415,5599,Education Loan,426283.35,11.35,Active,2024-08-17
6416,542,Education Loan,512657.05,11.57,Active,2022-12-12
6417,5092,Education Loan,467014.9,9.68,Active,2024-10-31
6418,6498,Auto Loan,469162.43,7.92,Active,2022-10-19
6419,9764,Home Loan,3751215.33,11.15,Overdue,2024-09-17
6420,1433,Home Loan,2583118.18,9.35,Closed,2023-01-19
6421,7177,Auto Loan,774841.29,13.38,Active,2022-08-06
6422,1263,Home Loan,3130712.88,12.66,Closed,2025-07-07
6423,6752,Home Loan,3159782.4,9.47,Closed,2023-03-30
6424,5147,Personal Loan,225793.87,16.67,Closed,2022-06-09
6425,6147,Education Loan,431395.77,9.48,Active,2023-03-05
6426,499,Home Loan,3251794.56,12.75,Active,2022-10-20
6427,7558,Home Loan,1939798.78,10.56,Active,2022-04-24
6428,3323,Home Loan,3207726.8,13.31,Closed,2025-01-20
6429,7662,Personal Loan,338838.23,7.19,Closed,2023-08-06
6430,5474,Home Loan,2402203.01,12.35,Closed,2022-02-17
6431,3736,Auto Loan,973309.98,7.03,Active,2022-01-25
6432,8140,Personal Loan,158244.59,10.44,Active,2023-11-25
6433,1242,Education Loan,222125.64,11.83,Overdue,2023-12-05
6434,4947,Personal Loan,232817.78,9.35,Active,2024-10-26
6435,4218,Home Loan,1549521.43,7.89,Overdue,2024-07-13
6436,2070,Auto Loan,212356.3,10.46,Active,2024-04-26
6437,960,Personal Loan,168961.53,11.81,Closed,2024-10-03
6438,6729,Auto Loan,642775.87,11.4,Active,2023-10-09
6439,6014,Home Loan,3730160.6,10.4,Active,2024-01-25
6440,6180,Education Loan,666244.29,16.62,Active,2025-12-30
6441,6881,Personal Loan,272432.53,8.84,Closed,2025-10-07
6442,2472,Education Loan,573769.1,8.76,Active,2024-10-31
6443,3716,Personal Loan,399344.14,10.86,Overdue,2022-10-28
6444,6773,Education Loan,661990.77,10.37,Active,2022-12-05
6445,1193,Education Loan,352827.53,9.72,Closed,2024-02-12
6446,7844,Education Loan,494890.88,9.55,Active,2022-05-15
6447,694,Auto Loan,661195.82,9.6,Active,2025-05-10
6448,1510,Personal Loan,125433.56,10.36,Active,2025-12-18
6449,3889,Home Loan,1252079.52,8.93,Active,2025-01-24
6450,6106,Education Loan,228867.43,11.25,Active,2023-10-21
6451,3953,Personal Loan,483949.23,10.14,Active,2025-04-29
6452,8369,Auto Loan,471299.49,7.64,Active,2022-07-19
6453,139,Auto Loan,612194.25,10.41,Active,2022-11-12
6454,2494,Home Loan,2913554.54,10.01,Closed,2024-11-26
6455,8839,Auto Loan,1078234.18,10.77,Closed,2024-12-21
6456,9071,Auto Loan,736147.42,10.92,Active,2023-07-18
6457,3916,Auto Loan,603074.07,12.65,Closed,2025-10-31
6458,6415,Home Loan,2570980.87,9.78,Active,2023-08-17
6459,2225,Personal Loan,223872.06,9.41,Active,2022-04-01
6460,1780,Auto Loan,517935.54,7.27,Active,2024-01-01
6461,6094,Education Loan,376120.39,13.33,Active,2024-10-30
6462,4275,Home Loan,2288810.5,9.3,Closed,2024-03-08
6463,4484,Home Loan,1629060.44,10.59,Closed,2024-08-31
6464,2841,Home Loan,4046016.06,9.59,Overdue,2023-04-06
6465,3361,Home Loan,1487548.98,13.87,Overdue,2023-03-03
6466,3911,Auto Loan,864828.08,8.83,Active,2025-02-21
6467,9649,Auto Loan,1018223.02,8.75,Active,2025-10-11
6468,1903,Auto Loan,436928.46,9.88,Overdue,2022-01-20
6469,2144,Personal Loan,159512.04,10.17,Active,2022-04-20
6470,5594,Auto Loan,710530.88,7.01,Active,2022-07-02
6471,6791,Auto Loan,1227404.28,12.54,Active,2025-09-20
6472,7687,Home Loan,2681755.96,13.91,Active,2025-08-09
6473,8094,Home Loan,2894828.76,9.86,Active,2022-11-24
6474,282,Home Loan,3853750.12,8.01,Overdue,2022-03-28
6475,7355,Home Loan,3016049.85,8.4,Overdue,2022-10-09
6476,1506,Personal Loan,347345.22,8.16,Closed,2022-01-24
6477,2644,Personal Loan,150197.44,13.16,Closed,2025-11-02
6478,5683,Personal Loan,211938.61,14.24,Active,2024-01-15
6479,4419,Education Loan,634798.29,9.87,Active,2025-06-21
6480,9885,Auto Loan,629511.05,9.0,Active,2024-05-11
6481,4589,Auto Loan,516865.32,8.27,Closed,2022-01-27
6482,6695,Personal Loan,87589.27,12.48,Overdue,2022-02-19
6483,7908,Education Loan,329292.89,9.64,Overdue,2022-04-26
6484,4913,Home Loan,1178352.99,10.48,Overdue,2025-03-04
6485,1519,Auto Loan,912415.69,11.05,Closed,2023-12-28
6486,8630,Education Loan,549631.85,12.3,Active,2022-09-21
6487,1568,Auto Loan,697368.41,12.06,Overdue,2023-10-05
6488,7051,Home Loan,1604572.27,8.93,Active,2025-10-29
6489,3242,Home Loan,2578422.71,8.67,Overdue,2023-10-28
6490,8587,Personal Loan,177128.47,6.93,Active,2024-10-27
6491,7971,Personal Loan,248707.47,11.47,Active,2023-09-29
6492,5533,Personal Loan,138527.09,13.03,Overdue,2023-11-03
6493,4411,Personal Loan,205277.85,11.46,Closed,2022-07-08
6494,5545,Education Loan,368231.67,10.62,Overdue,2024-04-04
6495,1432,Personal Loan,251608.1,8.04,Overdue,2023-02-20
6496,8381,Personal Loan,189709.07,12.85,Closed,2023-08-05
6497,1280,Home Loan,1384855.73,9.6,Closed,2022-03-01
6498,9135,Personal Loan,472968.13,10.61,Active,2024-07-20
6499,4300,Home Loan,1522822.21,9.73,Overdue,2025-06-23
6500,3935,Personal Loan,50000.0,15.12,Active,2025-10-29
6501,8420,Education Loan,644688.78,10.29,Active,2023-08-15
6502,6881,Personal Loan,285547.74,12.55,Active,2022-02-19
6503,483,Home Loan,1155216.87,7.35,Active,2025-06-26
6504,1679,Personal Loan,188876.12,16.81,Active,2023-05-20
6505,364,Auto Loan,614736.61,14.69,Active,2025-07-19
6506,2800,Education Loan,571486.9,9.1,Active,2024-09-08
6507,9552,Auto Loan,542841.3,6.0,Closed,2023-03-08
6508,8603,Education Loan,772372.17,11.13,Active,2025-04-17
6509,5487,Personal Loan,274848.86,10.27,Active,2022-05-07
6510,1893,Auto Loan,1067912.08,9.31,Active,2023-03-03
6511,5172,Auto Loan,919591.71,12.97,Active,2023-08-04
6512,8378,Education Loan,581069.48,11.46,Active,2025-06-12
6513,9034,Personal Loan,226870.08,12.96,Closed,2023-06-09
6514,8716,Auto Loan,689836.4,9.88,Active,2023-10-06
6515,9566,Personal Loan,233351.53,9.1,Active,2022-02-10
6516,975,Education Loan,516188.11,9.74,Active,2025-11-05
6517,5813,Auto Loan,639682.04,10.52,Closed,2024-03-03
6518,456,Education Loan,448167.3,12.06,Active,2025-12-02
6519,8419,Home Loan,3085702.84,10.47,Active,2022-07-08
6520,7832,Home Loan,3353704.45,11.58,Active,2025-06-08
6521,3418,Home Loan,1453182.21,7.64,Overdue,2024-01-28
6522,5720,Home Loan,3107535.35,11.83,Closed,2022-08-16
6523,6432,Personal Loan,277646.75,12.68,Active,2024-03-15
6524,8023,Home Loan,3565426.1,10.84,Overdue,2022-09-23
6525,7247,Home Loan,3483327.25,8.71,Active,2022-11-20
6526,4882,Auto Loan,997928.23,8.85,Overdue,2024-11-01
6527,2097,Personal Loan,182764.04,7.67,Overdue,2025-05-22
6528,1679,Home Loan,1086821.34,10.87,Overdue,2025-05-15
6529,7056,Personal Loan,351756.2,10.64,Active,2025-12-07
6530,2765,Auto Loan,795555.1,8.67,Active,2025-01-24
6531,1685,Home Loan,3171189.94,8.72,Overdue,2022-12-02
6532,7316,Home Loan,4072345.74,7.55,Active,2025-09-24
6533,2,Education Loan,493900.74,12.77,Active,2022-12-04
6534,6275,Education Loan,657531.07,11.06,Active,2024-09-29
6535,3653,Auto Loan,713617.12,12.15,Active,2024-07-13
6536,2212,Home Loan,3769727.86,9.0,Active,2023-02-22
6537,474,Education Loan,452313.09,11.77,Closed,2023-08-03
6538,2667,Personal Loan,326913.39,8.66,Overdue,2022-03-17
6539,5624,Auto Loan,672153.9,10.0,Active,2025-02-18
6540,431,Education Loan,473091.5,8.43,Active,2025-01-30
6541,3373,Auto Loan,368659.86,10.58,Overdue,2025-10-01
6542,6171,Home Loan,3873709.01,7.86,Active,2022-06-16
6543,7141,Auto Loan,884507.53,10.12,Closed,2022-11-11
6544,5971,Personal Loan,248845.4,7.6,Active,2025-09-21
6545,6689,Home Loan,2457123.91,12.0,Overdue,2022-02-27
6546,3097,Personal Loan,131861.1,6.0,Active,2024-01-11
6547,7689,Personal Loan,263847.64,10.46,Active,2022-03-20
6548,3544,Auto Loan,369429.72,10.66,Closed,2022-06-19
6549,4371,Auto Loan,592647.37,14.17,Overdue,2023-06-05
6550,5733,Auto Loan,714823.37,8.55,Closed,2025-12-09
6551,5586,Education Loan,473866.36,14.53,Active,2023-01-08
6552,1458,Education Loan,547812.0,10.19,Overdue,2023-03-17
6553,3865,Personal Loan,303961.76,9.55,Active,2024-03-16
6554,5344,Personal Loan,190649.86,6.97,Active,2025-08-20
6555,2936,Auto Loan,888685.39,8.46,Closed,2022-12-26
6556,5206,Auto Loan,1041465.5,8.38,Active,2024-06-28
6557,2981,Auto Loan,571246.01,11.13,Active,2025-12-28
6558,4918,Education Loan,348697.14,14.77,Closed,2023-02-21
6559,3337,Education Loan,648963.63,10.28,Closed,2022-08-23
6560,10000,Home Loan,3110869.62,8.23,Overdue,2022-03-27
6561,9946,Education Loan,376135.26,8.78,Active,2025-06-28
6562,3792,Education Loan,795810.12,10.86,Closed,2025-08-30
6563,2112,Home Loan,1545417.55,13.1,Overdue,2022-08-16
6564,4484,Education Loan,672083.48,11.01,Active,2022-06-11
6565,9915,Home Loan,3348122.41,9.24,Active,2025-03-08
6566,5772,Personal Loan,50000.0,10.2,Active,2024-07-30
6567,2911,Education Loan,572331.14,9.31,Active,2024-03-13
6568,8212,Personal Loan,146444.5,11.93,Active,2024-11-30
6569,4833,Auto Loan,753550.66,13.62,Active,2024-02-03
6570,5705,Auto Loan,336297.84,10.57,Closed,2025-06-16
6571,6243,Home Loan,3662278.21,11.32,Closed,2024-10-04
6572,9042,Auto Loan,231176.93,11.38,Active,2024-07-10
6573,7363,Auto Loan,453745.32,11.69,Closed,2023-07-27
6574,4499,Home Loan,2134591.64,12.61,Active,2023-10-11
6575,2324,Personal Loan,216395.88,11.79,Overdue,2022-05-27
6576,4872,Auto Loan,540400.72,11.6,Active,2025-11-02
6577,8202,Education Loan,468904.55,9.28,Overdue,2022-08-17
6578,2635,Personal Loan,248258.25,8.77,Overdue,2022-07-11
6579,2871,Education Loan,383727.62,11.23,Closed,2022-07-10
6580,2801,Home Loan,2374135.77,12.02,Active,2022-09-19
6581,4749,Home Loan,2589118.63,11.35,Active,2025-07-14
6582,1511,Auto Loan,771466.56,8.77,Active,2022-04-12
6583,3080,Education Loan,265363.7,8.09,Overdue,2023-07-04
6584,4609,Personal Loan,294081.27,11.27,Overdue,2023-06-02
6585,2052,Personal Loan,75011.49,10.45,Closed,2022-05-23
6586,227,Home Loan,2335420.49,9.01,Closed,2024-03-14
6587,300,Personal Loan,248689.45,10.39,Active,2025-05-17
6588,9356,Education Loan,601874.24,13.37,Closed,2023-05-26
6589,2494,Education Loan,434748.66,9.39,Active,2023-04-09
6590,7655,Education Loan,269554.77,12.73,Closed,2025-10-30
6591,6939,Personal Loan,302352.17,11.09,Active,2024-04-23
6592,805,Personal Loan,271691.68,11.86,Closed,2025-10-08
6593,9895,Auto Loan,474078.48,11.03,Active,2024-10-10
6594,4523,Personal Loan,53903.52,8.48,Active,2022-09-26
6595,8499,Auto Loan,412950.2,8.53,Active,2024-11-01
6596,2833,Education Loan,486373.37,8.66,Active,2023-11-07
6597,4497,Home Loan,2848387.52,6.93,Closed,2022-03-24
6598,3332,Education Loan,655669.86,9.12,Closed,2023-10-22
6599,4991,Personal Loan,225483.97,13.61,Overdue,2025-03-04
6600,7371,Education Loan,689065.99,8.4,Overdue,2024-04-14
6601,3876,Auto Loan,601286.28,10.75,Active,2023-05-06
6602,9609,Personal Loan,186619.06,11.65,Active,2022-12-14
6603,4831,Education Loan,400890.36,10.62,Closed,2025-12-23
6604,9789,Education Loan,353978.5,12.09,Active,2022-06-21
6605,1511,Education Loan,669648.95,11.66,Active,2025-02-05
6606,485,Personal Loan,228820.48,11.06,Active,2022-10-01
6607,4951,Education Loan,397296.49,10.57,Closed,2025-10-18
6608,7244,Auto Loan,714149.35,12.37,Active,2025-05-03
6609,5726,Education Loan,108491.84,9.24,Active,2024-06-08
6610,4290,Home Loan,4425595.33,10.92,Active,2022-08-16
6611,8582,Personal Loan,120423.24,8.58,Active,2022-12-18
6612,5423,Personal Loan,209811.48,14.23,Active,2022-05-31
6613,592,Auto Loan,531050.69,10.45,Active,2022-10-30
6614,825,Personal Loan,96889.98,11.38,Overdue,2024-12-01
6615,111,Home Loan,3527732.98,9.66,Active,2024-12-13
6616,2222,Auto Loan,989936.26,10.2,Active,2025-06-18
6617,4071,Personal Loan,285178.47,9.09,Active,2024-08-05
6618,6301,Education Loan,482260.35,10.12,Active,2022-04-24
6619,8241,Auto Loan,557044.1,12.3,Overdue,2023-04-26
6620,2548,Education Loan,682570.61,13.38,Active,2024-03-05
6621,6716,Personal Loan,329456.55,11.07,Overdue,2025-12-25
6622,6247,Personal Loan,121042.34,7.67,Closed,2023-09-30
6623,9235,Personal Loan,330913.88,12.21,Active,2024-11-10
6624,2890,Auto Loan,725355.37,8.43,Active,2022-07-25
6625,6828,Home Loan,3295538.28,9.75,Active,2023-09-26
6626,6483,Home Loan,2087647.75,13.1,Active,2023-03-17
6627,7969,Auto Loan,748304.67,10.42,Overdue,2022-05-05
6628,7907,Personal Loan,380822.68,13.56,Active,2023-11-22
6629,7427,Education Loan,257784.5,9.87,Closed,2023-08-15
6630,5809,Home Loan,2730815.42,13.78,Overdue,2023-01-20
6631,1080,Auto Loan,974655.14,10.05,Closed,2022-09-05
6632,2370,Auto Loan,860845.74,12.22,Overdue,2022-03-22
6633,8551,Auto Loan,377009.51,10.96,Closed,2025-07-31
6634,5619,Personal Loan,50000.0,11.33,Active,2022-03-03
6635,3873,Auto Loan,598275.06,13.5,Overdue,2025-12-28
6636,9005,Home Loan,3312687.03,10.78,Closed,2025-10-10
6637,4401,Auto Loan,1027295.59,7.25,Closed,2024-03-23
6638,5222,Auto Loan,695335.68,8.77,Active,2023-09-27
6639,3434,Home Loan,2352673.98,8.66,Active,2022-05-19
6640,4176,Education Loan,265381.77,12.21,Closed,2022-07-11
6641,3281,Auto Loan,497601.83,8.31,Overdue,2022-08-31
6642,7003,Personal Loan,411377.76,6.75,Active,2025-06-21
6643,2242,Auto Loan,523221.07,8.97,Closed,2024-11-24
6644,6365,Home Loan,4134730.77,14.04,Closed,2023-12-24
6645,7147,Education Loan,619021.82,7.09,Closed,2022-09-27
6646,1148,Home Loan,2413047.3,9.54,Active,2025-05-08
6647,5822,Education Loan,383955.6,7.0,Active,2025-05-14
6648,9845,Education Loan,347378.66,14.34,Overdue,2022-01-10
6649,8916,Auto Loan,217702.22,10.86,Active,2023-09-28
6650,738,Auto Loan,377414.12,12.78,Overdue,2022-11-07
6651,3892,Personal Loan,241824.85,9.62,Closed,2024-03-29
6652,1759,Education Loan,205365.03,12.13,Overdue,2022-12-23
6653,3233,Education Loan,480688.8,11.79,Active,2024-04-07
6654,9157,Home Loan,2762596.39,9.21,Active,2022-01-13
6655,5436,Personal Loan,179812.67,8.93,Active,2025-11-28
6656,1726,Personal Loan,215349.33,11.74,Active,2024-02-05
6657,7696,Home Loan,1835309.26,11.25,Active,2024-10-26
6658,4389,Education Loan,388072.67,10.43,Overdue,2023-07-01
6659,3484,Personal Loan,202735.3,12.4,Active,2025-01-26
6660,6041,Home Loan,4337653.64,11.16,Closed,2023-08-10
6661,2507,Personal Loan,348604.86,11.34,Overdue,2025-04-30
6662,8943,Auto Loan,1234901.9,9.25,Active,2025-04-20
6663,5741,Education Loan,756372.8,9.59,Closed,2025-03-16
6664,5223,Personal Loan,197772.01,7.99,Closed,2025-04-21
6665,7808,Home Loan,3005532.13,11.67,Overdue,2024-04-27
6666,2361,Home Loan,1133719.3,12.38,Active,2023-01-22
6667,3083,Home Loan,1680009.4,13.95,Active,2025-11-30
6668,5338,Education Loan,728275.49,9.67,Active,2023-11-24
6669,6048,Home Loan,478290.32,9.26,Active,2025-08-13
6670,6822,Auto Loan,694369.51,10.76,Overdue,2023-01-01
6671,7772,Home Loan,2992930.17,11.09,Active,2025-05-16
6672,6778,Auto Loan,892280.02,9.9,Closed,2025-04-20
6673,4475,Auto Loan,463856.64,8.58,Active,2023-12-16
6674,9309,Home Loan,857773.72,11.61,Active,2024-06-12
6675,3634,Education Loan,504689.35,7.89,Active,2022-09-23
6676,707,Education Loan,983683.9,11.37,Overdue,2025-05-31
6677,7564,Home Loan,2276537.23,6.64,Active,2024-03-12
6678,8597,Education Loan,814754.94,14.25,Active,2024-08-18
6679,5760,Personal Loan,273311.51,6.79,Closed,2022-01-10
6680,1694,Auto Loan,501734.15,9.05,Active,2023-08-14
6681,1732,Auto Loan,505248.56,10.18,Overdue,2022-05-13
6682,4006,Home Loan,2944231.65,10.1,Active,2023-08-25
6683,7027,Home Loan,1950882.1,12.04,Overdue,2022-07-13
6684,7691,Personal Loan,310192.19,13.13,Active,2025-06-12
6685,5592,Auto Loan,585963.82,10.4,Active,2022-07-16
6686,4987,Home Loan,2903104.42,9.33,Active,2025-03-04
6687,8698,Education Loan,476963.96,10.48,Closed,2023-02-19
6688,5729,Auto Loan,892385.38,10.38,Active,2022-11-02
6689,3171,Auto Loan,952305.49,13.13,Closed,2024-06-03
6690,3041,Home Loan,2430825.23,9.55,Active,2025-11-14
6691,2531,Auto Loan,734282.02,14.0,Active,2023-08-15
6692,5822,Education Loan,50000.0,9.46,Active,2024-11-08
6693,85,Home Loan,2612635.77,10.77,Active,2024-09-25
6694,6192,Home Loan,3972408.22,11.04,Active,2024-09-13
6695,2207,Personal Loan,268293.57,11.16,Overdue,2025-01-30
6696,3096,Auto Loan,671450.88,9.66,Active,2025-02-10
6697,1537,Education Loan,526560.87,9.26,Overdue,2022-07-09
6698,8730,Auto Loan,1336227.77,9.15,Active,2024-08-02
6699,7543,Home Loan,2539125.19,13.65,Closed,2025-02-09
6700,3695,Home Loan,3527973.43,12.04,Active,2022-12-13
6701,5387,Education Loan,741164.41,9.31,Closed,2024-12-16
6702,6658,Auto Loan,389512.84,10.7,Active,2025-10-14
6703,4484,Home Loan,2004224.86,8.59,Active,2022-05-30
6704,5405,Home Loan,1879120.66,14.65,Active,2025-05-22
6705,7380,Auto Loan,708474.19,7.29,Closed,2024-06-23
6706,5512,Education Loan,352187.0,10.43,Active,2022-12-01
6707,767,Personal Loan,274317.3,11.65,Closed,2024-06-10
6708,1843,Personal Loan,221220.54,7.97,Active,2024-03-07
6709,8522,Auto Loan,604255.61,11.61,Closed,2022-05-09
6710,5955,Home Loan,3367609.17,11.86,Closed,2022-09-07
6711,3715,Home Loan,1113277.05,11.6,Active,2022-02-13
6712,8176,Education Loan,422180.34,8.75,Active,2024-11-03
6713,5724,Auto Loan,1058790.94,10.18,Active,2022-08-12
6714,4290,Home Loan,2530340.31,12.39,Closed,2022-09-13
6715,7017,Personal Loan,345734.43,8.36,Active,2022-10-23
6716,2368,Education Loan,586296.58,10.44,Closed,2022-10-19
6717,6621,Home Loan,1992419.0,13.16,Active,2024-03-21
6718,961,Home Loan,1953376.35,6.0,Active,2023-04-22
6719,1551,Auto Loan,1202504.84,7.79,Active,2022-09-16
6720,7629,Education Loan,449445.81,11.56,Closed,2023-11-14
6721,55,Education Loan,605590.18,13.82,Closed,2025-08-10
6722,2997,Auto Loan,251946.34,8.22,Active,2023-06-03
6723,1258,Education Loan,485436.94,10.68,Overdue,2025-12-25
6724,553,Personal Loan,392919.17,7.64,Closed,2025-06-06
6725,1731,Personal Loan,262460.42,12.72,Active,2022-07-23
6726,1221,Education Loan,343519.44,8.53,Active,2024-05-29
6727,8639,Personal Loan,177065.71,11.04,Overdue,2025-05-03
6728,1882,Personal Loan,315610.86,8.37,Overdue,2022-04-18
6729,2492,Personal Loan,209802.15,12.28,Overdue,2024-02-02
6730,1231,Personal Loan,89639.7,10.42,Active,2025-11-14
6731,5470,Education Loan,570252.94,10.43,Active,2024-04-09
6732,6111,Education Loan,526964.08,8.11,Active,2023-07-27
6733,8542,Auto Loan,681901.58,12.65,Overdue,2023-11-01
6734,2366,Auto Loan,956133.56,11.54,Closed,2022-01-08
6735,2142,Education Loan,847875.89,15.73,Active,2022-09-23
6736,4171,Home Loan,2858352.76,8.16,Active,2022-08-24
6737,9375,Personal Loan,208649.13,12.86,Active,2024-10-30
6738,3142,Auto Loan,524055.63,10.86,Active,2022-10-15
6739,1332,Education Loan,170605.6,9.8,Active,2024-06-10
6740,3652,Personal Loan,190181.57,9.55,Active,2023-07-12
6741,5396,Auto Loan,657032.8,9.28,Active,2022-08-03
6742,9906,Personal Loan,386108.92,12.56,Active,2022-04-04
6743,1834,Auto Loan,703151.68,14.0,Active,2024-10-22
6744,4402,Education Loan,321087.34,11.53,Closed,2023-07-21
6745,6201,Personal Loan,310579.26,8.84,Closed,2025-02-09
6746,3587,Education Loan,575385.76,11.21,Active,2023-09-12
6747,8061,Education Loan,365636.27,10.03,Closed,2023-06-09
6748,4367,Home Loan,2661282.05,9.06,Active,2025-03-16
6749,761,Personal Loan,196617.77,6.02,Active,2025-05-07
6750,7,Education Loan,516417.94,11.6,Active,2022-07-02
6751,1150,Home Loan,505996.07,11.65,Active,2024-01-25
6752,314,Education Loan,540496.16,15.17,Overdue,2022-01-23
6753,1454,Home Loan,4122606.88,14.11,Closed,2023-05-01
6754,9546,Personal Loan,331601.99,8.88,Overdue,2022-01-28
6755,122,Personal Loan,381835.38,11.34,Active,2023-02-17
6756,9727,Education Loan,678192.96,6.7,Active,2024-12-13
6757,8412,Auto Loan,804607.17,13.17,Closed,2025-06-14
6758,1411,Personal Loan,278805.55,9.64,Active,2022-01-25
6759,9018,Auto Loan,449335.49,9.84,Active,2024-06-15
6760,4151,Home Loan,2398925.99,10.88,Overdue,2023-12-31
6761,6741,Home Loan,2287262.07,11.27,Active,2024-04-09
6762,2053,Personal Loan,275345.8,8.53,Overdue,2022-09-20
6763,3006,Education Loan,544328.37,11.4,Overdue,2024-06-16
6764,3931,Education Loan,700826.61,9.98,Active,2024-08-09
6765,5295,Personal Loan,237185.97,13.53,Overdue,2024-04-09
6766,3069,Auto Loan,771730.01,9.63,Active,2024-06-10
6767,3015,Home Loan,2124909.15,9.44,Overdue,2023-02-15
6768,5061,Education Loan,646251.08,10.26,Active,2023-04-22
6769,1892,Auto Loan,626596.87,9.59,Active,2024-09-25
6770,6152,Home Loan,2445821.3,8.04,Active,2023-07-15
6771,3092,Personal Loan,321636.61,15.02,Active,2022-09-13
6772,5127,Education Loan,723694.3,9.7,Active,2023-11-26
6773,8729,Education Loan,709269.39,10.87,Closed,2023-06-02
6774,6959,Home Loan,2765960.36,9.27,Active,2025-08-17
6775,6439,Auto Loan,992063.82,12.39,Overdue,2022-06-23
6776,2430,Education Loan,459801.92,9.57,Overdue,2025-07-27
6777,9340,Auto Loan,983592.99,8.5,Active,2022-07-23
6778,1325,Personal Loan,213765.13,10.43,Active,2023-10-23
6779,3267,Auto Loan,729245.61,13.2,Active,2023-08-15
6780,5197,Personal Loan,325491.82,10.22,Active,2025-06-23
6781,7800,Education Loan,449613.32,10.62,Active,2025-04-09
6782,2234,Auto Loan,898457.3,9.11,Active,2022-04-20
6783,3921,Education Loan,478808.09,8.88,Active,2022-10-17
6784,8016,Auto Loan,743316.0,10.11,Active,2025-05-13
6785,8360,Personal Loan,197986.48,10.93,Active,2022-01-07
6786,3342,Auto Loan,749918.7,7.68,Overdue,2024-11-10
6787,1029,Personal Loan,204279.39,8.74,Active,2025-04-02
6788,7655,Home Loan,1811503.6,11.2,Closed,2025-05-08
6789,8121,Education Loan,145747.19,11.84,Closed,2024-10-04
6790,4312,Education Loan,590949.72,10.77,Active,2022-04-02
6791,8039,Home Loan,3412022.81,11.16,Overdue,2022-06-14
6792,1463,Education Loan,700130.79,10.54,Active,2022-04-22
6793,6099,Home Loan,1449931.78,9.87,Active,2022-09-23
6794,600,Personal Loan,306855.7,14.22,Overdue,2025-01-03
6795,7885,Personal Loan,389596.78,10.89,Active,2024-09-27
6796,424,Auto Loan,779970.51,12.67,Closed,2022-06-03
6797,8956,Personal Loan,119879.78,9.53,Overdue,2023-09-12
6798,6550,Personal Loan,336900.84,8.81,Overdue,2022-12-30
6799,6726,Auto Loan,505247.67,10.72,Closed,2025-01-29
6800,7768,Education Loan,1025133.68,11.07,Active,2025-06-03
6801,9374,Auto Loan,624890.23,9.13,Active,2023-10-09
6802,6879,Education Loan,598245.59,15.15,Active,2023-10-16
6803,5765,Home Loan,2398281.35,11.21,Active,2023-04-18
6804,7625,Auto Loan,547102.0,9.94,Active,2022-05-14
6805,5789,Personal Loan,263348.43,8.21,Closed,2025-05-20
6806,9834,Education Loan,504592.09,10.29,Active,2024-11-17
6807,1157,Personal Loan,432826.69,11.52,Active,2022-08-30
6808,8335,Personal Loan,192015.04,14.56,Active,2025-01-21
6809,4125,Home Loan,1741239.73,9.07,Overdue,2025-05-27
6810,7903,Home Loan,3129331.5,11.58,Active,2025-05-19
6811,3003,Home Loan,2372764.09,8.78,Overdue,2023-02-17
6812,8202,Auto Loan,933946.15,12.63,Active,2024-11-20
6813,9252,Home Loan,2325161.86,11.37,Overdue,2024-03-23
6814,4467,Home Loan,1818187.01,8.96,Active,2022-11-14
6815,9435,Personal Loan,296948.29,8.96,Overdue,2024-07-12
6816,2253,Education Loan,458787.05,10.46,Closed,2025-05-18
6817,5470,Auto Loan,644054.72,8.53,Active,2024-07-03
6818,2383,Auto Loan,317266.41,9.69,Overdue,2023-08-11
6819,4261,Auto Loan,1030297.83,10.41,Active,2025-07-24
6820,8390,Education Loan,242536.51,8.63,Closed,2024-09-04
6821,5183,Home Loan,2401966.11,9.35,Active,2022-02-16
6822,6587,Education Loan,394064.99,8.33,Active,2025-06-26
6823,3948,Education Loan,480571.16,11.27,Active,2023-11-11
6824,915,Education Loan,322008.78,7.72,Active,2025-04-12
6825,5788,Personal Loan,499403.95,12.0,Active,2024-11-10
6826,1422,Home Loan,2970053.53,10.15,Active,2025-05-23
6827,3447,Home Loan,1845285.39,13.28,Closed,2025-03-21
6828,8711,Home Loan,3448189.99,10.85,Closed,2022-08-11
6829,8505,Home Loan,2106961.03,12.98,Active,2023-06-06
6830,1468,Auto Loan,786568.56,12.7,Overdue,2023-09-07
6831,8733,Personal Loan,186891.97,8.41,Active,2023-12-29
6832,9312,Home Loan,2415706.88,9.97,Active,2023-09-30
6833,4667,Personal Loan,407212.27,7.59,Active,2024-03-21
6834,367,Personal Loan,147680.79,8.78,Overdue,2022-09-20
6835,3148,Auto Loan,797115.46,11.79,Overdue,2025-03-20
6836,417,Education Loan,456863.21,13.39,Closed,2023-02-19
6837,8993,Home Loan,3456236.44,13.08,Overdue,2022-03-14
6838,6438,Education Loan,689089.78,10.25,Closed,2025-01-05
6839,17,Personal Loan,112086.4,12.23,Active,2023-07-27
6840,3623,Home Loan,2753273.74,8.02,Closed,2025-12-14
6841,6808,Personal Loan,171104.22,8.86,Active,2023-07-17
6842,2905,Personal Loan,175646.25,10.58,Overdue,2022-06-27
6843,6842,Education Loan,614389.08,8.18,Active,2023-05-26
6844,1596,Home Loan,2657188.13,11.45,Active,2023-05-16
6845,8925,Home Loan,2450252.81,13.22,Overdue,2022-08-07
6846,3513,Education Loan,419248.57,10.52,Active,2022-09-02
6847,7685,Auto Loan,700811.61,11.59,Active,2022-02-26
6848,2381,Education Loan,662113.9,11.19,Active,2025-12-06
6849,6687,Personal Loan,321401.97,9.67,Active,2023-03-05
6850,288,Personal Loan,334609.15,11.33,Overdue,2024-10-01
6851,1980,Education Loan,401323.95,10.66,Closed,2024-05-03
6852,726,Home Loan,4717810.44,10.89,Active,2023-08-24
6853,7475,Home Loan,1913618.69,12.5,Overdue,2025-02-16
6854,9288,Home Loan,2571479.45,8.4,Active,2024-03-08
6855,9051,Auto Loan,808479.32,8.2,Closed,2024-03-13
6856,8699,Personal Loan,135034.32,11.01,Active,2022-04-03
6857,648,Home Loan,4189094.93,10.56,Active,2023-09-30
6858,3852,Education Loan,834547.06,10.59,Active,2024-09-27
6859,8610,Home Loan,3256797.1,8.45,Closed,2025-11-01
6860,7519,Personal Loan,312122.65,6.0,Active,2022-03-28
6861,8857,Auto Loan,184751.4,11.87,Active,2025-04-10
6862,9427,Home Loan,2441441.13,9.23,Active,2025-09-28
6863,1786,Auto Loan,515591.33,11.16,Active,2025-11-29
6864,4115,Auto Loan,785736.6,8.29,Closed,2025-05-08
6865,5026,Personal Loan,284105.01,9.71,Closed,2025-11-16
6866,2333,Personal Loan,282059.94,11.96,Active,2025-03-29
6867,6492,Auto Loan,338538.0,12.41,Active,2022-07-07
6868,2150,Auto Loan,659625.11,9.04,Active,2025-08-13
6869,1390,Auto Loan,173047.9,9.67,Active,2025-07-26
6870,6635,Home Loan,3752271.43,11.06,Active,2024-02-16
6871,3571,Home Loan,3028401.28,10.5,Overdue,2025-12-04
6872,8968,Education Loan,174297.59,15.58,Active,2025-11-22
6873,7291,Personal Loan,301133.92,7.03,Active,2025-05-01
6874,1621,Education Loan,100593.0,9.01,Active,2024-02-02
6875,8334,Education Loan,441907.75,7.75,Active,2025-04-08
6876,476,Education Loan,541366.27,11.1,Active,2022-04-30
6877,6230,Home Loan,2373550.34,9.5,Active,2025-12-16
6878,6252,Home Loan,2148791.01,14.53,Active,2023-10-09
6879,1574,Auto Loan,50000.0,10.4,Active,2023-10-28
6880,492,Home Loan,2958998.19,13.29,Closed,2022-11-06
6881,4594,Auto Loan,520203.97,9.07,Closed,2025-05-30
6882,8640,Education Loan,570134.56,16.22,Active,2025-09-12
6883,8678,Personal Loan,224636.06,8.38,Active,2022-12-29
6884,8481,Personal Loan,214333.81,11.27,Active,2023-07-14
6885,2959,Home Loan,2405949.51,13.62,Active,2022-09-13
6886,7656,Auto Loan,678516.63,6.4,Overdue,2023-01-11
6887,3404,Home Loan,2245522.55,7.38,Closed,2023-07-14
6888,5872,Auto Loan,911918.72,6.0,Active,2025-06-21
6889,9933,Home Loan,1160470.99,9.79,Active,2025-11-25
6890,2735,Personal Loan,259968.53,10.41,Active,2023-11-12
6891,2969,Auto Loan,757644.36,9.82,Closed,2022-01-31
6892,7211,Auto Loan,1198043.2,9.93,Active,2024-02-27
6893,8529,Personal Loan,358055.38,8.52,Active,2024-07-20
6894,8354,Auto Loan,820518.98,13.65,Active,2025-01-13
6895,8507,Education Loan,800257.33,13.17,Active,2024-05-03
6896,1314,Personal Loan,266435.32,6.23,Active,2022-05-19
6897,7111,Education Loan,772799.34,7.14,Active,2022-11-05
6898,7531,Auto Loan,678018.88,11.03,Closed,2025-10-18
6899,5746,Auto Loan,930782.71,10.9,Active,2023-11-02
6900,8933,Home Loan,1656168.5,9.7,Overdue,2024-06-02
6901,8123,Auto Loan,549500.19,11.95,Active,2023-12-30
6902,8425,Home Loan,2020339.02,9.29,Overdue,2024-02-03
6903,8895,Personal Loan,273676.58,11.52,Active,2025-06-26
6904,1633,Home Loan,2801617.18,9.22,Closed,2024-01-08
6905,9719,Home Loan,2738192.36,11.08,Overdue,2022-05-22
6906,7673,Education Loan,533800.21,13.61,Active,2023-02-10
6907,7353,Personal Loan,304352.57,8.66,Active,2023-09-22
6908,9744,Home Loan,3087593.43,10.4,Active,2023-10-27
6909,1800,Personal Loan,190896.77,7.47,Active,2023-08-02
6910,8688,Auto Loan,375750.02,11.7,Active,2022-03-21
6911,418,Home Loan,1667731.55,10.26,Active,2022-07-09
6912,9481,Personal Loan,384393.16,12.35,Closed,2025-07-16
6913,5508,Education Loan,371075.68,11.03,Overdue,2025-09-01
6914,1817,Home Loan,2703596.8,12.08,Overdue,2023-03-31
6915,3788,Education Loan,519736.86,10.52,Active,2024-10-05
6916,4955,Home Loan,3420716.24,11.4,Active,2022-01-08
6917,4589,Education Loan,475229.83,12.27,Closed,2023-09-12
6918,8657,Education Loan,573046.33,11.81,Active,2023-06-18
6919,9249,Personal Loan,199925.97,11.91,Closed,2025-08-10
6920,3366,Personal Loan,251723.45,10.96,Overdue,2025-10-06
6921,5417,Auto Loan,550956.81,8.43,Active,2024-07-03
6922,1863,Education Loan,111194.82,12.97,Closed,2022-04-13
6923,8031,Home Loan,3022034.29,9.87,Closed,2023-11-22
6924,9036,Auto Loan,695164.46,10.24,Closed,2023-09-05
6925,745,Education Loan,609072.19,11.7,Active,2023-09-11
6926,1489,Education Loan,255910.29,11.78,Closed,2024-03-19
6927,4643,Education Loan,400830.65,13.17,Closed,2024-02-06
6928,4091,Auto Loan,612373.12,13.65,Closed,2025-11-05
6929,2112,Education Loan,255889.43,11.18,Closed,2022-12-20
6930,9331,Education Loan,503136.92,11.38,Active,2025-08-08
6931,9090,Personal Loan,393578.79,9.24,Closed,2025-11-12
6932,7897,Home Loan,1748341.55,13.35,Active,2023-09-25
6933,1510,Auto Loan,416192.88,8.78,Active,2025-01-16
6934,693,Auto Loan,504337.32,14.42,Active,2023-06-26
6935,5313,Personal Loan,141648.16,8.68,Active,2023-02-13
6936,4454,Home Loan,2786645.13,9.18,Overdue,2022-07-30
6937,4440,Education Loan,284791.64,10.45,Active,2022-03-29
6938,8962,Personal Loan,120039.08,9.21,Closed,2023-05-27
6939,628,Personal Loan,93936.58,10.52,Closed,2025-12-02
6940,7152,Auto Loan,245351.73,9.67,Overdue,2024-11-15
6941,9006,Home Loan,2117609.57,13.74,Active,2023-01-19
6942,5158,Education Loan,290511.19,8.61,Active,2024-11-30
6943,5407,Home Loan,1797432.9,11.33,Active,2022-02-24
6944,6456,Education Loan,752469.83,9.3,Overdue,2023-11-23
6945,4370,Home Loan,1249844.39,9.31,Active,2024-05-19
6946,9324,Auto Loan,322409.82,15.85,Overdue,2025-07-02
6947,9844,Auto Loan,579849.13,8.95,Active,2022-10-26
6948,3863,Home Loan,1186632.7,12.31,Active,2025-07-14
6949,5463,Home Loan,2779192.02,11.65,Active,2022-12-11
6950,7378,Personal Loan,231281.59,8.65,Overdue,2024-03-21
6951,6457,Education Loan,419569.8,9.53,Overdue,2025-06-02
6952,4673,Home Loan,2553877.16,9.59,Active,2024-02-22
6953,1687,Auto Loan,802977.32,10.97,Active,2024-06-06
6954,4981,Personal Loan,336686.19,9.52,Closed,2024-06-24
6955,7334,Personal Loan,306659.15,8.66,Active,2025-05-25
6956,5807,Home Loan,2263975.53,12.29,Active,2025-09-13
6957,6623,Personal Loan,287917.68,8.81,Overdue,2025-05-27
6958,2068,Home Loan,2348664.97,12.93,Closed,2023-02-06
6959,4338,Education Loan,465349.82,14.86,Active,2025-02-27
6960,4383,Education Loan,648264.27,8.29,Closed,2024-10-19
6961,6502,Auto Loan,331619.23,10.69,Closed,2022-10-16
6962,9983,Auto Loan,498078.03,6.61,Overdue,2024-01-27
6963,4299,Personal Loan,338099.48,11.44,Active,2025-06-28
6964,326,Education Loan,386851.75,8.73,Active,2024-07-25
6965,9899,Auto Loan,698990.26,11.93,Active,2022-11-23
6966,1977,Auto Loan,427064.23,7.78,Overdue,2023-07-24
6967,5287,Auto Loan,1142141.31,11.66,Closed,2025-10-03
6968,5,Education Loan,371489.5,11.51,Overdue,2022-12-11
6969,6922,Auto Loan,448158.59,12.34,Closed,2022-01-11
6970,8915,Auto Loan,50000.0,9.66,Overdue,2024-07-15
6971,9976,Personal Loan,254460.06,10.68,Active,2025-05-19
6972,1971,Education Loan,873353.59,11.03,Active,2023-03-02
6973,4924,Auto Loan,721374.02,8.95,Active,2023-11-26
6974,1768,Education Loan,708227.59,8.01,Active,2024-08-04
6975,4851,Personal Loan,242822.32,8.91,Active,2022-05-29
6976,670,Education Loan,166257.04,9.93,Active,2024-04-28
6977,713,Home Loan,486911.19,12.85,Active,2022-07-14
6978,2215,Personal Loan,145443.38,8.43,Active,2024-03-14
6979,3504,Home Loan,2367981.98,9.71,Closed,2023-07-08
6980,4901,Auto Loan,763243.61,7.96,Active,2024-05-16
6981,280,Auto Loan,269833.63,11.68,Active,2022-10-11
6982,2726,Auto Loan,952448.26,12.39,Overdue,2025-01-18
6983,3197,Home Loan,2051060.92,11.53,Closed,2023-05-08
6984,862,Home Loan,1147581.74,12.82,Closed,2023-08-25
6985,3604,Personal Loan,413529.06,9.81,Active,2025-02-22
6986,2955,Auto Loan,495145.54,11.85,Active,2025-08-10
6987,2378,Education Loan,280662.2,14.92,Active,2025-05-16
6988,3409,Education Loan,458212.14,11.06,Overdue,2024-07-22
6989,5546,Personal Loan,285474.54,16.24,Closed,2025-09-20
6990,7554,Education Loan,630470.4,15.74,Overdue,2025-06-15
6991,1671,Auto Loan,633015.27,12.78,Active,2022-02-14
6992,1099,Home Loan,2037658.68,13.16,Active,2025-11-26
6993,4471,Personal Loan,190009.21,6.0,Active,2025-12-25
6994,5575,Home Loan,2474874.22,13.14,Closed,2024-02-29
6995,993,Education Loan,483313.79,10.35,Active,2024-11-09
6996,3349,Auto Loan,336844.95,8.59,Overdue,2025-06-01
6997,3409,Home Loan,2281672.34,14.2,Closed,2024-09-12
6998,1427,Home Loan,2779864.81,10.41,Active,2025-10-23
6999,8062,Auto Loan,568351.25,11.82,Active,2022-09-04
7000,8927,Personal Loan,357254.76,9.66,Active,2025-09-28
